:01002000E9F6
:05002800220D20FCC9BF
:070030001A22130D20FAC98A
:08004000F5E521A5C0C3800015
:20008000C5D52AB6280BE53A6E67E7E12318F3E804D1C1E1F041E60220FAF1D921A3C034B5
:2000A000200223343E01E091C380FFF041E60220FA3EC0C384FFAF01871D21A0C0CD442D4B
:2000C0003EC0E09267AF6F0EA0C32800F3E0FFAFFBE00FC9F092B7C8E0463E283D20FDC9AE
:0100F000C946
:02010000185590
:20010400CEED6666CC0D000B03730083000C000D0008111F8889000EDCCC6EE6DDDDD999DF
:16012400BBBB67636E0EECCCDDDC999FBBB9333E5469746C650079
:20014400000000000000000001000000FAA1C047FAA0C0F357583100E0D5CD6A2DCDB6002F
:20016400D17AEAA0C0FE112007AFCB3B17EAA1C0AFE042E043E041E04A3E07E04B11D40005
:200184002180FF0E0CF7CD80FF119C00CDED013EE4E047E0483E1BE0493EC0E0403E01E0C6
:2001A400FFAFE00F21A3C02277E0263CE090CDE438FBCDD711760018FCF040E680C8AFE0BF
:2001C400917600F091B728F9C921A5C02A4F2A47B1C87BB920F67AB820F2444D0B0B2A02A8
:1701E40003572A0203B220F6C921A5C02AB628032318F97A3273C93D
:0D38E400012F0021B5381127DECD4D2DC973
:202D44005F78B1C8730B545D1378B1C8CB38CB1930032A1213040C18062A12132A12130DAA
:1E2D640020F70520F4C9F040E680C8F044FE9230FAF044FE9138FAF040E67FE040C999
:200200004FE60757F8042A46D5210500E56CE56F60E5CD3432E806D1CB39CB39CB393E03BB
:2002200091DAB202060021300209094E236669E93802570276029502F8042A4F3A2B47C583
:200240003AF5337EF5337BF533D5331E06211144CD3636E806185BF8042A4F3A2B47C53A97
:20026000F5337EF5337BF533D5331E07216142CD3636E806183CF8042A4F3A2B47C53AF58C
:20028000337EF5337BF533D5331E08215344CD3636E806181DF8042A4F3A2B47C53AF53358
:2002A0007EF5337BF533D5331E09218644CD3636E806E1E804E9E8FC4FF80373213AC1063B
:2002C000000946F8072A5F56210500E56CE5D5CD3432E80678D6063068112EC1682600190C
:2002E0004E79B7285C1134C16826001933335D54D51AB7280E3DF5331E1B21D545CD36364A
:2003000033183EFA1BC1878787B0F80277C5F8092A5F3A2B57D57EF533F8083AF533597E09
:20032000CD0002C1F8072A5F561AB7281479F533F8037EF5331E1B21E844CD3636E1E1E59A
:2003400077E804E1E803E93E03211BC196D84E0600215B0309094E236669E963036B037384
:20036000037B031E0621C543C336361E07213340C336361E08213844C336361E09217844A2
:20038000C336364FD604D0213EC10600093600214AC10600093600214EC106000936FF21CA
:2003A00052C10600093600C90E00C579CD8303C10C79D60438F4C90E00113EC106006826B6
:2003C00000197EB7200279C9044878D60438EF3EFFC94F1E00213EC11600197EB7280D2159
:2003E0004AC11600197E9120033E01C91C7BD60438E3AFC9E8FDF801327B222336000E0071
:20040000F8052A5F56692600195D542142C10600097E12F8072A5F56692600195D54214646
:20042000C10600097E12F8092A5F56692600195D54213EC10600097E120C79D60438C10EFE
:2004400000F8092A5F56692600195D541AB72823214AC10600097E3D2019C5F8022AF53307
:2004600046C51E1121DB72CD3636E8035FC1F8027EB3770C79D60438C8F8027EE803E1E863
:2004800006E93B3BF80132733E01CDD203B7201DCDB703FEFF2816F80066E533F80266E507
:1004A00033F5331E1121976FCD3636E8033333C948
:2004B000476B26002929292911084019E53E01F533C533CD7430E804C9E8E8F81777F090FE
:2004D000F81077F8177ED60938023600F8177EEA1CC1F8174E06006960292909E57DF81567
:2004F00077E17CF81477114B083A6E6719E57DF81777E17CF816323A2B77F8163A2B322AD9
:2005100023322A23322A5F3A571AE0902A5F561AEA0020F8132A4F2A470359501A22131A46
:20053000771101C1D501F7C011B1C0F8172A666FCD2432F8132A666F2323232A4F4678B1C6
:2005500028056960CD2432F8177ED604C213073E01E090EA002011384AD521ED01E5CD6CE1
:2005700030E80411484AD521EE01E5CD6C30E80411584AD521EF01E5CD6C30E80411684AF7
:20059000D521EA01E5CD6C30E80411384BD521E101E5CD6C30E80411484BD521E201E5CD5B
:2005B0006C30E80411584BD521E401E5CD6C30E80411684BD521E501E5CD6C30E8041138B7
:2005D00048D521C601E5CD6C30E804116848D521C301E5CD6C30E804115848D521C201E5C8
:2005F000CD6C30E804114848D521C401E5CD6C30E804114846D521E601E5CD6C30E8041139
:200610005846D521E701E5CD6C30E804114847D521D901E5CD6C30E804115847D521DA01E9
:20063000E5CD6C30E80411E84ED53E01BFF5CD6C30E80411F84ED521D001E5CD6C30E804B4
:2006500011E84FD521F001E5CD6C30E80411F84FD521EC01E5CD6C30E804111848D521C580
:2006700001E5CD6C30E804112848D521F201E5CD6C30E8040E002178080600096E26002910
:200690002929297DC608477CCE40F8117023770600E5210200395D54E168260019E57DF8C6
:2006B0001577E17CF814322B2B2A5F56682600195D541AF8152270347E5E1600F8112A66FE
:2006D0006F195D541A5FF8153A2BB35E23666B77581C160021000039193600040478D610D1
:2006F00038AF217B080600095621000039E53E01F533D533CD6C30E8040C79D603DA860633
:20071000C3F707F8177ED606201F1E1821EE51CD36363E01E090EA002011C84CD521C501F7
:20073000E5CD7430E804C3F707F81536017EE0907EEA0020119849D521ED01E5CD7430E8D8
:200750000411A849D521EE01E5CD7430E80411984FD521EF01E5CD7430E804119847D52156
:20077000EA01E5CD7430E804F81636187EE0907EEA00201E803EE1CDB0041E813EE2CDB0F0
:20079000041E903EE4CDB0041E913EE5CDB0041EA03EE6CDB0041EA13EE7CDB004F8157E4E
:2007B000E0907EEA002011984AD521D901E5CD7430E80411A84AD521DA01E5CD7430E80416
:2007D00011C84CD521C501E5CD7430E80411B84AD521F201E5CD7430E80411C846D521ECA7
:2007F00001E5CD7430E8043E01E090EA002011A84DD5218101E5CD7430E80411A84ED52130
:200810009101E5CD7430E80401A84FC521BA01E5CD7430E80411A84CD521A101E5CD743026
:20083000E804118844D521B101E5CD7430E804F8107EE0907EEA0020E818C90ADA5F00006B
:200850000B004000000C00400000152440004016994000400ADA5F0000183A5108511D00AD
:20087000400A401700406B41A3A4A5CECFDFE8F0F090F80E77212FDE7EB728057ED62E3854
:20089000043EFF1834212FDE7ED62538057EC6DB1827FA2FDEF80F777EF800223600D1D580
:2008B0002101007B955F7A9CF803327B22CB3E2BCB1E23CB3E2BCB1E7EF80F77FA0EC1D6BF
:2008D00004C29A09F80F7EF800223600D1D56B6223E57DF80477E17CF803322A4F4669604D
:2008F00029092909290929290929092909292909290929092909E57DF80477E17CF80377FE
:20091000FA30DEF802AE2B2B77FA31DEF803AE2B2B322A23322A2377CB3E2BCB1E23CB3E84
:200930002BCB1E23CB3E2BCB1E23CB3E2BCB1E23CB3E2BCB1E2B2B2A23AE2B4F2ACB413E94
:200950000920023E07210FC1777ED607201A3E15E090EA00201101C1D501F7C011B1C0CD9E
:200970002440CD0040C3BD0A3E18E090EA00201101C1D501F7C011B1C0CD3A51CD08511E1E
:200990001821EE51CD3636C3BD0AFA0EC1D603C2BD0AF80F4E060003030369602929292910
:2009B00029092929290929292929097D442130DEAE234F78AE475950CB3ACB1BCB3ACB1BC8
:2009D000CB3ACB1BCB3ACB1BCB3ACB1BCB3ACB1B79ABF8022278AA77010000782101C19690
:2009F000301E3EF7806F3EC0CE00675E7BD604280CD55916002106003919D10C730418DB57
:200A100079B7CABD0AAF47F8022A5F56CDF12621040039097EEA10C12110C14E06006960A3
:200A30002909290901B1C0094D44110700D511E9C0CDFE282110C14E060069602909290929
:200A500001B1C00923234E060069602909295D544B423EFFB93E009830043EFF18017BEA54
:200A7000EBC02110C14E0600696029092909E57DF80477E17CF8037711B1C03A6E671933C7
:200A9000335D54D521030019E57DF80477E17CF803322A5F561AF80F77CB2611ECC07E123C
:200AB00021EEC036001E1C216741CD3636F80E7EE0907EEA0020E810C9E8F7F808322B7BF1
:200AD000227A227EB720053E04C3080CF8087ED63120053E08C3080CF8087ED62E3E001737
:200AF0004FCB4120053E07C3080CF8087EB72804CB4120043EFF181AF8087EFE253804C6A7
:200B1000DB180FF8084EAF470BCB38CB19CB38CB1979F803772A22AF322A4F4669602929B4
:200B30002929292929292909292909E57DF80677E17CF805223A2BAEF80177F8073A2BAE3A
:200B5000F802772A2322AF327EF801AEF804322BAFAEF805322B3A22AF322A5F566B622383
:200B700033334D44C56960290929292929092909292909290929292909E57DF80477E17C8C
:200B9000F803223A2BAE2323223A2BAE2323327EF80177F8057EF80277CB3E2BCB1E23CB3D
:200BB0003E2BCB1E23CB3E2BCB1E23CB3E2BCB1E23CB3E2BCB1E23CB3E2BCB1E23CB3E2B7C
:200BD000CB1EF8047EF801AEF804227EF802AEF805322A5F56010300CDF126F802792270BC
:1F0BF000F8022A5F56210B0C19E57DF80677E17CF805322A5F561A77E809C9000102002C
:200C0F00FA1BC13D20040E021811FA1BC1FE022804D60320040E0318020E04FA3DC181C9D7
:200C2F0003030102000202000101010100000202020001030101000004010100000501027A
:0D0C4F00000006010100000701010000087F
:0B38B500FF0014001400010101393075
:200C5C00D51A4F131A472132DE792270E1E523232A4F462134DE792270D1D5210400192A73
:200C7C004F462136DE792270D1D5210600192A4F462138DE7922703333C916005C081F19BB
:200C9C001F32FAADC3B7C821B0C33603C9FAADC3B72849FA3BDA21AEC34E81E043FA3DDA32
:200CBC0021AFC34E81E0423E68E045F040F620E0403E90E04AFAB0C3B7282E11960CD5AFBA
:200CDC003CF5CD8327E80421B0C3357E201B1132DED5AF3CF5CD8327E804180DAFEAB0C378
:200CFC00E043AFE0423E08E045CD1E251E11214A53C33636FAADC3B728053E68E04AC9F076
:200D1C0044D610300BAFE043AFE0423E68E045C9F044D677300E3E68E04AFAFBC2B7C83E18
:200D3C0077E045C9F044D67F300AFAFBC2E0433E7FE045C9AFE043C9F33E40E0413E08E097
:200D5C004511A90CCDED0111100DCDD330FBC9F311A90CCDCD0111100DCDD930AFE041FBCC
:200D7C00C9F33E40E0413E08E04511A90CCDED0111100DCDD330FBC9F040E67FE040AF6783
:200D9C002E20E53E20F533AF0FF5CD1232E805AF672E20E53E20F533AF0FF5CDB12DE805B3
:200DBC003E01E04FAF672E20E53E20F533AF0FF5CD1232E805AF672E20E53E20F533AF0F9C
:200DDC00F5CDB12DE805AFE04F0E001100C069AF67292919AF22770C79D62838EEF040F6AC
:040DFC0080E040C98A
:0838C000000008211042FF7F07
:200E00007BE60747CB3ACB1BCB3ACB1BCB3ACB1BF33E02E0702100D0197E5F3E01E070FB6E
:200E20007B04052804CB3F18F9E601C97BE607473E01040528030718FA4FCB3ACB1BCB3ABD
:200E4000CB1BCB3ACB1B2100D019F33E02E0707EB1773E01E070FBC9F33E02E0702100D0C7
:200E6000018004AF220B78B120F93E01E070FBC97BE60747CB3ACB1BCB3ACB1BCB3ACB1B0C
:200E8000F33E02E0702180D4197E5F3E01E070FB7B04052804CB3F18F9E601C97BE60747B0
:200EA0003E01040528030718FA4FCB3ACB1BCB3ACB1BCB3ACB1B2180D419F33E02E0707E07
:200EC000B1773E01E070FBC9F33E02E0702180D4018004AF220B78B120F93E01E070FBC9A9
:200EE000F33E02E0702100D0197E5F3E01E070FB7BC97BE60747CB3ACB1BCB3ACB1BCB3A30
:200F0000CB1BF33E02E0702100D9197E5F3E01E070FB7B04052804CB3F18F9E601C97BE612
:200F200007473E01040528030718FA4FCB3ACB1BCB3ACB1BCB3ACB1B2100D919F33E02E0A1
:200F4000707EB1773E01E070FBC9F33E02E0702100D9018004AF220B78B120F93E01E07079
:200F6000FBC9AFEA51C4EA52C4C9FA51C4C93BF800774B427E2151C496302211B1C3F8000E
:200F80006E2600195D541A020101C4F8006E2600094D440AF8035E23666B771809AF02F853
:200FA000032A666F360033E1F1E9FA52C4C9CD620F210EC17EB7C87ED605DA580EC9E8EECF
:200FC000F80D3273210EC17EB728057ED6053806CD620FC38C11F80D4E0600F8147EF80EF7
:200FE00022AF322A5F5679935F789AF8013273F80E2A666F09E57DF80477E17CF80377F84A
:201000000C4E0600F80E2A5F5679935F789AF80532737EF81077F8057EF81177F80E2A66DE
:201020006F09E57DF80877E17CF807322A23322A2377AFEA51C4EA52C4C1C5CB782805AF3B
:20104000F8002277F8102ACB7E28042BAF2277F8023E5F96233E009E3007F8023E5F22AF1A
:2010600077F8083E5F96233E009E3007F8083E5F22AF77F8104E06006960290929292929B0
:20108000294D44F80A792270F8102A4F46F8082A917E9856785FCB7B2807CB7A2008BF180B
:2010A00005CB7A280137DA8C11F8007EF81077F8017EF81177F8027EF80E223600F8147EC3
:2010C000B72827F8047E912005237E90280BF8067E912016237E902011F81034200223341C
:2010E000F80E2A5F3A571B7B2272F80E5D54F8101A1396231A9E1A57CB7E2807CB7A2008F3
:20110000BF1805CB7A2801373870F80E5D54F8101A1396231A9E1A57CB7E2807CB7A2008F3
:20112000BF1805CB7A2801373850F8102A5F56F80A2A666F195D54C5D5CD000ED1C1B72016
:2011400030C5CD2C0EC12151C47ED650301E3EB1865F3EC3CE0057F8107E123E012151C4A3
:20116000865F3EC4CE005779123418052152C43601F8103420942334189003F80A2A5E2B72
:20118000C660577BCE00722377C38D10E812E133E94F210EC17EB728057ED60538033E01B2
:2011A000C96B26005D54291929292929290600095D54C3000E013EC11E006B260009360096
:2011C000214AC11600193600214EC116001936FF1C7BD60438E4C9E8EF2127DE36FFAFEAC9
:2011E00028DEEA02C1CD6A2DFAA0C0D6112003CD7129F040F640E040CD7829CD402F118448
:2012000032D5CD232FE1210300E5CD5C30E1F090F810773E01E090EA0020110840D52180FD
:2012200080E5CD6C30E80411C84DD5218A01E5CD6C30E804112849D521D501E5CD6C30E88F
:201240000411B84ED521C101E5CD6C30E80411B84FD521D401E5CD6C30E804015849C521DC
:20126000D601E5CD6C30E804111000D51193DCCDFE2811B849D521F401E5CD7430E80411A4
:201280001846D521FD01E5CD7430E804112846D521FE01E5CD7430E80411884AD521F50135
:2012A000E5CD6C30E80411884BD521F301E5CD6C30E80411784AD521C701E5CD6C30E80421
:2012C00001C84BC521FA01E5CD6C30E804C521FA01E5CD7430E80411884ED521EB01E5CD41
:2012E0006C30E80411884FD521D701E5CD6C30E804017845C521DC01E5CD6C30E804C521D5
:20130000DC01E5CD7430E80411784BD521DB01E5CD7430E804018849C521F701E5CD6C30C8
:20132000E804C521F701E5CD7430E804018848C521FB01E5CD6C30E804C521FB01E5CD74AC
:2013400030E804019848C521F601E5CD6C30E804C521F601E5CD7430E80401B84AC521F27F
:2013600001E5CD6C30E804C521F201E5CD7430E80401C84CC521C501E5CD6C30E804C52136
:20138000C501E5CD7430E80411C84AD521F101E5CD7430E804111847D521CD01E5CD6C3076
:2013A000E804119847D521EA01E5CD7430E804119849D521ED01E5CD7430E80411A849D53F
:2013C00021EE01E5CD7430E80411984AD521D901E5CD7430E80411A84AD521DA01E5CD74BC
:2013E00030E80411984FD521EF01E5CD7430E804110848D521E101E5CD7430E804111848C5
:20140000D521E201E5CD7430E804110849D521E401E5CD7430E804111849D521E501E5CD32
:201420007430E80411084AD521E601E5CD7430E80411184AD521E701E5CD7430E8041110E6
:2014400000D501C84E210200395D54CDFE2821000039E521F801E5CD6C30E80421000039B3
:20146000E521F801E5CD7430E804111000D501C84F210200395D54CDFE2821000039E521BD
:20148000F901E5CD6C30E80421000039E521F901E5CD7430E804F8107EE0907EEA0020AF4F
:2014A000E043AFE042F040F601E040F040F680E040CD540D1E1121D046CD3636CDB511CDFE
:2014C000AD1E3E03CDCC00FBF0044F0600F0041E002121C1712377FA27DE2128DE9620180F
:2014E000FA27DE3C2005EA28DE180D2127DE7EB7200636FFAFEA28DEFA28DE2127DE96CA9C
:20150000BB15FA27DE4FFA28DE2127DE775E3E0A93DABB15160021201519195E23666BE954
:20152000361540154A156D15771581158B159515A915B3159F151E0321CB70CD3636187B3B
:201540001E03210F6BCD3636187179FE03286CFE042868FE052864FE062860FE07285CD6F3
:201560000A28581E02214765CD3636184E1E03218C60CD363618441E0321264CCD3636188D
:201580003A1E0321515CCD363618301E0321D66CCD363618261E03218166CD3636181C1EF2
:2015A00003217656CD363618121E03214B6ECD363618081E03211F70CD3636FA27DE4F3EEE
:2015C0000A913875060021D01509094E236669E939163916E615F71502160D161816231635
:2015E000F11539162E161E0221BD65CD3636C3D714CDBD01C3D7141E03219262CD3636C39D
:20160000D7141E03216E4CCD3636C3D7141E0321D05DCD3636C3D7141E0321296ECD363694
:20162000C3D7141E0321FB66CD3636C3D7141E0321B456CD3636C3D714CDBD01C3D714E81E
:0216400011C9CE
:20164200AFE01A0E003E30815F3EFFCE00572181160600097E120C79D61038E93E80E01A86
:20166200C90507062107063907064407065907066B07067B07068307069007079D070E0181
:2016820023456789ABCDEFFEDCBA9876543210FA54C4B7280D215DC4347E0F3802AFC93E60
:2016A20001C9FA60C4B728033E01C9FA5EC4215FC4462BC6644F78CE007123770E00FA5E55
:2016C200C45F215FC4567BD6737ADE00380E2B7BC68D477ACEFF7023770C18E279C97AB3E3
:2016E20020093E08E0123E80E014C9AFE0103E3FE011FA54C4B73E7720023E75E0127BE05F
:20170200137AE607F680E014C9CB3ACB1B4B7AC60447C97AB32003E01CC9CD0B173E20E04E
:201722001C79E01D78E607F680E01EC93E08E0173E80E019C93E08E0123E80E014AFE01C21
:20174200C93BF090F80077FA53C4B7205B3E04E090EA0020215AC43AB628232156C43AB6F0
:20176200281C0132416EFA56C4672B094E060069602909110040192A4E5F51CDE016215C71
:20178200C43AB6287A2158C43AB6287301AE462A666F2B094E060069602909110040192A1E
:2017A2004E5F51CD151718573E12E090EA0020215AC43AB628212156C43AB6281A0141418F
:2017C2002A666F2B094E060069602909110040192A4E5F51CDE016215CC43AB6282121583D
:2017E200C43AB6281A2A464F0B21024D094E060069602909110040192A4E5F51CD1517F8DC
:20180200007EE0907EEA002033C93E22E0203EF2E0213E36E0223E80E023C93E24E0203E23
:20182200C2E0213E62E0223E80E023C94F3E10E0203EC3E021791E03CDE126692600114CBE
:2018420018197EE0223E80E023C9383C483E3FE0203E6B216EC4864F3E18CE00470AE021CB
:201862003E68E0223E80E023C9716151413121216FC47EB7280135FA6FC4B7C0FA6EC4D6F1
:2018820006D0CD4F18216EC434216FC4361EC9AFEA60C4FA64C4EA55C4FA65C4EA56C4FA41
:2018A20066C4EA57C4FA67C4EA58C4FA68C4EA59C4FA69C4EA5AC4FA6AC4EA5BC4FA6BC416
:2018C200EA5CC4FA6CC4EA54C4C34317E8F8F8067B2272F8062A5F3A2B571A777EB7CAA94A
:2018E20019FA60C4B7CAA9192163C43AB6C27519FA61C4D60A3806CD9118C3A9192161C466
:201902004E060069602909E57DF80477E17CF803322A5F5621631619E57DF80677E17CF859
:2019220005322A5F561AF80222131A222A5F562102001933335D54D51AF804772161C434FC
:20194200F8033AB6200A3E08E0123E80E014181AAFE0103E3FE0113EC5E012F8022AE0133B
:201962002A23777EE607F680E014F8047E2162C4223600F8062A5F561A4F06002162C479A7
:201982009623789E3808FA62C44F2163C4462162C47E91227E9877F8062A5F3A571A915E13
:2019A20023666B77C3D518E808C9E8FDF80277F8027EB7CA471B215AC43AB6C21F1BFA5328
:2019C200C4B7C26E1AFA54C4B72820FA55C44F2156C44679D6F378DE0138102BAF2277AF49
:2019E2002157C42277AF215BC422773E322155C486234F3E418E470AFEFF202EFA54C4B774
:201A02002804AF4F18043EF30E012155C42271FA54C4B72804AF4F18043EEB0E012157C4EE
:201A22002271AF215BC4227718854F0600696029094D44210040092A6EC55F55CDE016C10C
:201A420021014009237E2159C42236002155C43420022334FA55C44F2156C44679D67C78D5
:201A6200DE05DA1F1B2BAF2277C31F1BFA54C4B72820FA55C44F2156C44679D61678DE044A
:201A820038102BAF2277AF2157C42277AF215BC422773E412155C486234F3E418E470AFE70
:201AA200FF203CFA54C4B72804AF4F18043E160E042155C42271FA54C4B72807AFF80022C6
:201AC200771807F8003ED0223602F8007EEA57C4F8017EEA58C4AF215BC42277C3B1194FB2
:201AE2000600696029094D44210040092A6EC55F55CDE016C121014009237E2159C42236B1
:201B0200002155C43420022334FA55C44F2156C44679D6C178DE0B38042BAF2277F8024E91
:201B220006002159C4799623789E3808FA59C44F215AC4462159C47E91227E9877F8027E78
:201B42009177C3B119E803C9E8FDF80277F8027EB7CA641C215CC43AB6C23C1CFA53C4B758
:201B620020663EAE2157C486234F3E468E470AFEFF2015FA54C4B72804AF4F18043EEB0EE2
:201B8200012157C4227118C54F0600696029094D44210040092A6EC55F55CD1517C121015E
:201BA2004009237E215BC42236002157C43420022334FA57C44F2158C44679D6ED78DE043B
:201BC20038782BAF227718723E022157C486234F3E4D8E470AFEFF2023FA54C4B72807AF91
:201BE200F80022771807F8003ED0223602F8007EEA57C4F8017EEA58C4C34F1B4F060069F0
:201C02006029094D44210040092A6EC55F55CD1517C121014009237E215BC422360021574E
:201C2200C43420022334FA57C44F2158C44679D65278DE0838042BAF2277F8024E0600212D
:201C42005BC4799623789E3808FA5BC44F215CC446215BC47E91227E9877F8027E9177C3AB
:201C62004F1BE803C93B3BFA6DC4B728073333C37118186FFA70C4B728202171C47EB728A4
:201C82000135FA71C4B720123E032170C496CD2E182170C4352171C43606F090F80177FAAF
:201CA20053C4B720093E04E090EA002018073E12E090EA0020CD9116F80077FA60C4B728A6
:201CC20007F8005D54CDCE18FA60C4B7200CF8007ECDAC19F8007ECD4A1BF8017EE0907E89
:201CE200EA00203333C9F004E603CA1D18C30C183E18E0203EA4E0213E21E0223E80E0238B
:201D0200C93E80E0163ED2E0173E40E0183E86E019C9AFCD2E182170C436022171C4360660
:201D2200C93E40E0163EB3E0173ED0E0183E87E019C93E80E0163EF1E0173EE0E0183E873A
:201D4200E019C92154C43601AF2157C42277AF2155C42277AF215BC42277AF2159C422773B
:201D6200AF215EC42277AFEA5DC4EA60C4AFEA6DC4EA70C4AFEA71C4C9AFEA54C4FA53C4CD
:201D8200B720122155C43EF32236012157C43EEB22360118102155C43E162236042157C488
:201DA2003ED0223602AF215BC42277AF2159C42277AF215EC42277AFEA5DC4EA60C4AFEABF
:201DC2006DC4EA70C4AFEA71C4C9B73E012001AFEA53C4C9FA53C4C9F004212FDE864FFAC0
:201DE20030DE472131DE5ECB3BCB18CB3BCB18CB3BCB18CB3BCB18CB3BCB1878814F7ECBE0
:201E0200370FE60781E601CDCC1DC37B1DB72816216DC43601AFEA6EC4EA6FC4AFEA70C4E1
:201E2200EA71C4C33717AFEA6DC4EA6EC4AFEA6FC4EA70C4AFEA71C4C34317CD3717216D0C
:201E4200C43601216EC43606AFEA6FC4EA70C4AFEA71C4C9FA60C4B7C0FA54C4B7C0FA6DF0
:201E6200C4B7C0FA55C4EA64C4FA56C4EA65C4FA57C4EA66C4FA58C4EA67C4FA59C4EA681C
:201E8200C4FA5AC4EA69C4FA5BC4EA6AC4FA5CC4EA6BC4FA54C4EA6CC4AFE01CAFEA61C454
:201EA2002162C422772160C43601C93E80E0263E77E0243EFFE025CD42163EFFE01BCD2EE4
:191EC200173E08E0123E80E014AFE01CAFEA53C4CD451D11671CC3ED0137
:201EDB00F004C96B62F0044F9671C9E8F8F807327B227ED606D2871FF8074EAF47CB21CBD0
:201EFB0010217EC40933335D54D51AF80222131A322A5F567BD6FF7ADEFF30182B2A5F56F2
:201F1B006B6223E57DF80677E17CF80532D1D52A12137E122172C4094D4459501AF80222FE
:201F3B00131A7711FFFF3A6E677B955F7A9CF805327B22233A2B5F16002A937E9A30093E2A
:201F5B00FF02033EFF021811F8067EF8025E23566F2600197D02037C02018AC4F8076E261D
:201F7B0000094D440AF8069630027E02E808C93B3B4FD6063019AF47CB21CB10217EC40990
:201F9B005D541AF80022131A77F8013AB62003AF180E2172C4092A6EC1C55F55CDE8267936
:201FBB003333C94FD6063802AFC9218AC40600097EC90E00692600295D542172C419AF227D
:201FDB0077217EC419AF2277218AC406000936000C79D60638DEC9E8F7F8077B2272F004D6
:201FFB00F80222F04422F00477696029092909290929094D44F8072A5E814F7B88F80571FF
:20201B002377F8024E060069602929292929292929097D5CF8044E2B0600814F7B88477EB7
:20203B00F800223600D1D56B6229192919095D542929292929E5F8077EE1AD4FE5F8087E15
:20205B00E1AC47CB3ACB1BCB3ACB1BCB3ACB1B79AB4F78AA47E809C9C5D5CD002EE1C1CD36
:20207B00D52D7BC51E28CDE12679C102F8022A4F46CDD52D7BC51E28CDE12679C102F80493
:20209B002A4F46CDD52D7BC51E28CDE12679C102E1E804E9E8FBCDF21F5950F8004D442137
:2020BB00020039E521030039E5CD7320F8002A4FAF47032A2322AF322A5F566B6229291972
:2020DB00292929094D44F8022A22AF322A5F566B62291929292919292929292929097D4F5C
:2020FB0044B42003010100E805C94F7B9130037993C97B91C9E8FCF803327B322B36FFF8A4
:20211B000D2A666F36000E007921F3C89630772156C10600095E7BB728692152C806000910
:20213B007EF801772169C806000946C558F8037ECD9111C1B7284CC5F8053A2B5F7ECD0528
:20215B002157C1C5D5F8065E78CD05216FD1C17D9230035A18015DF8067E93381F7BF800DE
:20217B0096302073F8072A5F2A5779122A5F56F8017E12F80B2A5F5678121807F80D2A66CF
:20219B006F36010C1882F8007E3C3E012001AFE804E1E809E9E8FD4FF090F800773E01E02E
:2021BB0090EA0020F80546AFCB208FCB208FCB208FCB208FF801702377AF6967292929296A
:2021DB00010840094D44F8012A666FE5CDFE28F8007EE0907EEA0020E803E133E93B47F861
:2021FB000073F0904F3E01E090EA0020F8035E16006B622929292911084019E5F8027EF525
:13221B0033C533CD6C30E80479E0902100207133E133E965
:20222E004B426F1180002C1804CB3ACB1B2D20F9F8027E87576A2600097EA32E0120022EFB
:20224E00007A3C814F3E0088470AA33E022001AFB5E133E9808182838485868788898B8C2A
:20226E008D8E8F909192939495969798999A9B9C9D9E9FA0A1A3A4A5A6A7A8A9AAABACADB5
:20228E00AEAFB3B5E8FDF8017323725F0180001C1804CB38CB191D20F9F8057E875F3CF8BB
:2022AE000077F806461600F8012A666F195D541A6FCB4028057DB1121804792FA512F80009
:2022CE002A5F16002A666F195D541A6FCB4828057DB1121804792FA512E803E1F1E9E8F185
:2022EE00F090F80E773E01E090EA00201E0021B8241600196EAF6729292929010840094D09
:20230E00446B2600292929297DC690577CCEC4D5211000E55A57CDFE28D11C7BD60638CE25
:20232E001E0021BE241600196EAF6729292929010840094D447BC606CB37E6F0C690573E2A
:20234E0000CEC4D5211000E55A57CDFE28D11C7BD60638CEF80E7EE0907EEA002011000374
:20236E00D5110000D51150C5D5CD3432E806AFF80B2277F80B7EF80277F80C7EF80377CB7C
:20238E003E2BCB1EF80B7EF80477F80C7EF80577CB3E2BCB1E23CB3E2BCB1E23CB3E2BCB74
:2023AE001EAFF80D2277F80D2A4F46CB38CB19F80971F8027EF80A322A4FCB39CB39CB3956
:2023CE003A2BCB3707E61F5F87838781227EE607227EE607322B4EAF696729292929119082
:2023EE00C4195D54F80A3AF5337ECD2E22F80677F80D2A4F46CB38CB19CB38CB19CB38CB6D
:20240E0019F8047E5F8783878781F80A77F80D7EE607F80777F80B7EE607F80822233A22B5
:20242E00AF327EF8002236003E04F800CB2623CB163D20F6D1D52150C519E57DF80B77E1AB
:20244E007CF80A77F8062A23F5333AF5332A235E2356CD9222F80D3420022334F80D2A4FCF
:20246E004679D66078DE00DAB423F80B3420022334F80B2A4F4679D62078DE00DA81230E8F
:20248E000069AF67292929291150C5195D542162220600097ED52601E533F533CD6C30E85C
:2024AE00040C79D63038DAE80FC9C0C1C2C3C4C5D0D1D2D3D4D5E8CFF090F8307711300018
:2024CE00D5016222210200395D54CDFE283E01E090EA00200E00591600210000391946584D
:2024EE0016007BC6806F7ACEFF672929292911084019E53E01F533C533CD6C30E8040C79A6
:10250E00D63038D2F8307EE0907EEA0020E831C92D
:20251E00FA50C8B7C8FA51C84F3CEA51C8791E0CCDE126692600114B25197EC6504F21982F
:20253E00C071233620219CC071233688C9000102020100FFFEFEFF00004218C8108E2996BC
:20255E004A800848014422D832021884114E090A4344000221D0119A2A062000410C621A84
:20257E00734020C808044A54530810843812511C5A82200C305421DE3A04009200C8111C02
:20259E00234620D000D8119E4AC0108A20160A5A5384080E11C649D84246184C1108491CB0
:2025BE0053C2184A299241DA6A02084C105209583A0001883084229633C420C21990125C0E
:2025DE005B081804399449DE7204108E2048329A6280284A018652587B4208803910419A34
:2025FE0032C020CC08C8591E4388000231D419D27206081011CA50DC4AC2084A20062A583E
:20261E003B042088115239167340108C2844225C634800C43896211A7B86204E090852DEA2
:20263E003A02110C181412985B44084649D221966A0A20C41916415E53C600C240921ADCC5
:20265E0059C81084305422DA7A00180A0906625E5B42198C30883A1A7B8600402156125450
:19267E00734428CE10C6591C4B08088221D618DA6A80180E384A2A1E4368
:20400000FF7FB5564A29000000002A00500005005200290014000A00BAFE7CFE387C6C54E6
:204020007C54547C547C547C0068001C083C1C080800080008001C00003C18000018181884
:204040000018181800183C0000002C0042000000320000008C00600000007E00BF6EFF008E
:20406000BF6ABF6EBF6EFF0002FDE70003C300C300C3C300C2C102C17E2A7E2A7E2A7E2AE3
:204080007E287E207E00000000030207040E481C30183000480080008100DB007E10FF248F
:2040A000BD087E005A0042002400DB007E107E243C08FF005A00C3003030D0F060F01818F2
:2040C0000D0F0303060606061E3E0E5E02220C0C1E3E0E5E1E3E0E5EF0F080F0E0E092F67A
:2040E00095BF95BD95BD9ABE000000001E1E49DBAEFEA9BBA9BB49DB010F03000500090057
:20410000000000000000000002FDFF0037DF20DF20DFFF00E6FD02FD547C647C547C547C5C
:20412000107C54FE8A7C643800B40058081C1C080800080008001C0006D608281C7C0C3C8B
:20414000147C0C3C147C0EFE006C24BF018B007E08CD81C5003C082F1C003E005D22413EAC
:20416000771C5D36361C1C0002FDFF183CFF3CFF3CFBFF383EFD3EFD3333555544447C44E3
:20418000FE7CFF44FF7CFE4414150C0E031C0E001500200040008000002481BDC356C32CD6
:2041A000FB3C7A3C303C00240024003C2814526EFBBDFB3CF33C8124000000000000181833
:2041C000243C102C0834003C0000EFEFDFDFDFDF8ACF00AA004500006600D966916E817E86
:2041E000423C2418100808006000D060986088704C3028101C00080000000000000000008D
:2042000000000000000000000270FF00314821DE22DDFF00C62902FDAAFE7CFE387C6C5433
:204220007C54547C547C547C20200014003E107CAD4AB5105A083C0018183C3C183C1800B2
:2042400000181818183C3C0000000020000200000040000100000010F66FB66BB66B600606
:20426000B77BB55BB55B0330080D0252282D005020227E0018003C00000000000000010E88
:20428000031C07380F70EA00000000000018180024184A3C523C3C001C203C426A0048012E
:2042A000542336003C0014003C3C7E7E7E62F2CC741E413E003E001C00001818243C427E34
:2042C0002C52007E344A007E000000002C182C18837E463C2C18180040C042C642C640C06F
:2042E00046CF42C642C67AFE0000307040C046CEE9FB5EDE48D846CE000000000000000019
:20430000000000000000000055FFAB7E56BDAD5A5AA5BD427E81FF00547C547C547C547CCA
:20432000547C54FED67C6C384A6A002D005A1038AD4AB5105A083C0018183C3C5A1824004A
:204340003C001824423C241800800001002000080000004400100000060F060B060B600691
:20436000B77BB55BB55B0330000000000000000000007E0018003C008181427E18662D5B1E
:20438000A4CA1866427E8181000018002C1818002C18261C730E7E00A2A280BE1488009CBC
:2043A00008803E805D80148000001C003D00621C741EC03EC03EA01C00003C3E7D7F48491E
:2043C00054553036203C405408000C08360C333E013E320C04080800000070F08E9F69F98F
:2043E0001E3FE8F9081908180A1E0A1EEAFE8A9ECADE8A9EEAFE0000888857DF256D577F78
:204400008C94040C0000000000C0EE004EBD44BBFF006CDB24DBFF0000E800F200E800F0BE
:2044200000E800F200E900F000000000000000000000000000000000FEFE7C7C008200FE55
:2044400000FE827C827C7C000000FF00910049FF49FF00FF847B8400AC5F08FE08C0C8D4CF
:20446000C82508C78BC78BC67CFE007E0400040204FA00FEFCFEFCB6070307010708081CEE
:2044800010382070C060C000000000003C1C623E4E30563A443A641A0000F0005C007E0098
:2044A000CE080C101D120E18F0005C00FE000E080C1030201A242C303E3E2A2AD4F65DDD7B
:2044C000227F143E495D167FFF004A3C241818003C086E147E00FB043C3C427E99FFA5FF1E
:2044E000A5FF18E7423C3C0000007E00FF7EAB7E817ED52A7E0000007F00AB7EBDC20FFA8F
:20450000B54AD72AA15E760C12EDFF00CEBD44BBFF006DDB24DBFF0000000800FF00440002
:204520007F0088002D520001202000200000202022202520FA7070008104420C75081C2067
:204540000C1018243E40F7085A5A2C2C36365E5E7A7A2C2C56566C6C8BC60BC54BC748C740
:2045600008C787C080C03FC0F8AEFCD6FCFEDCFE00FEFC000000FE00201010081008201C06
:20458000201CC03F3C283C3C00001FE700FFCF34043C0C34003C3C002060202020202222C0
:2045A0003E3E3E3E10081008047C20FE2CD29210203020606060F0F0484800101018080C49
:2045C000283C3466083400180C0C121212120C0C20205050202000000000E0E0495B5D7FB1
:2045E000495B495BE9FB000000000000D1F31B3F95BF1133D1F300007E006E1C463C6E1C01
:20460000463C6E1C463C7E00304E18E76E91C93624DB36C9DD22225C404030403E403F40AB
:204620000040004000406060404038403F403E4000400040004060606C93344A106E18244E
:204640001824102C38463CC300181030103020602260246024E048C40018080C080C0406ED
:204660004406240624071223001E003F211E3E002A404A10520052003C7C007C007C100064
:2046800010001000100018180000001F1F000B0417082F10FF00F70000001C1C3E3E5D7F89
:2046A000495D084914772A2A005A003C243C007E6699429981FF7E42101000204060283856
:2046C000527A3C36182C00180020207E5AFF6CFE387E7CFE2C7E003C00008080818195B55D
:2046E00095B595B5C9D90000001F163F227F60F773FF6EFF38FF037C0C1C1838107C003E41
:20470000221C0438087030407AFF36C981FEDE7FEE3111FF7B8C847BFEFE01FF00FF00FEB5
:20472000180000180018E618897629894986008F09860080008000800000000000200020D5
:20474000006420442452768944C842CC20E050B0A058D428F80070002213423304070A0DDA
:20476000051A2B141F000E00000000FF00FF00FF00FFFF00FF0081007E3E413F403F403107
:2047800040204000400040000103020104000800100020004000800000364163BDBFA4A458
:2047A000191925254444828200A50042005A182400189840008888701212141C080C5456F2
:2047C0003836004C1068083077774F7FB6FEFDFF5D7F3B7F5E7E203802000700020000042A
:2047E000000E4004E00040000A051F00350050009000150F133C0F70A050F80054000A00CC
:204800000900A8F0C83CF00E00001C003F003708310E3805180418040000000000000000A7
:2048200010083508720DE8170000000020205434E61ACC338D729966001C1C221E213E41C8
:204840007E817E816A815481000000000000000092926DFE21DF04FB525A0C7E245A245ED6
:20486000207E89F700FF20DF043C001C24380038241C001C243800383C3C427EBDC3EF99FC
:20488000E799FF817E423C3C427E3C423C423C423C425A24241818000000000000004020F6
:2048A00000E0417F687C54002400423CC33C813C243C003C005A0042000000002424081822
:2048C0001018242400000000810042002400000000002400420081007E7EFFFFFF115B93A2
:2048E000EFEF7A6F387C54541F602F70137C037F245B0837020D0102F806F40EC83EC0FED2
:2049000024DA906C40B08040180418043804300838043804180418040800100C340A7A05B0
:204920003E00750AFA05001808001804340A18043A047C030008000804000C00040005003F
:204940000A056E05D56EB76E00080204C403E2C4A6C8EFC2F5EEBBEEFFFFFFFFCFFFFFFF7F
:20496000FFFF9FFFFCFFFFFFFFFFFFFF3FFFFEFFFFFF7FFFFEFFF3FF7E3E4E3E463E4206EC
:20498000024604440040C0005400FE54827CAA5454001000100030001C3C999995B50A5E05
:2049A000282810102838444C1C3C5A5A14340A5EA9A991912A3A48583C3C5A5ADBDBFFFF83
:2049C000BDBDDBDB66663C3C280081A0207072F820720A2FA0020200006600EFEEBA203064
:2049E000407000000038183C00000001000300060004000C0018001000E000701028083475
:204A0000001E040B020502051804180430087008601030083804180400000000000000185B
:204A20000814300C7C0000000000000000000038182424587E000000FFFFF8FFC0F880C047
:204A400080C080C4C0E280C0FFFF7BFF10FB00100000000000200000FFFFFDFF78FD10F8C6
:204A60000010000400400000FFFFFFFF1BFF011B0103010301070307007F7E817EC17E81DA
:204A80007EC140BF3EFE007F3F3F7E7F7E4A7E7E7E547E6E7A7E4C6E00001818242444446E
:204AA0004242A9A981817E7E000000000C0C32324242A9A981817E7E0000000040C022664A
:204AC000143C52F6246CC3C7008142420000000000000000424200810062009500004040A3
:204AE0000018183C001800000010003008701C600478235C78877F800102010201020502F5
:204B00000403F90603FC8F700000000000000000000000000000000000000000828280808D
:204B200000002020020200000010001000840084001000100042004280C080C080C0C0E005
:204B4000C0E0C0F8F0FFFFFF00000000000000020000006464FFFFFF000000000010000237
:204B60000000003030FFFFFF03070103010B01030307070F0FFFFFFF100038107C1010108A
:204B800010101038101000283C3C1818181818182C345E62BFC17E7E047C50A804FC3038E1
:204BA000247C3039303E0028047C50A804FC303844FD303A303C0028000000000000000037
:204BC0000000000000000000000000222028181C183804160040000000000000770088008E
:204BE0008800770000000000718EBF40B34C23DC847BA956A04EAA00FF006699E6198E7128
:204C000038C7E11E01ECAB0002020303010103030302070607040F0C04040C0C8888989854
:204C2000B8A8B8A8F8C8F8C80000000000008080434361606160F1900000000000000000AB
:204C40008080F0F0F8D8D8880000000000000606848440406060616100000000000000002E
:204C600000007070F8C8C080030703170307010303470307070F03070000000004041C1C6E
:204C8000B83850302040108000000000009191D5DBFFFFFFAAFFFFFF18002C18423C42180A
:204CA000423C837ED52AAB54000000600038003C08361C623E553F40101030306060FFFF97
:204CC00006060C0C080810101C1C222248489494A2A29A9A42423C3C000000007700C84059
:204CE00088607700000000000F0F3F347F607F407E417F407C437F40E0E0F0307888FC044A
:204D00003EC2FE021EE2FE020D081810181038303020000000000000D888180819091D0DAA
:204D20000C04000000000000C9C8F9F8FD84850403020100000000009898F0F0F090B989FF
:204D40009D858E8207010200F191C9C8FCFCFC8484040101818080808080E0E0F818180811
:204D60003838F8C0E0000000002000200060004000600030001000201C1E0C0E0C0E181CE9
:204D800030386030204000800000424281818181A2FF7E62283428342C525AA5AD10B10887
:204DA0005A0024184224C3003C4248B746B9209DFD9D601E44226611000000000000000006
:204DC0000000000000000000C3C3818100000000000000008181C3C3000000007700E86004
:204DE000887077000000000078477F407F4F7F407F5F7F005F5F40400EF2FE02FFFBFF01A4
:204E0000FFFDFF01FFFF010101007F00FF7FC17F817F837F877C8D7AC080F000F8709870AC
:204E20008870E870F81038E0F8078F805540B8105C02ED045D004B02030303E1E410380088
:204E4000900828044C8284020909060608080501080018003000FF1E0038384454921818CF
:204E600018187070C0C0FE380C08101813302F7017782578127C137C3838140C940CE21ED5
:204E8000C23E4A3E8A7E907EC240A12250144808441422021D4183801C1C6A6ABFBF7E7E98
:204EA000BDBDA9A9000010103D4118654C3B300C3C1C6816C6218300100018003C007A0426
:204EC0003D007C00B6086912000000000000000000006A6A00005656000000007700FE7675
:204EE00088777700000000000707090E101F213E605F516E605F417EE0E010F0887804FCCD
:204F0000867A0AF6867A02FE817E413E413E350A2B14010A1104010028F050E030E040E07D
:204F200020E060E020E000E07B008778FF009B66A15EFF00A35EA15E04028281424122210A
:204F40002320111009080504F26F817FA45B8976817E857AB946817E46FCAAD442BC02FCBC
:204F600012EC2AD442BC02FC107F007F003B0013000000030000000314FE08FE049C08888F
:204F80008808008088080080000030307E7ACEC80686068606C60C7C00000202010101315F
:204FA0002D115E029CE054003C502854592734083C1C300C6C124600B5482A1045180018BB
:204FC00000180018001C003E00000000000000000000545481812A2A000000000000000049
:204FE00000000000000000005C77556A5C77417E605F516E605F7F7FBA6E2AD6BA6E02FE02
:20500000867A0AF6867AFEFE000102030405060708090A0B0C0D0E0F101112131415161780
:2050200018191A1B1C1D1E1F202122232425262728292A2B2C2D2E2F303132333435363780
:2050400038393A3B3C3D3E3F404142434445464748494A4B4C4D4E4F505152535455565760
:2050600058595A5B5C5D5E5F606162636465666768696A6B6C6D6E6F707172737475767740
:2050800078797A7B7C7D7E7F808182838485868788898A8B8C8D8E8F909192939495969720
:2050A00098999A9B9C9D9E9FA0A1A2A3A4A5A6A7A8A9AAABACADAEAFB0B1B2B3B4B5B6B700
:2050C000B8B9BABBBCBDBEBFC0C1C2C3C4C5C6C7C8C9CACBCCCDCECFD0D1D2D3D4D5D6D7E0
:2050E000D8D9DADBDCDDDEDFE0E1E2E3E4E5E6E7E8E9EAEBECEDEEEFF0F1F2F3F4F5F6F7C0
:08510000F8F9FAFBFCFDFEFFCB
:208000007BE63FC9118004D5110000D5113AC9D5CD3432E80601BACD1E006B260029093EF6
:20802000FF2236FF213ACE16001936FF1C7BD64038E8017ACE1E006B260029093EFF2236D1
:20804000FF21FACE16001936FF1C7BD64038E8C9E8F4F80A3273F80E4E060069602909293D
:20806000292929294D44F8096E2600094D7CF8027123322A5F56CD0040F80477F8053EFF0B
:20808000322B2B2A4F46CB38CB19CB38CB19CB38CB19213AC9094D440A5FF8027EE6075701
:2080A0003E01141801871520FCB302F80B3600F8047EF80B86F808322BE63F772A22AF3285
:2080C0007EF80022AF32CB2623CB16D1D521BACD19E57DF80977E17CF808322A5F3A571A2E
:2080E00022131A327EF80296201AF8087EF803962012013ACEF8066E2600094D44F80A7EC1
:2081000002C38D41F8072A4F4679D6FE200E783C200AF8057E3C2004F8063A7779A03C20B6
:2081200039F8057E3C2808F8057EF80B771806F8067EF80B77F80B4E69AF67297DC6BA5FC1
:208140007CCECD57F8022A12137E123E3A814F3ECECE0047F80A7E021833F80B347ED640D7
:20816000DAAF40F8057E3C2824F8057E0E0087CB11C6BA5F79CECD57F8022A12132A231255
:20818000113ACE6E2600194D44F80A7E02E80CE133E9E8F8F80F4E06006960290929292964
:2081A00029294D44F80E7E1E00814F7B88F800712377D1D5CD0040F80277C1C5CB38CB19D3
:2081C000CB38CB19CB38CB19213AC9094D440A5FF8007EE607573E01141801871520FC2F9D
:2081E000A3020E00F8022A81E63F775E1600CB23CB1221BACD19E57DF80677E17CF8053228
:208200002A5F2A571A22131A322A5EA33C282DF8067EF80096201FF8077EF801962017F879
:20822000042A666F3EFE2236FF113ACEF8036E26001936FF18060C79D64038A8E808C9E878
:20824000F6F8124E06006960290929292929294D44F8117E1E00814F7B88F8027123322A0F
:2082600023E63F2236FFF8093600F8047EF809862B322BE63F772A22AF327EF80022AF325D
:20828000CB2623CB16D1D5217ACE19E57DF80977E17CF808322A5F3A571A22131A327EF82D
:2082A0000296201AF8087EF80396201201FACEF8066E2600094D44F8107E02C34743F807E2
:2082C0002A4F4679D6FE200E783C200AF8057E3C2004F8063A7779A03C2039F8057E3C286F
:2082E00008F8057EF809771806F8067EF80977F8094E69AF67297DC67A5F7CCECE57F802F5
:208300002A12137E123EFA814F3ECECE0047F8107E021833F809347ED640DA6A42F8057EB8
:208320003C2824F8057E0E0087CB11C67A5F79CECE57F8022A12132A231211FACE6E2600A9
:20834000194D44F8107E02E80AC9E8F84F6B26005D54291929292929290600094D7CF800E0
:208360007123322A23E63F770E00F8022A81E63F775EAF57CB23CB12217ACE19E57DF806EE
:2083800077E17CF805322A5F2A571A22131A322A5EA33C282DF8067EF80096201FF8077EB3
:2083A000F801962017F8042A666F3EFE2236FF11FACEF8036E26001936FF18060C79D640FA
:2083C00038A8E808C9F8083AF5333A5F7ECD5040C91B2B3B3BF8087ED60A380501010018F4
:2083E00045FAFAC2F800223600F8087ED6072807F8087ED6092014C1C5696029092909293B
:20840000092909292909294D44181BF8084E060069602909290901B1C00923235EAFC1C504
:20842000573333C38C283333C9F8067ED60A38033E01C9F8064E060069602909290901B109
:20844000C0092323235EAF21FAC24E060057CD8C2859503EFFBB3E009A30033EFFC979C9E0
:20846000F004EA81CFAF2182CF22222277C9E8FCF0044F2181CF96F80022AF2222772182B2
:20848000CF2A5F567BF80086235F7A8EF52183CF32732184CF2A5F56F804F17B8E235F7A59
:2084A0008E2185CF32732181CF712182CF2AD6662ADE062ADE007EDE00382B2B2B2B2A5F7B
:2084C000567BD6665F7ADE06F532732184CF2A5F56F17BDE005F7ADE003273213ACF7EEEA9
:2084E00001773E011801AFE804C9E8FAF80D4E06006960290929292929294D44F80C7E1E14
:2085000000814F7B88F800712377D1D5CD0040F802770E00F8022A81E63F775EAF6B67290A
:2085200011BACD195D541AF80422131A77F8042A5EA33C20043EFF1826F8047EF8009620D3
:2085400016F8057EF80196200E113ACEF8036E2600194D440A18080C79D64038B73EFFE8A2
:2085600006C9E8FA4F6B26005D54291929292929290600094D7CF8007123322A23E63F772B
:208580000E00F8022A81E63F775EAF6B6729117ACE195D541AF80422131A77F8042A5EA35E
:2085A0003C20043EFF1830F8047EF800962020F8057EF8019620180122C911FACEF8036E1E
:2085C0002600195D541A814F3E0088470A18080C79D64038AD3EFFE806C9CD62453C3E0127
:2085E0002801AFEE01C9CDD52D7BE6016F260011D143197EC9E8F5F8033617AFEAF3C8EA3D
:208600003ADE0E002153CF060009360021C5C8060009360021DCC80600093600216ACF064F
:20862000000936000C79D61738DA210EC17EB7CA9F4A7E3DCA9F4AFA0EC1D605CA9F4AFAE0
:208640000EC1D604C2D147FA0FC14FF8003E01223603213ADE3601F80A3600CDD52D7B21D9
:20866000AAD95E1D1DC5CDE12679C13CF80277CDD52D43FAABD9C6FBC55F78CDE12679C164
:20868000C603F80377F80822AF322A5F566B6229192929292929E57DF80677E17CF8057739
:2086A000F8022A235F16002A666F19455CF806782273CB3E2BCB1E23CB3E2BCB1E23CB3EB1
:2086C0002BCB1E2A5F562186CF195D541A47F8037E5F87838787878787F80877F80286E6A4
:2086E00007F809773C1802CB383D20FBCB40CA6F47F8062AF8097EF55FF13C1802CB3B3D3A
:2087000020FBCB432069F8022A2347045816002A666F195D54CB3ACB1BCB3ACB1BCB3ACB38
:208720001B2186CF197EF8097778F8088623E60747F56EF13C1802CB3D3D20FBCB45282FD3
:208740002106D4195E041802CB3B0520FBCB43201EF8027E21ACD9962009F8037E21ADD91A
:2087600096280CF8023A2B77F8033A2B771809F80A347ED664DA5B461152C8F8002A121188
:2087800069C87E122180C87977F5331E0221D343CD3636332197C87922702156C1360121B9
:2087A000C5C8360021DCC83600216ACF36012153CF3601F8013AF5335EAFCD5040F8002A09
:2087C0005F1C7EF533AFCD504021F3C83601C39F4AFA0EC1D603200ECDD52D7B1E06CDE1C1
:2087E00026F803711812FA0EC1D606200B1E1721AA46CD3636F80377F80A3600F80A7EF84C
:208800000396D26649F8093600CDD52D7B21AAD95ECDE126F80471CDD52D7B21ABD95ECD60
:20882000E126F80571FAACD9F804962009FAADD9F80596CA5749F8053A577E5FD51E02218B
:208840003858CD3636E1B7CA5749F8053A577E5FD51E0221EA44CD3636E13CC257493E5256
:2088600021F3C8864F3EC8CE0047F8047E023E6921F3C8864F3EC8CE0047F8057E0211802F
:20888000C821F3C86E260019E57DF80977E17CF80877CDD52DF809732101C17EB728035EF5
:2088A00018021E01F8097ECDE12669260011F7C0197EF8075E23666B77FA0EC1D60320159F
:2088C0003E8021F3C8864F3EC8CE00470AD6042004FA10C102FAF3C8F80822AF32CB26236D
:2088E000CB162B2A5F562197C819E57DF80877E17CF807771180C821F3C86E260019E57D04
:20890000F80A77E17CF809322A5F561AF5331E0221D343CD363633F8062A666F7922703E24
:208920005621F3C8864F3EC1CE00473E01023E53864F3ECFCE0047AF023E6A864F3ECFCE4A
:2089400000473E0102F8053AF5335EFAF3C8CD504021F3C8341809F809347ED664DA094877
:20896000F80A34C3FC47FA0EC1D603C29F4A4FCDD52D7BC521AAD95ECDE126F80A71C1CD39
:20898000D52D7BC521ABD95ECDE126F80B71C1FAACD9F808962009FAADD9F80996CA984A88
:2089A000C5F80B3A577E5FD51E02213858CD3636E1C1B7CA984AC5F80B3A577E5FD51E0272
:2089C00021EA44CD3636E1C13CC2984AF8082A233C7721AAD996D2984AC5F80B2A577E5F79
:2089E000D51E02213858CD3636E1C1B7CA984AC5F80B2A577E5FD51E0221EA44CD3636E10F
:208A0000C13CC2984A3E5221F3C8864F3EC8CE0047F8087E023E6921F3C8864F3EC8CE00AD
:208A200047F8097E023E8021F3C8864F3EC8CE00473E08027E26006F291197C819E53E08AC
:208A4000F5331E0221D343CD363633E17922703E5621F3C8864F3EC1CE00473E01023E5314
:208A6000864F3ECFCE0047AF023E6A864F3ECFCE00473E0102F8093AF5335EFAF3C8CD50DB
:208A800040F8092AF5335EFAF3C8CD504021F3C834213ADE360118070C79D664DA6F49E8FB
:208AA0000BC94F4379D617D03E53815F3ECFCE005778B73E012001AF12C94FD6173802AF39
:208AC000C92153CF0600097EC93B3B4F0600F800360079F8049630047E91180479F80496C6
:208AE000F801777BF8059630047E9318047BF805965779F80496300406011808F8047E91C1
:208B0000300206FF7BF805963006F8003601180AF8057E933004F80036FFF8017E92380ECB
:208B200078B7281AF8062A5F567980121810F8007EB7280AF8082A4F467BF8008602333335
:208B4000E1E806E93B4FF80073C55E79CD155A5FC17B3C280CF8057E3C2806F8057E932072
:208B60001BF80A2A5F56D5F80A2A5F56D5F8083A575ED5F8065E79CDC94A18521600F80677
:208B80002A666F195D541A473C201BF80A2A5F56D5F80A2A5F56D5F8083A575ED5F8065EA8
:208BA00079CDC94A18285816006B622919291186D8195D54131A46F80A5E2356D5F80A5EBC
:208BC0002356D5F533C533F8065E79CDC94A33E1E809E9E8FB4FF803737ED65F3E0017F8E4
:208BE000002279D65F3E001777F8043600CDD52D7B0707E6035FF8027922467BB72007B61D
:208C000028044605182E7B3D200CF8007EB72806F8034604181E7BD602200AB12807793DCA
:208C2000F80277180F7BD6032031F8017EB7282B23793C77C5C533F8057EF5331E0221384E
:208C400058CD3636E1C1B72812F8072A5F56F8027E12F8092A5F5678121808F804347ED67A
:208C600004388AE805E1E804E9E8F1F80C327B227EF8119630067EF80C961806F80C7EF8DC
:208C800011964FF80B7EF8129630067EF80B961806F80B7EF81296579138014AF80C7EF84C
:208CA0000077F80B7EF8012236FF3E01913815F8142A4F46F8117E02F8162A4F46F8127EA6
:208CC00002C31F4EF80D36FFF80E36FFF80E7EB720062B7EB7CAE04DF8117EF80A77F80E2F
:208CE0007EF80522079F77F80A7EF80722AF322A5F56F8052A666F19E57DF80B77E17CF813
:208D00000A327EF80377F80A7EF80477F8127EF80A77F80D7EF80522079F77F80A7EF807F5
:208D200022AF322A5F56F8052A666F19E57DF80B77E17CF80A77F8037EF80777F8047EF829
:208D40000877CB7EC2E04D2B2AD6607EDE00D2E04D232A4F46CB78C2E04D79D66078DE005D
:208D6000D2E04DF8037EF808222A22237EF8089630067EF80C961806F80C7EF80896F80951
:208D800022233A9630042A961804F80B3A964FF8099630014E79B72847F8137E913841C57F
:208DA000F80C3A2BF5337EF5331E02213858CD3636E1C1B7282AC5F80C3A2BF5337EF533CB
:208DC0001E0221EA44CD3636E1C13C201379F80296300D71F8087EF80077F80A7EF8017746
:208DE000F80E343E0196D2CC4C2B343E0196D2C84CF8027E3C2814F8142A4F46F8007E022D
:208E0000F8162A4F46F8017E021814F8162A5F56D5F8162A5F56D5F80F2A5F7ECDD34BE87B
:208E20000FE1E807E9E8E60180C8F8206E2600094D440AF5331E02212944CD363633F816B3
:208E400077FA29DEF81777FA2ADEF81877FA19C1B72839F0041E64CDE126792119C196301B
:208E60002BF8023E44223E4F223E44223E47223E45223600210200393E05F533E51E052164
:208E80000250CD3636E8033E01C3BA4F2117C17EB7281D4E06003E64914F9F9047F8165E26
:208EA000AF57CD8C285950016400CDE826F81671F8164EF8023E59223E4F223E55223620FA
:208EC000F8193605F806362DF8167ED664382F4EC51E6479CDDC2679C1C630F807771E64B3
:208EE00079CDE126F8193607C51E0A79CDDC2679C1C630F808771E0A79CDE1261822F8163E
:208F00007ED60A381BF8193606F8164EC51E0A79CDDC2679C1C630F807771E0A79CDE126A7
:208F2000F8195E46041600210200391979C6307758160021020039193600210200393E054F
:208F4000F533E51E05210250CD3636E803F8164E06002129DE799623789E3016F8164E06D0
:208F600000FA29DE212ADE5E2B914F7B987123771806AF2129DE2277212CDE3AB6283A2A0B
:208F80004F46696029094D44F8177EF80077F8187EF80177D1D56B62292919297995789C8D
:208FA0003017FA29DE6FFA2ADE675D54292919297995789C3803CD9E0CAFE81AC9E8BAF864
:208FC000443273CDDB1EF80277F8432A5F7ECD155AF83577210300395D54F8357ECDB75AB8
:208FE000AFEA52CFF8453600F8457E21F3C896D2E1541156C1F8456E260019E57DF83877F5
:20900000E17CF837322A5F561AF84277B7CADB541152C8F8456E260019E57DF83A77E17CBB
:20902000F839322A5F2A571A771169C8F8456E260019E57DF83D77E17CF83C322A5F2A572B
:209040001A7711DCC8F8456E260019E57DF84377E17CF842322A5F561AB7280A2B3D5E2338
:20906000666B77C3DB5411C5C8F8456E2600194D440AB728733D02F83A7EF8449630067ECC
:20908000F83A961806F83A7EF84496F84177F83D7EF8439630097EF83D96F842771808F8E9
:2090A0003D7EF843962B77F8423A4F9630042A771803F84271F8427E3DC2DB54FA52CFFE8F
:2090C00017D2DB54F842772152CF34113BCFF8426E260019E57DF84377E17CF842322A5FE9
:2090E00056F8457E12C3DB54F83A7EF83377F83D7EF834771180C8F8456E260019E57DF816
:209100004077E17CF83F322A5F561AF842774E0600696029092909E57DF84377E17CF842FC
:209120007711B1C03A6E67193333E5F8007EF84077F8017EF841771153CFF8456E2600195A
:2091400033335D54D51AB7203EF8447EF83A9630067EF844961806F8447EF83A96F84222F0
:209160007EF83D9630067EF843961806F8437EF83D96F84286FE0DD2DB54F83D5EF83A7E70
:20918000CD9111B7CADB54F83E2A5F561AD609204FF8432A474EC5F83F7EF533F83D7EF5EF
:2091A000331E18211B52CD3636E8043D2032F8334D44F8402A5F56210600195D541AB72847
:2091C00003571802160321340039E5C5D533F8482A575ED5F8445EF8417ECD694CC3B05236
:2091E000F8402A5F56210500194D440A4F3E0391DAB052060021FF5109094E236669E907C8
:20920000522D5242528352F8344D44F8335D5421030039C5D5E5F83B7EF533F84A2A575EA5
:20922000D5F8465EF8437ECD444BC3B052F8344D4421330039C5E5F8415EF83E7ECDD34BB9
:20924000186ECDD52D7B0F3025F8344D44F8335D5421030039C5D5E5F83B7EF533F84A2A20
:20926000575ED5F8465EF8437ECD444B1842F8344D4421330039C5E5F8415EF83E7ECDD37A
:209280004B182DF8402A5F56210600194D440AB720023E0347F8335D5421340039E5D5C502
:2092A00033F8482A575ED5F8445EF8417ECD694CF8337EF83A962009F8347EF83D96CADB00
:2092C00054F8343A477E4FC51E0221EA44CD3636E14F3C2807F8457E91C2DB54F83E2A5FBC
:2092E000561AFE072808FE082804D609201DF8332A3C66E533F5331E0221EA44CD3636E1BB
:209300004F3C2807F8457E91C2DB54F8337EF844962034F8347EF84396202CF83E2A5F56AB
:209320001AD6092007FA23C1B7C2DB542152CF7ED617D2DB544E3479C63B4F3E00CECF476C
:20934000F8457E02C3DB54F8343A477E4FC51E02213858CD3636E1B7CADB54F83E2A5F566F
:209360001AFE072808FE082804D6092016F8332A3C66E533F5331E02213858CD3636E1B77E
:20938000CADB54F83D7EF533F83B7EF5331E02219241CD3636E1F83E2A5F561AF84277D63C
:2093A00007280EF8427ED6082807F8427ED6092014F83A7E3CF83D66E533F5331E02219246
:2093C00041CD3636E1F8382A5F56F8337E12F83B2A5F56F8347E123A477E4FC51E0221AE98
:2093E00056CD3636E1D602C2AF54FA3ADEB7C2AF54F8362A666F3600116ACFF8456E260054
:20940000194D440AF84277B7CA8854FA2FDEF84277F83F22AF322A5F562101007B955F7AAE
:209420009CF842327B222B2A4F4669602909E57DF83F77E17CF83E77F8457ECB3707E61FBF
:20944000F84277F83F22AF322A5F56F83D2A666F19E57DF84377E17CF842322A5F5621B761
:20946000C119E57DF84177E17CF840322A5F561A4FF8457EE607473E01041801870520FCFE
:20948000B1F83F5E23666B77F8457EF5331E1121B546CD3636332184C17ED617303D4E34C1
:2094A00079C66D4F3E00CEC147F8457E02182CF8343AF5335EF8467ECD5040F83E2A5F5682
:2094C0001AFE072808FE082804D609200EF8332A5F1C7EF533F8467ECD5040F84534C3E853
:1994E0004FF8025D54CDDE1E5FAFCDE61EFA52CFB73E012001AFE846C9F9
:0138C80000FF
:2094F900E8FC4FF8027B22360079B7284B2B3A2B223600D1D56B6229192929292929410500
:2095190058160019CB3CCB1DCB3CCB1DCB3CCB1D1186CF197EF80177F8023A5F87838787C6
:2095390087878780E6075F461C1802CB381D20FBCB402004F803360179D65F304BF8023A3C
:209559002B223600D1D56B6229192929292929410458160019CB3CCB1DCB3CCB1DCB3CCB71
:209579001D1186CF197EF80177F8023A5F8783878787878780E6075F461C1802CB381D2080
:20959900FBCB402003F80334F8027EB7284546056826005D5429192929292929591600199D
:2095B900CB3CCB1DCB3CCB1DCB3CCB1D1186CF197EF80177785F8783878787878781E60766
:2095D9005FF801461C1802CB381D20FBCB402003F80334F8027ED65F304546046826005DAF
:2095F900542919292929292959160019CB3CCB1DCB3CCB1DCB3CCB1D1186CF197EF801772D
:20961900785F8783878787878781E60747F8014E041802CB390520FBCB412003F80334F819
:20963900037EE804C9E8FDF802734F06006960292909290929092929290929092929092972
:20965900094D44F8023A2B223600D1D56B6229192929291929291929292919291979AD4FA1
:2096790078AC477921AFD9AE234F78AE475950CB3ACB1BCB3ACB1BCB3ACB1BCB3ACB1BCB97
:209699003ACB1B79ABE6074F060079B7B03E012801AFE803C9F8074E0600696029092929E0
:2096B9002929294D44F8066E2600095D544B42CB38CB19CB38CB19CB38CB192186CF096E0A
:2096D9007BE6075F3C1802CB3D3D20FBCB452002AFC92106D4094E1C1802CB391D20FBCBBB
:2096F900413E02C03E01C9E8FDF802327B3236000E007921B1D996302521B2D906000946F6
:20971900F8027E90201221C6D906000946F8017E902005F8007E18080CF8007118D43EFF81
:20973900E803C9FAF0D9B7C8F8062A4F2A47FAEED9022A4F46FAEFD9023E01C90E0059215C
:20975900C5C21600197E3C281C21CDC216001946F8067E90200F21D5C216001946F8077E32
:2097790090200279C91C7B4FD60838D33EFFC9F8067E21ACD996200CF8077E21ADD9962049
:20979900033E01C9FAF0D9B72813F8067E21EED996200AF8077E21EFD9963E01C8AFC9F859
:2097B900073A577E5FD51E02218857CD3636E1B728033E01C9F8073A5F7ECD00573C280381
:2097D9003E01C9F8073A577E5FD51E02215557CD3636E13C3E01C0AFC9F8067ED608D00141
:2097F900C5C26E26000936FFFA2FDE3DC6855F3E00CEC1571A4FF806463E01041801870550
:2098190020FCB112C901C5C21E006B26000936FF21DDC216001936001C7BD60838ECC9F893
:20983900074E06006960290929292929294D44F8066E260009CB3CCB1DCB3CCB1DCB3CCB10
:209859001D1186CF194EF8073A5F878387878787874680E60747041802CB390520FB79E625
:2098790001C9B720033E23C9D6023E30C83E2EC9B72006FAA7D9C680C9FE022015FA3ADE11
:20989900B72802AFC9FA0EC1D60420033EA6C93E97C93DC8AFC9B720033E03C9D6023E04CA
:2098B900C8AFC97BCB37E630C603EAAED97BEE2B4F7AEE6D21AFD9712377C9E8FAF805323C
:2098D90073FAACD9F805962019FAADD9F804962011FA2FDEB7280BFA3ADEB720053E07C387
:2098F900105AF8042A5F7ECD00574F3C284721DAD90600097EF80377F004CB3707E61FF8F7
:20991900055E2B16004E06006F260019097DE6014F0600F8037EB7200E78B128053E32C3DF
:20993900105A3E22C3105A78B128053E12C3105A3E02C3105AF8042A477E4FC51E02215542
:2099590057CD3636E13C28053E38C3105AFA1CC1D604280BFA0EC1D6053004AFC3105AF8E1
:20997900047EF800223600C1C56960290929292929294D44F8056E2600095D54CDF20EB74E
:209999002803AF1872F8042A5F7ECD3E56B728043EFF1863FA2FDE4F060069602929292982
:2099B90029290929097D4C2130DEAEF80277792131DEAEF80322234E0600696029092909D2
:2099D90029292929092909290929094D44D1D56B6229291929192929291929291979AD5FF6
:2099F90078AC57F8022AAB477EAA48A95F01135AE6016F2600097EE806C92434E8F5F809E7
:209A19003273F8043EFF22223600F80A3600F80A7E21A6D996D2B15AF80A4E0600696029C2
:209A39000929E57DF80477E17CF803322A5F562186D81933335D54D51A4FF8097E9130046C
:209A590079961804F8097E91F80777F8022A5F562187D8194D440AF80377F8087EF80396AE
:209A790030077EF80896471807F8087EF803964778F8078677B720042B7E181FF8073A2B33
:209A990096300B23233A2B77F80A7EF80477F80A347EF80677C3275AF8047EE80BC9E897A5
:209AB900F866322B7B22720E0059160021000039193600F8642A5F566926001936FF0C7900
:209AD900D63038E5F8667E3CCA9B5BE5210200395D54E1F8666E2600193601F8603601F8D6
:209AF900667EF83077F8673600F8677EF86096D29B5BE5213200395D54E1F8676E26001993
:209B1900E57DF86477E17CF86377F86734F8622A5F3A2B571A774E060069602909297DC64A
:209B3900864F7CCED8470303F862792270F8607EF868770E00F8622A5F56692600195D5416
:209B59001A473C283458160021000039197EB720283601F8642A5F56682600195D54F86172
:209B79007E12F8685E347EF860771600213000391970F8687ED63030090C79D60438B6C3A7
:209B9900025BE869C9E8F5FA30DE4F2131DE466960292929292929292929092929094D445C
:209BB900FA2FDE6F26005D542919292929291929192929192919291929297DA94F7CA847DD
:209BD90079EEE14F78EEAC473333C5F8013AB6200536E12336ACD1D5CDBC58AFEA39C9CD38
:209BF9000440AFEA84C11E11216C46CD36360E002156C106000936000C79D61738F2AFEA2F
:209C19003ACFCD60441E1621F967CD363621A7D93610F8007EF80777F8017EF80822AF2286
:209C390077110000D5F8092A5F56D501ED3A11E785CD5836F802792278227B22723E0BF87A
:209C590007CB2623CB1623CB1623CB163D20F0AFF802AEF807227EF803AEF808227EF8045F
:209C7900AEF809227EF805AEF80A322B2A4F2A475E3E07CB3BCB18CB193D20F7F8077EA99E
:209C9900F80277F8087EA8F80377F8097EABF80477F80A7EF80577F8027EF80677F8037EAB
:209CB900F80777F8047EF80977F8057EF80A327EF806AEF809227EF807AEF80A320128009F
:209CD9002A5F56CDF12621A8D971F8042A5F56D5F8042A5F56D501956411355FCD58366BD0
:209CF900620C2004042001237950AD5F7AAC57012800CDF12621A9D971D1D5D5CD002EE1A7
:209D1900AFEA3CC1EA3DC1F80A3600116BC2F80A6E2600194D440AF80977B7285423114DC0
:209D3900C26E260019E57DF80A77E17CF809322A5F561AD609203AFA3DC1F80622AF322ADB
:209D59005F5621020019E57DF80A77E17CF809323A2B77F8093A2B323EFF96233E009E3018
:209D790006F80936FF1804F8082A77F8097EEA3DC1F80A347ED61E3892CDA803FA30DE5F19
:209D99002131DE56FA2FDECDC90ACDC904FA2FDEB7285EFA2FDED63120043E061853FA2F95
:209DB900DED62E38043E051848FA2FDED62538043E01183DFA2FDEF80A773A22AF322A5FB1
:209DD900562101007B955F7A9CF80832732A23E60322AF322A3DB62006F80A3603180FF8F2
:209DF900092AD603B63E0428023E02F80A77F80A7EEA0EC1CD7E08FA1CC1D602200521A73B
:209E1900D93660FA1CC1D607200521A7D93610FA1CC1D604200A21A7D9365521AED93655C0
:209E3900D1D5D51E0A215652CD3636E1FA2FDEB72042FA13C1D6C02013FAF8C2EAACD9FAAF
:209E5900F9C2EAADD92113C136FF1828FA13C13C2815FA13C1F5331E1621894FCD3636337E
:209E79002113C136FF180D3E80F5331E1621894FCD363633CDAE0FFAF0D9B7280E3E01F58D
:209E990033FAEFD95FFAEED9CDBE0F0E007921B1D996302821DAD90600097EB72004160385
:209EB9001802160221C6D90600095E21B2D90600097EC5D533CDBE0FC10C18D1CDF545CD00
:209ED9001E58FA1CC1D604CA9360FA0EC1D605CA9360CDD52D7BE6033CF80377AFF8082272
:209EF900223600F80A7EF80396D25060F8082A4F4679D6C878DE00D25060CDD52D7B21AA9B
:209F1900D95ECDE126CDD52D7BC521ABD95ECDE12679C1476826005D542919292929292968
:209F3900591600195D7CF804732377F8083420022334FAACD9912006FAADD99028A5F804E2
:209F59002A5F56CB3ACB1BCB3ACB1BCB3ACB1B2186CF197EF80677F8047EE607F80732F539
:209F79006EF13C1802CB3D3D20FBCB45CAFC5E2106D4195EF8077E3C1802CB3B3D20FBCB11
:209F990043C2FC5EC55879CD0057C13CC2FC5EC5C53379F5331E02215557CD3636E1C13C14
:209FB900C2FC5E11CDC2F80A6E2600195D54791211D5C2F80A6E2600195D54781211C5C2B7
:209FD900F80A6E2600194D44CDD52D7BC51E0ECDE12679C102CDD52D7BC51E64CDE12679FF
:209FF900C1D60C300BC51E0D21AF53CD3636C10211DDC2F80A6E260019E57DF80677E17CC8
:20A01900F805770AF5331E0D210040CD363633D60220101E0D217653CD3636F80622079F6D
:20A03900771805AFF8062277F8063A2B5E23666B77F80A34C3FC5EF80A4EFA05C1B7200FB8
:20A059000185C1FA2FDE3D6F2600093600182B1E007B913025FA2FDE3DC6856F3E00CEC1FB
:20A079006756433E01041801870520FCA2280821C5C216001936FF1C18D7FA05C1B7CA0C8D
:20A0990062F80A3600F80A7E21F3C896D20C62FA2FDE4F06000B696029094D44F80A7ECB9D
:20A0B9003707E61F6F26000911B7C1194EF80A7EE607473E01041801870520FC2BA177B704
:20A0D900CA0662231156C16E2600194D44AF021169C8F80A6E260019E57DF80677E17CF8DE
:20A0F90005322A5F561A471152C8F80A6E260019E57DF80877E17CF807322A5F561AC5339E
:20A11900F5331E02219241CD3636E11180C8F80A6E2600194D440AFE072808FE082804D6F0
:20A13900092022F8042A5F561AF809322B2B2A5F2A23571A3CC566E533F5331E022192413B
:20A15900CD3636E1C10AFE072808FE082804D6092004AFEA3ADEFA39C9D617D20662F804C7
:20A179002A5F2A571A472A5F561AC533F5331E0221B857CD3636E1B720733EF42139C986B3
:20A199004F3EC8CE0047F8062A5F561A023E0B2139C9864F3EC9CE0047F8042A5F561A02EF
:20A1B9001122C92139C96E260019E57DF80A77E17CF809771E0221E645CD3636F8085E23E4
:20A1D900666B77F8042A5F561AF808322B2A5F2A23571A322AF5337EF533FA39C9F5331E19
:20A1F90002213F42CD3636E8032139C934F80A34C39E6021E5C236FFF8137EF80377F8142C
:20A219007EF80477F8117EF80577F8127EF80677FA0DC1B7282FF8135E2356D5F8135E2323
:20A2390056D51E02213C57CD3636E804B72816F8032A5F2A571A4F2A5F561A2601E53359ED
:20A25900CDBE0F1823F8052A5F56FAACD912F8032A5F2A57FAADD912FAADD94F2A5F561A44
:20A279002602E53359CDBE0FCD0F0C47F8032A5F2A571A4F2A5F561AC53359CDBE0FF80514
:20A299002A5F2A571A0E00C6F64779CEFF702377F8032A5F561A0E00C6FA4779CEFFF809D0
:20A2B900702377F8072ACB7E28042BAF2277F8092ACB7E28042BAF2277FAAAD90600C6EC22
:20A2D9004F78CEFF47F807799623789E7857CB7E2807CB7A2008BF1805CB7A2801373005D9
:20A2F900F807792270FAABD90600C6F34F78CEFF47F809799623789E7857CB7E2807CB7A4E
:20A319002008BF1805CB7A2801373005F809792270F8093A2B46F533C5331E02214F70CDA1
:20A339003636E11E05214C6ECD363621ADC336011E05218B6DCD36361E05214D6FCD36360A
:19A35900CDBD01F8032A5F2A571A4F2A5F561A59CD687ECD620FE80BC9F3
:20A3720047FA36DA902010FA38DAF802962008FA39DAF80396282F2136DA702137DA73F8C3
:20A39200027EEA38DAF8037EEA39DA7BF533C5331E05211851CD3636E1CDBD01FA1FC15F93
:20A3B200FA1EC1CDB57EE1F1E91E1B21A145C33636E8ECF811327B2223AF2277E521020069
:20A3D200395D54E1F8136E260019E57DF80E77E17CF80D771142C1F8136E260019E57DF80A
:20A3F2001077E17CF80F322A5F561AF80C5E23666B77E5210600395D54E1F8136E260019D9
:20A412004D441146C1F8136E2600195D541A02E5210A00395D54E1F8136E2600194D4411C7
:20A432003EC1F8136E2600195D541A02F813347ED60438880E0059160021080039197EB702
:20A452002825214AC10600097E3D201BC5F8122A575ED579F5331E1121DB72CD3636E80387
:20A472005FC1F8127EB3770C79D60438C9F8127EB7280ECDBD01F8102A5F7ECDDA7ECDE9AE
:20A492007EF8133600113EC1F8136E2600194D440AB7CA3B65E5210A00395D54E1F8136E13
:20A4B200260019E57DF81077E17CF80F322A5F561AB72875E5210200395D54E1F8136E2615
:20A4D20000194D440A471142C1F8136E2600195D541A902021E5210600395D54E1F8136EB7
:20A4F2002600195D541A4F1146C1F8136E2600195D541A912833114AC1F8136E2600195D39
:20A51200541A3D2024E5210600395D54E1F8136E2600195D541AF533C533F8157EF5331EEF
:20A5320011210D71CD3636E803F813347ED604DA9764E814C9AFEA36DAEA4DDE2104C17EE2
:20A55200B7280D3600AFEA20C121ADC377C3BD01AFEA20C11E03210870CD3636CDCD1FCDD1
:20A57200BD01CD940D1E16214B6DCD36361E0E21994BCD3636AFF5331E0A21145CCD363624
:20A5920033111FC1D5111EC1D51E02219E5BCD3636E804AFEA27C1FA29DEEA2AC1FA2ADE33
:20A5B200EA2BC11E1B218B45C33636E8EBCDE231F80D77FA1EC1F81277FA1FC1F814772153
:20A5D2002ADE3AB620162102C136052128DE3608F80D7EEA20C1CDBD01C34C7021ADC37E50
:20A5F200B720253601F80D7EEA20C11E05218B6DCD36361E1621A76CCD3636CDBD01FA1F0E
:20A61200C15FFA1EC1CD687EFA4DDEB72811F80D7EF5331E1E212246CD363633F80D7721EE
:20A63200ADC37EB7281CE5F80FCB7EE12814FA20C107380E2128DE3604F80D7EEA20C1C333
:20A652004C7021ADC37EB72835E5F80FCB76E1282DE5F80FCB6EE12825FA20C1CB6F201E00
:20A672001E0521526FCD3636F80D7EEA20C1CDBD01FA1FC15FFA1EC1CDB57EC34C70FAAD79
:20A69200C3B7CA6867212FDE7EB7CA6867E5F80FCB76E1CA6867F80D7EE60F4F060078B1FC
:20A6B200CA6867FA20C12F5FF80D7EA35FFA20C1CB772808E60F201078B1280CFA1EC1EA6F
:20A6D20025C1FA1FC1EA26C1CB4B28082125C17EB7280135CB432816FAAAD906004F0BFAD4
:20A6F20025C1572E00917D9830042125C134CB5328082126C17EB7280135CB5B2817FAABD5
:20A71200D906004F0BFA26C15F16007B917A9830042126C134FA26C167FA25C16FE51E026E
:20A7320021EA44CD3636E1FEFF280DF5331E0521626FCD36363318081E05214D6FCD36366A
:20A75200F80D7EEA20C1CDBD01FA1FC15FFA1EC1CDB57EC34C70FAADC3B72861212FDE7E27
:20A77200B7285AE5F80FCB76E12852FA20C12F4FF80D7EA1CB77281F1E1E21F04BCD36362F
:20A792001E1E212F4CCD3636CDBD01FA1FC15FFA1EC1CDB57E181A213ADA347ED61E2011BB
:20A7B200AFEA27C1CDBD01FA1FC15FFA1EC1CDB57EF80D7EEA20C1CDBD01C34C70FAADC3A7
:20A7D200B7282F212FDE7EB72828FA20C1CB772821E5F80FCB76E12019AFEA3ADA1E052108
:20A7F2004D6FCD3636CDBD01FA1FC15FFA1EC1CDB57EFAADC3B7CABF69212FDE7EB7CABFB6
:20A8120069E5F80FCB6EE1CABF69FA20C1CB6FC2BF69FA27C1D6023014F806E5FA1FC1F516
:20A8320033FA1EC15FFA27C1CDB6021816F8064D44FA27C13D3DC5F5331E0D21BC4FCD36D4
:20A8520036E803FA02C1B728112128DE3608F80D7EEA20C1CDBD01C34C70F8077EB72810EF
:20A87200CDBD01FA1FC15FFA1EC1CDDA7ECDE97EF80A7EB7284DCDBD01CD0F0CF533FA1F70
:20A89200C15FFA1EC1CDBE0FCDAA0FB7280CFA1FC15FFA1EC1CD687E18260E00C5CD6A0F86
:20A8B2005FC17993301AF80B5D54C5210E0039E579CD6E0FF80E3A5F7ECD777CC10C18DCE9
:20A8D200CD620FCDBD01FA1FC15FFA1EC1CDB57EF8067EB7CAB369FA1FC15FFA1EC1CDC3D0
:20A8F200630E007921F3C89630363EF1815F3ED9CE00572152C80600097E123E08815F3EFB
:20A91200DACE00572169C80600097E123E1F815F3EDACE00572156C10600097E120C18C3FD
:20A93200FA1FC15FFA1EC1CDBD4F111FDAD51108DAD511F1D9D5FA1FC167FA1EC16FE51E37
:20A9520011210662CD3636E808FA1FC167FA1EC16FE51E13216146CD3636E14FB7200FCD9F
:20A97200BD01C5FA1FC15FFA1EC1CDDA7EC179D60220162102C136052128DE3608F80D7EBC
:20A99200EA20C1CDBD01C34C70CDBB631E0521015BCD3636CDBD01FA1FC15FFA1EC1CDB5ED
:20A9B2007EF80D7EEA20C1CDBD01C34C702136DA7EB7CA6A6A7ED605CA6A6AE5F80FCB6697
:20A9D200E1CA6A6AFA20C1CB67C26A6AFA36DA6FAFEA36DACDBD01E5FA1FC15FFA1EC1CDD2
:20A9F200777CE17DD604200FFA37DAC625EA03C12102C1360318507DD606200FFA37DAC669
:20AA12002EEA03C12102C13603183C7DD607201AFA37DAF5331E17213746CD3636332103AD
:20AA3200C136312102C13603181D7DD60320072102C1360218117DD60220072102C136042E
:20AA520018052102C136012128DE3608F80D7EEA20C1CDBD01C34C70214DDE7EB72017E552
:20AA7200F80FCB66E1280FFA20C1CB6720081E1E212F45CD3636E5F80FCB4EE1281E211ECA
:20AA9200C17EB728047E3D1803FA1EC1F812773EFFF5331E11218847CD363633E5F80FCBAB
:20AAB20046E1285BFAAAD9F81222AF322A5F562101007B955F7A9CF8113273FA1EC1F81239
:20AAD200223600F8125D54F8101A1396231A9E1A57CB7E2807CB7A2008BF1805CB7A28010B
:20AAF200373009FA1EC1F8133C771803FA1EC1F812773E01F5331E11218847CD363633E5F1
:20AB1200F80FCB56E12811211FC17EB728047E3D1803FA1FC1F81477E5F80FCB5EE1284EE0
:20AB3200FAABD9F81322AF322A5F562101007B955F7A9CF8113273FA1FC1F813223600F80E
:20AB5200135D54F8101A1396231A9E1A57CB7E2807CB7A2008BF1805CB7A2801373009FA6F
:20AB72001FC1F8143C771803FA1FC1F81477F8127E211EC196200AF8147E211FC196CADA9F
:20AB92006FF8143A2BF5337EF5331E0221EA44CD3636E1F81177F8133600FA36DAB72814AE
:20ABB200FA38DAF812962008FA39DAF814962804AFEA36DAF8117E3CCAD36CF8133E0122F3
:20ABD2003A2BF5333AF533FA1FC1F533FA1EC1F5337EF5331E1321EA43CD3636E8054FC512
:20ABF200F8137EF5331E13210E45CD363633C1B728020E01CDBD0179B72809F8143A2B5F14
:20AC12007ECD777CFA1FC15FFA1EC1CDB57EFA1FC15FFA1EC1CDC3630E007921F3C89630A4
:20AC3200363EF1815F3ED9CE00572152C80600097E123E08815F3EDACE00572169C80600EC
:20AC5200097E123E1F815F3EDACE00572156C10600097E120C18C3FA1FC15FFA1EC1CDBD75
:20AC72004F111FDAD51108DAD511F1D9D5FA1FC167FA1EC16FE51E11210662CD3636E808CD
:20AC9200FA1FC167FA1EC16FE51E13216146CD3636E14FB7200FCDBD01C5FA1FC15FFA1E4B
:20ACB200C1CDDA7EC179D602C2BC6F2102C136052128DE3608F80D7EEA20C1CDBD01C34C31
:20ACD20070F8143A2BF5337EF5331E0221AE56CD3636E147C5C533F8173A2BF5337EF5330E
:20ACF2001E1E21324ACD3636E803C1FE022013F8133601CDBD01F8143A2B5F7ECD777CC3B3
:20AD1200BC6FB7C2BC6FF8005D54D5C533F8173A2BF5337EF5331E1E218F4ACD3636E8053E
:20AD3200F80E77FA1EC1F80F77FA1FC1F81077FA1CC1D6042807FA0EC1D6053812F8143AC0
:20AD52002BF5337EF5331E16218F4ECD3636E1FA4DDEB7200DCDBD01FA1FC15FFA1EC1CD29
:20AD7200777CF8127EEA1EC1F8147EEA1FC1CD0F0CF533FA1FC15FFA1EC1CDBE0FF811362E
:20AD920000FA0EC1D6052015FA1FC167FA1EC16FE51E1D218147CD3636E1F81177FA1FC1C2
:20ADB20067FA1EC16FE51E02215557CD3636E1FEFF2803EAE5C21129DE212BDE1A13962305
:20ADD2001A9E30082129DE34200223340E007921F3C89630363EF1815F3ED9CE005721527F
:20ADF200C80600097E123E08815F3EDACE00572169C80600097E123E1F815F3EDACE00570C
:20AE12002156C10600097E120C18C3FA1FC15FFA1EC1CDBD4F111FDAD51108DAD511F1D9F5
:20AE3200D51E1121015CCD3636E806F8094D44F8055D5421010039E5C5D5C5D5E5FA1FC1E4
:20AE52005FFA1EC1CDF403F81877D1C1E1C5D5E51E1121655FCD3636E806FA0EC1D605206C
:20AE720014FA1FC167FA1EC16FE51E1D211E43CD3636E11818FA0EC1B72012FA1FC167FA4A
:20AE92001EC16FE51E1721FB44CD3636E13E0A211EC19630057EC6F61801AFF813773E06E3
:20AEB200211FC19630097EC6FAF814775618021600FAAAD9C6EC4FF81396300171FAABD92A
:20AED200C6F34F92300151FA1FC167FA1EC16FE5F8123A474EC5D533F8187EF5331E022139
:20AEF2003F73CD3636E806F8127EB72803CDE97E111FDAD51E1121FD64CD3636E1FA1FC145
:20AF120067FA1EC16FE51E13216146CD3636E1F81477CDBB63F8133600CDBD01FA4DDEB762
:20AF32002808F8103A5F7ECD777CCDAA0FB72006F8117EB7280CFA1FC15FFA1EC1CD687E56
:20AF520018300E00C5CD6A0F5FC17993301AF80B5D54C5210E0039E579CD6E0FF80E3A5FE0
:20AF72007ECD777CC10C18DCFA1FC15FFA1EC1CDB57ECD620FF8147ED60220162102C136BE
:20AF9200052128DE3608F80D7EEA20C1CDBD01C34C70F80E7EB72812FA1FC167FA1EC16FDF
:20AFB200E5F8025EF8107ECD7263F8137EB72818CDBB631E0521015BCD3636CDBD01FA1F32
:20AFD200C15FFA1EC1CDB57ECD6E44B7280DCDBD01FA1FC15FFA1EC1CDDA7EFAE5C23C2834
:20AFF20015FA4DDEB7280A1E1E215749CD363618052128DE3607F80D7EEA20C1FA4DDEB73B
:20B01200280EFA0EC1D6042031FA0FC1D609202ACDBD01FA1CC1D604200A1E16210968CD08
:1DB0320036361816FA0EC1D604200FFA0FC1D60920081E18217152CD3636E815C9AB
:20B04F00F8064EAF69672929295D54213BDA7B2272F8074EAF69672929295D54213DDA7BFA
:20B06F002272C900FFFEFEFF000100E8F3F80C732B2B2236003E03F80ACB2623CB163D20D4
:20B08F00F62B7EF80077F80B7EF80177F80C3A773A2236003E03F80ACB2623CB163D20F6D0
:20B0AF002B7EF80277F80B7EF80377F80F7EF80B773A2236003E03F80ACB2623CB163D204E
:20B0CF00F62B7EF80477F80B7EF80577F8107EF80B773A2236003E03F80ACB2623CB163D53
:20B0EF0020F62B7EF80677F80B7EF807223600FA4DDEB73E0620023E01F80977F8047EF8CA
:20B10F0000962019F8057EF801962011F8027EF806962009F8037EF80796CA2173F8005D20
:20B12F0054F8041A1396231A9E1A57CB7E2807CB7A2008BF1805CB7A280137303EF8097E4E
:20B14F000600D1D5834F788AF800712377F8045D54F8001A1396231A9E1A57CB7E2807CB66
:20B16F007A2008BF1805CB7A280137307BF8047EF80077F8057EF80177186DF8045D54F8F4
:20B18F00001A1396231A9E1A57CB7E2807CB7A2008BF1805CB7A280137304DD1D5F8042AE2
:20B1AF00666F7B955F7A9CF80B327B322A4F0600799623789E7857CB7E2807CB7A2008BF0A
:20B1CF001805CB7A280137380EF8047EF80077F8057EF801771811F8094E0600F8002A5E86
:20B1EF002B914F7B98712377F8025D54F8061A1396231A9E1A57CB7E2807CB7A2008BF18A3
:20B20F0005CB7A2801373040F8094E0600F8022A5E2B814F7B88712377F8065D54F8021A62
:20B22F001396231A9E1A57CB7E2807CB7A2008BF1805CB7A280137D2C772F8067EF80277AC
:20B24F00F8077EF803771870F8065D54F8021A1396231A9E1A57CB7E2807CB7A2008BF18F4
:20B26F0005CB7A2801373050F8022A5F56F8062A666F7B955F7A9CF80B327B322A4F0600D9
:20B28F00799623789E7857CB7E2807CB7A2008BF1805CB7A280137380EF8067EF80277F8F7
:20B2AF00077EF803771811F8094E0600F8022A5E2B914F7B98712377117270F8086E2600D8
:20B2CF00194D440A4F079F47F8022A5E2B814F7B88472A5F56D5F8022A5F3A57D5C52A5FBD
:20B2EF0056D51E11214657CD3636E808F8087E3CE607771E1121885CCD3636F8103AF53309
:20B30F007EF5331E1121EE57CD3636E1CDBD01C30B711E11217C57CD3636F8103AF5337EBB
:20B32F00F5331E1121E558CD3636E1E80DE1F1E9E8E5CDDB1EF80077F8217EF8192236007D
:20B34F003E03F819CB2623CB163D20F62B7EF80177F81A7EF80277F8227EF8192236003EEB
:20B36F0003F819CB2623CB163D20F62B7EF80377F81A7EF80477F8237EF81A773A22360090
:20B38F003E03F819CB2623CB163D20F62B7EF80577F81A7EF80677F8247EF81A773A22362D
:20B3AF00003E03F819CB2623CB163D20F62B7EF80777F81A7EF80877F8257EF81A773A223E
:20B3CF0036003E03F819CB2623CB163D20F62B7EF80977F81A7EF80A77F8267EF81A773A05
:20B3EF002236003E03F819CB2623CB163D20F62B7EF80B77F81A7EF80C223600FA4DDEB761
:20B40F003E0620023E01F80E77FA3BDAF801962043FA3CDAF80296203BFA3DDAF80396203D
:20B42F0033FA3EDAF80496202BF8232A23962007F8242A2396281DF8263A573A5FD53A5FBC
:20B44F007ECD7A70F8005D54CDDE1E5F3E01CDE61EC3E279F80FAF2277F8214EFA3BDA479D
:20B46F00213CDA5ECB3BCB18CB3BCB18CB3BCB187990F81A77F8224EFA3DDA47213EDA5E84
:20B48F00CB3BCB18CB3BCB18CB3BCB187990572033F81A7E3D3E012801AF5FB72006F81AFD
:20B4AF007E3C2020F80F36017BB72807F8217EC6141803F8217EF81077F8225EF8107ECD77
:20B4CF00CB7C1832F81A7EB7202C7A3D3E012801AF4FB7200314201EF80F360279B7280752
:20B4EF00F8227EC60D1803F8227EF81077F8215EF8107ECD3F7DAFF8192277FA3BDAF801B9
:20B50F00962019FA3CDAF802962011FA3DDAF803962009FA3EDAF80496CABD79F8193420A8
:20B52F00022334F8192A4F46AFB93E08983033F8017EEA3BDAF8027EEA3CDAF8037EEA3D9C
:20B54F00DAF8047EEA3EDA1E11217C57CD3636F8263A477E4FC51E1121E558CD3636E1C38F
:20B56F00BD79213BDA2A4F46CB38CB19CB38CB19CB38CB19F81171213DDA2A4F46CB38CB9D
:20B58F0019CB38CB19CB38CB19F81271113BDAF8011A1396231A9E3054F80E7EF81877FAF4
:20B5AF003BDAF81377FA3CDAF81477F8187EF81522AF322A5F56F8132A666F19E57DF8193F
:20B5CF0077E17CF818327EEA3BDAF8187EEA3CDAF8015D54213BDA1A1396231A9E305CF839
:20B5EF00017EEA3BDAF8027EEA3CDA184EF8015D54213BDA1A1396231A9E303F213BDA2A93
:20B60F005F56F8012A666F7B955F7A9C474BF80E5E16007B917A98380EF8017EEA3BDAF80B
:20B62F00027EEA3CDA1814F80E5EFA3BDA213CDA462B1600934F789A712377113DDAF803FC
:20B64F001A1396231A9E3031F80E5EFA3DDA213EDA462B1600834F788A712377F8035D541C
:20B66F00213DDA1A1396231A9E305CF8037EEA3DDAF8047EEA3EDA184EF8035D54213DDA19
:20B68F001A1396231A9E303F213DDA2A5F56F8032A666F7B955F7A9C474BF80E5E16007B71
:20B6AF00917A98380EF8037EEA3DDAF8047EEA3EDA1814F80E5EFA3DDA213EDA462B16003B
:20B6CF00934F789A712377F8055D54F8091A1396231A9E1A57CB7E2807CB7A2008BF1805DD
:20B6EF00CB7A280137304AF80E4E0600F8057EF81777F8067EF818322A666F094D7CF80535
:20B70F00712377F8095D54F8051A1396231A9E1A57CB7E2807CB7A2008BF1805CB7A280122
:20B72F0037306BF8097EF80577F80A7EF80677185DF8095D54F8051A1396231A9E1A57CB42
:20B74F007E2807CB7A2008BF1805CB7A280137303DF80E4E0600F8052A5E2B914F7B987164
:20B76F002377F8055D54F8091A1396231A9E1A57CB7E2807CB7A2008BF1805CB7A280137FC
:20B78F00300CF8097EF80577F80A7EF80677F8077EF81577F8087EF81677F8075D54F80BBF
:20B7AF001A1396231A9E1A57CB7E2807CB7A2008BF1805CB7A280137304DF80E5E1600F816
:20B7CF00152A666F19E57DF81977E17CF818327EF80777F8187EF80877F80B5D54F8071ADE
:20B7EF001396231A9E1A57CB7E2807CB7A2008BF1805CB7A280137306FF80B7EF80777F851
:20B80F000C7EF808771861F80B5D54F8071A1396231A9E1A57CB7E2807CB7A2008BF18051C
:20B82F00CB7A2801373041F80E4E0600F8152A5F567B915F7A984BF807712377F8075D541B
:20B84F00F80B1A1396231A9E1A57CB7E2807CB7A2008BF1805CB7A280137300CF80B7EF8AC
:20B86F000777F80C7EF80877117270F80D6E2600194D440A4F079F47F8072A5E2B814F7BC9
:20B88F0088475E2356D5F8075E23562BD5C55E2356D51E11214657CD3636E808F80D7E3C02
:20B8AF00E607771E1121885CCD3636F8263A477E4FC51E1121EE57CD3636E1CDBD01213BE1
:20B8CF00DA2A4F46CB38CB19CB38CB19CB38CB19FA3DDA47213EDA5ECB3BCB18CB3BCB184A
:20B8EF00CB3BCB18F81778223600F8117E91283EF8117E91300479C6144FF80F7E3D2026FD
:20B90F00F8107E91202078E61F5F79E61F260EE53363E533F5331E16219F66CD3636E803FA
:20B92F00F80F3600180479CDB27DF8183601F8127EF81796286BF8127EF8179630062AC6D0
:20B94F000D771804F8172A77F80F7ED6022048F8107EF818962040FA3BDAF81677FA3CDA93
:20B96F00F81777CB3E2BCB1E23CB3E2BCB1E23CB3E2BCB1E2A77E61F227EE61F2615E533F7
:20B98F00F81866E533F5331E16214B67CD3636E803F80F36001806F8187ECDFC7DF8183642
:20B9AF0001F8187EB7CA0A75CD467EC30A751E11217C57CD3636F8263A477E4FC51E112139
:20B9CF00E558CD3636E1F8005D54CDDE1E5F3E01CDE61EE81BC9E8F9F8003E02223EFE22BB
:20B9EF003EFF223E01223EFE223E012236FF0E0059160021000039197EEAAEC379C602C5B5
:20BA0F001E07CDE12659C1160021000039197EEAAFC3CDBD010C79D60738D5AFEAAEC3EAB3
:05BA2F00AFC3E807C9E8
:202D82001E03210870C33636E8F8AFF80022223E1A223E08223EDF223E20223EDF22363136
:0F2DA20021000039E5210201E5CD7E27E80CC9AB
:20BA3400E8F8F80732732A5F7ECD91115FF80A2A4F467BB72005AF02C31B7CC5F8082A5F28
:20BA54007ECD62455FC17B3C281EC5D5F80A2A577E5FD51E0221B857CD3636E1D1C1B72021
:20BA740007027BC680C31B7CC5F8082A577E5FD51E0221AE56CD3636E1F80477C1F803AF59
:20BA94002277210EC17EB728057ED6053846F8005D54C521030039E5D5F8087EF533F80DA0
:20BAB4002A577E5FD51E16215E56CD3636E807C15FB72808F8007E027BC31B7CF8017ED66D
:20BAD400023E012801AFF803322B7E3D3E012801AFF80477F8037EB728043E03180AF804E1
:20BAF4007EB73E0720023E02F80577F8027E3D2813F8027ED602C28A7BC5F8047ECD8958EE
:20BB1400C1B72072C5F8082A5F7ECDD4585FC17B3C201AF8037EB728041E03180AF8047E18
:20BB3400B71E0720021E007B02AFC31B7C7BD6072004AF02183A7BE60FD60220053E04021F
:20BB5400182E7BD6382014FA1CC1FE072804D60420043E0418023E060218157BB7200DF8A2
:20BB7400047EB73E0720023E04021804F8057E027BC680C31B7CF8027EB72066C5F8082A75
:20BB94005F7ECDF954C121A7D95EB7280CFE022808D6032804160018021601F8047A77B7CF
:20BBB4002830FA1CC1D6022025F8073A2B5F8783878783223A5F87878793878783AE213054
:20BBD400DE5EAB0F30041E6318081E531804FAAED95FF8047EB73E0120023E03027BC68083
:20BBF4001825C5F8047ECD8958F80777F8047ECDAF58C102F8057EB728034E1809F8027E3C
:20BC1400CD7B58C6E04F79E808E1C1E93B3B4F43C521020039E5F8093A5F7ECD347AC1F82D
:20BC34000177E5210101E5C53379F533CD3F37E806210000393E01E04FE5210101E5C53314
:20BC540079F533CD3F37E806AFE04FAFE04F3333E1F1E9F80366E533F80366E533CD207CC6
:20BC7400E1F1E94F43213BDA2A5F56CB3ACB1BCB3ACB1BCB3ACB1B6926007D937C9AD87B85
:20BC9400C6145F7993D0213DDA2A5F56CB3ACB1BCB3ACB1BCB3ACB1B6826007D937C9AD817
:20BCB4007BC60D5F7893D078E61F5F79E61FC53361E533CD677CC9E8FAF8043273CDDB1E5B
:20BCD400F80077FA1CC1D6042012F8032A477E4FC51E16218161CD3636E1183FF805360025
:20BCF400F8057ED60E3034113FDA6E260019E57DF80377E17CF802771154DAF8056E260024
:20BD1400194D44F8032A23862BC55F7ECD347AF8015E23666B77F8053418C5F8005D54CD09
:20BD3400DE1E5F3E05CDE61EE806C9E8FAF8043273CDDB1EF80077FA1CC1D6042012F80333
:20BD54002A477E4FC51E1621FC63CD3636E1183EF8053600F8057ED6153033113FDA6E26EE
:20BD74000019E57DF80377E17CF802771154DAF8056E2600194D44F8032A23862BC55ECD91
:20BD9400347AF8015E23666B77F8053418C6F8005D54CDDE1E5F3E05CDE61EE806C93BF841
:20BDB4000077FA3DDA5F213EDA4ECB39CB1BCB39CB1BCB39CB1BF8007ECDCB7C213DDA2A57
:20BDD4004F46CB38CB19CB38CB19CB38CB1979E61F47F8007EE61F260E68E5F5331E1621C7
:20BDF4009F66CD3636E804C93BF80077FA3BDA5F213CDA4ECB39CB1BCB39CB1BCB39CB1BE1
:20BE1400F8007ECD3F7D213BDA2A4F46CB38CB19CB38CB19CB38CB1979E61F47F8007EE644
:20BE34001F261568E5F5331E16214B67CD3636E804C91E05215D6EC3363657D51E05215D1F
:20BE54006ECD3636D17BF533D5331E1121E558CD3636E1C9E8FDF8023273CDDB1EF8007782
:20BE74001E1621646ACD36360E00213BDA2A5F56CB3ACB1BCB3ACB1BCB3ACB1B7B81C5CDE0
:20BE9400B27DC10C79D61538E1F8012A5F7ECD4E7EF8005D54CDDE1E5F3E02CDE61EE803AF
:20BEB400C93B57D5CDDB1ED1F800777ACD4E7EF8005D54CDDE1E5F3E03CDE61E33C9F80747
:20BED4003A5F7EC3B57E43C533F5331E1121EE57CD3636E1C90E00792139C9963016210BB4
:20BEF400C90600095E21F4C80600097EC5CD777CC10C18E30E0021C5C20600097E3C281387
:20BF140021D5C20600095E21CDC20600097EC5CD777CC10C79D60838DDC9C3E97E3B3BFA8A
:20BF3400ADD95FFAACD9CD777CF8014D4421000039C5E51E02213C57CD3636E804B728085B
:0BBF5400F8013A5F7ECD777C3333C9E3
:20C00000E8F8F8063273F80B3AB620080E01F8003630184DF8073600F80B3AB62840E5211A
:20C020000200395D54E1F8076E2600195D54F80734F80A7EF80377F80B7EF80432D5010A22
:20C04000002A5F56CDF126D179C63012010A00F8032A5F56CDE826F80A79227018BAF8072D
:20C060004EC5F8072A575ED5CD812FE1C14178F80C96300DC53E20F533CD112F33C10418E3
:20C08000ED79B728140D59160021000039197EC5F533CD112F33C118E8E808E1E803E93B0C
:20C0A0004B42F80077C51E057ECDE12679C18702F8032A4F46C51E05F8027ECDDC2679C164
:20C0C000873C0233E1F1E9E8FB4F214DC2060009461189C2692600197EF80377F8005D5459
:20C0E000C521030039E579CD9F40C1783C3E012801AFF804777EB728082B2B368A1E05185F
:20C100001EC5C5331E0D21204ACD363633C1C680F80277C5331E0D21364ACD3636335F21FA
:20C12000020039D5E5210101E5F8073A575ED5CD3F37E806D1F8013A4F463E01E04F7BF597
:20C14000335978CDCF28AFE04FAFE04FF8002A3C66E533F533CD812FE1F8047EB720062B77
:20C160003E0196380A3E20F533CD1A2F33181A3E09F80396380B7EC630F533CD1A2F33188F
:20C18000083E2AF533CD1A2F33F8013A5F4E0C3E01E04F3E05F53379CDCF28AFE04FAFE04F
:20C1A0004FE805C90E00C579CDC740C10C79D61E38F4C93B3BF8013600F8013A87773E0215
:20C1C000F5337EF533CD812FE111FC41F8016E2600194D440AF533CD1A2F333E01E04F3E87
:20C1E00005F5331E02F8017ECDCF28AFE04FAFE04FF801347ED60438C03333C942454C5428
:20C200003E4D216ADA864F3EC2CE00470AFEFF2819F5331E0D210040CD363633D602280AD2
:20C22000FA6ADAD60438033E01C9AFC9E8F2F80D327B22114DC26E2600194D440AF80077A6
:20C24000116BC2F80D6E260019E57DF80A77E17CF809322A5F561AF801771189C2F80D6E4B
:20C26000260019E57DF80C77E17CF80B322A5F561AF8027711A7C2F80D6E260019E57DF820
:20C280000577E17CF804322A5F2A571A77114DC2F80C6E260019E57DF80877E17CF80732C4
:20C2A0002A5F561A02116BC2F80C6E2600194D440AF8085E23666B771189C2F80C6E26003C
:20C2C00019E57DF80A77E17CF809322A5F2A571A5E23666B7711A7C2F80C6E260019E57D60
:20C2E000F80C77E17CF80B322A5F561AF8035E23666B77F8062A5F56F8002A127E02F808E3
:20C300002A5F56F8027E12F80A2A5F56F8057E12E80EC94F1E00214DC21600197E91200D7F
:20C32000216BC21600197EB728033E01C91C7BD61E38E3AFC9E8FDF8023273F8057E3C2897
:20C340002DF8057ECD1343B72824F8057EF5331E0D21204ACD363633C680F80077F8057E1A
:20C36000F5331E0D21364ACD363633471806F800368A0605F800E5210101E5F8052A575E74
:20C38000D5CD3F37E8063E01E04FC533F8022A5F7ECDCF283E00E04F3E00E04FE803E13393
:20C3A000E9210A01E5CD812FE1115A44D5CD4129E13E07F5331E013E0ECD3543210F01E556
:20C3C000CD812FE1115F44D5CD4129E13E04F5331E1421AA45CD363633F5331E013E13CDE1
:20C3E0003543210A02E5CD812FE1116444D5CD4129E13E08F5331E023E0ECD3543210F025E
:20C40000E5CD812FE1115F44D5CD4129E13E0CF5331E023E13CD3543210A03E5CD812FE19F
:20C42000116944D5CD4129E13E09F5331E033E0ECD3543210F03E5CD812FE1116E44D5CD55
:20C440004129E13E06F5331E1421AA45CD363633F5331E033E13CD3543C948656164004815
:20C46000616E6400426F647900466565740052696E67003BF800369DE5210101E5210A05C4
:20C48000E5CD3F37E8063E01E04F3E05F5331E053E0ACDCF28AFE04FAFE04F210B05E5CDDF
:20C4A000812FE13E3AF533CD112F333E03F533FA29DE5F212ADE56D51E053E0CCD00402153
:20C4C0000F05E5CD812FE13E2FF533CD112F333E03F533FA2BDE5F212CDE56D51E053E109E
:20C4E000CD0040210A06E5CD812FE111F145D5CD4129D1FA2EDE06002603E5334FC51E0612
:20C500003E11CD0040210A07E5CD812FE111F945D5CD4129D1FA16C106002602E5334FC5F3
:20C520001E073E11CD0040211307E5CD812FE13E25F533CD112F33210A08E5CD812FE111AA
:20C540000146D5CD4129D1FA19C106002602E5334FC51E083E11CD0040211308E5CD812F69
:20C56000E13E25F533CD112F33210A09E5CD812FE1110A46D5CD4129D1FA17C1060026025A
:20C58000E5334FC51E093E11CD0040211309E5CD812FE13E25F533CD112F33210A0AE5CDBA
:20C5A000812FE1111146D5CD4129D1FA18C106002602E5334FC51E0A3E11CD004021130AB6
:20C5C000E5CD812FE13E25F533CD112F33210A0BE5CD812FE1111946D5CD4129E1CD0F0C8F
:20C5E00006002603E5334FC51E0B3E11CD004033C944616D6167653A004372697425253AD0
:20C6000000446F64676525253A0041726D6F723A004D61674465663A004C69676874203AC8
:20C6200000E8FBF80436040E0079D61E306AF8047ED60C3063214DC20600097E3C28562145
:20C640006BC20600097EB7284CF8005D54C521030039E579CD9F40C1F8045EAF57CB23CB46
:20C6600012CB23CB122101C0192336F12101C01923233600F8012A878787C610322B7E8731
:20C680008787C608F803772100C0195D54F8022A12132A12340C1891F8044E79D60C300F4F
:20C6A0001100C0692600292919AF22770C18ECE805C93B21000FE5CD812FE10E00FAA0DA71
:20C6C000815F219FDA9638037B965F7B219EDA963009216EDA1600194618020620C5C533E1
:20C6E000CD112F33C10C79D61438D2FAA0DAC6144F219FDA96380379964F79219EDA963082
:20C700000A692600116EDA194E1803012000F8007121000039E5210101E521140FE5CD3F9F
:20C7200037E807C95F0E003C28243E30F533016EDAC57BF5331E0D214D4ACD3636E8040EB8
:20C7400000216EDA0600097EB728080C18F3216EDA3600219EDA7179C614EA9FDA21A0DAEB
:20C7600071AFEAA1DAEAFBC2C3B246E8E73E4D216ADA864F3EC2CE00470AF81677F8034D52
:20C7800044F8025D54C5FA6ADACD9F40F8033A477E4FC51E11213B6BCD3636E10E023E018E
:20C7A000E04FC53E05F5331E0E79CDCF28C1AFE04F0C79D61438E721020EE5CD812FE111FF
:20C7C000CC48D5CD4129E1F8167E3CCA8F48F8044D443EA7216ADA865F3EC2CE00571A579D
:20C7E000C53E11F53321070039E5D533F81C7EF5331E0D21FC4ACD3636E805C11E006B26CD
:20C8000000097EB728031C18F5F81773C521020EE5CD812FE111DF48D5CD4129E804F8168D
:20C820007EF5331E0D210040CD363633B720703E89216ADA864F3EC2CE00470AFE64380455
:20C840000E03180AFE0A38040E0218020E01F81571F800223600D1D5D511E248D5CD412998
:20C86000E804F8172AC60332343434343A2B86232377F8183A963027233E01E04F3E04F521
:20C88000331E0E7ECDCF28AFE04FF8183418E321020EE5CD812FE111E748D5CD4129E12118
:20C8A0000110E5CD812FE1CD0042F818777EB7280A11EF48D5CD4129E11808110049D5CDD6
:20C8C0004129E1F8167ECD2447E819C920202020202020202020202020202020202000251A
:20C8E0007300207825750028656D7074792900413A746F2062656C7420423A64726F70009D
:20C90000413A65717569702020423A64726F7020003BF80036BCAF0FF5CD812FE111F34964
:20C92000D5CD4129E121000039E5210101E5AF0FF5CD3F37E8063E01E04F3E04F533AF5FF9
:20C94000CDCF283E00E04F0E063E01E04FC53E04F5331E0079CDCF28C1AFE04F0C3E099117
:20C9600030E70E0B3E01E04FC53E04F5331E0079CDCF28C1AFE04F0C3E0F9130E70E113E92
:20C9800001E04FC53E04F5331E0079CDCF28C1AFE04F0C3E139130E7AFE04FFA1AC1B728A7
:20C9A00025210A00E5CD812FE13E2BF533CD112F333E01E04F3E04F5331E003E0ACDCF2811
:20C9C000AFE04FAFE04FFA2DC1B72825211000E5CD812FE13E2BF533CD112F333E01E04FFC
:20C9E0003E04F5331E003E10CDCF28AFE04FAFE04F33C9204954454D205354415420535077
:20CA0000454C4C204D4150001E1121676BCD3636CD940DCD1149CDA441CDB341CD2146CDD7
:20CA2000A143CD7344CD6B47210111E5CD812FE111504AD5CD4129E13E01E04F210104E588
:20CA4000210F15E5AFF533CD1232E805AFE04FC9535441525420726573756D6500E8EC3EDF
:20CA60004D216ADA864F3EC2CE00470AF813773EA7216ADA864F3EC2CE00470A2612E53300
:20CA800021020039E5F533F8177EF5331E0D21FC4ACD3636E8051E1121676BCD3636CD9404
:20CAA0000D210304E5CD812FE1111F4BD5CD4129E1F8137EF5331E0D21204ACD363633C6FD
:20CAC00080F800774D44C5210101E5210306E5CD3F37E806F8137EF5331E0D21364ACD3649
:20CAE0003633473E01E04FC5331E063E03CDCF28AFE04FAFE04F210506E5CD812FE12101AA
:20CB00000039E5112A4BD5CD4129E804210309E5CD812FE1112D4BD5CD4129E1E814C94985
:20CB200074656D2064726F703F00257300413A5965732020423A43616E63656C00E8EDF888
:20CB4000014D44F8005D54C5FA6DDACD9F40F8013A477E4FC51E11213B6BCD3636E10E02BC
:20CB60003E01E04FC53E05F5331E0E79CDCF28C1AFE04F0C79D61438E721020EE5CD812FEE
:20CB8000E111F04BD5CD4129E13EA7216CDA864F3EC2CE00470A573E4D864F3EC2CE00476F
:20CBA0000A473E11F53321030039E558D51E0D21FC4ACD3636E80521020EE5CD812FE121F1
:20CBC000020039E511034CD5CD4129E804210110E5CD812FE111064CD5CD4129E1210111E5
:20CBE000E5CD812FE111164CD5CD4129E1E813C920202020202020202020202020202020CE
:20CC00002020002573003C3E207069636B20736C6F7420202000413A6F6B2020423A6361E4
:20CC20006E63656C2000CDE231EA69DAAFEA6ADAEA6BDAAFEAADC31E0521E06DCD36361135
:20CC40005E4CD5AF3CF5CD8327E80411664CD5210301E5CD8327E804CDBD01C3084A00006D
:20CC600008211042FF7F4218C8108E29964A3BCDE231F80077FA69DA2F4FF8007EA14FFA4D
:20CC80006BDAB7202BFA9EDAB7282521A1DA347ED6083816360021A0DA347E219FDA963872
:20CCA00004AFEAA0DAC5CDB246C1FAA1DAEAFBC2FA6BDA3D2031CB61281BFA6ADAF5331E36
:20CCC0000D21724DCD363633AFEA6BDACDBD01CD084AC33A4FCB69CA3A4FAFEA6BDACDBD38
:20CCE00001CD084AC33A4FFA6BDAD602206BCB49281AFA6DDAB720043E031804FA6DDA3DD9
:20CD0000EA6DDACDBD01CD3D4BC33A4FCB412816FA6DDA4F06000379E603EA6DDACDBD01B5
:20CD2000CD3D4BC33A4FCB61281DFA6DDA5FFA6CDACD2C42FA6DDAEA6ADAAFEA6BDACDBDEF
:20CD400001CD084AC33A4FCB69CA3A4FAFEA6BDACDBD01CD084AC33A4FCB79281CAFEAFBF0
:20CD6000C21E1121676BCD36361E1121706BCD36362128DE3602C33A4FCB71281CAFEAFB73
:20CD8000C21E1121676BCD36361E1121706BCD36362128DE3603C33A4FCB61CA8D4E3E4D0A
:20CDA000216ADA864F3EC2CE00470A473CCA6A4EC5C5331E0D210040CD363633C1D602C205
:20CDC0006A4E3E6B216ADA865F3EC2CE00571AB7205EC5C5331E14219245CD363633C14FD1
:20CDE000B7284D1E00214DC216001956FA6ADA9328383E6B836F3EC2CE00677EB7282BE5C6
:20CE0000C5D5D5331E14219245CD363633D1C1E191201777C5D5AFF5337BF533D5331E14DA
:20CE200021BF42CD3636E803D1C11C7BD61E38B53E6B216ADA865F3EC2CE00571AEE01126F
:20CE40003E6B865F3EC2CE00571AF5337EF533C5331E1421BF42CD3636E803CDBD01CD214E
:20CE600046CDA143CD7344C33A4FCD0042B7CA3A4FFA6ADAEA6CDAAFEA6DDA216BDA3602E6
:20CE8000AFEAFBC2CDBD01CD3D4BC33A4FCB6928223E4D216ADA865F3EC2CE00571A3C281A
:20CEA00012AFEAFBC2216BDA3601CDBD01CD5D4AC33A4FFA6ADA47CB49281BFA6ADAC51E25
:20CEC00005CDE12679C1B72806216ADA351807216ADA34343434CB41281CFA6ADAC51E05F6
:20CEE000CDE12679C1D6043006216ADA341807216ADA7EC6FC77CB512815216ADA7ED60529
:20CF000038067EC6FB771807216ADA7EC61977CB59281B216ADA7EC605FE1E300377180EC4
:20CF2000FA6ADAC51E05CDE12679C1EA6ADAFA6ADA902806CDBD01CD6B47F8007E2169DAAF
:07CF40007733C3BD0133C9C3
:20CF4700E8FBF8043273F8077EB720080E01F800363018361600F8077EB7282DD55A16004B
:20CF67002102003919D14D4414F8076EE5C5D51E0A7DCDE12679D1C1E1C63002D51E0A7DFC
:20CF8700CDDC26D1F8077118CD4AC5F8052A575ED5CD812FE1C14178F80896300DC53E2007
:20CFA700F533CD112F33C10418ED79B728140D59160021000039197EC5F533CD112F33C171
:20CFC70018E8E805E1F1E900004A299452FF7FE8FDF80277FAA8DA4F060069602929092957
:20CFE700092929290929292909290929092909290901379E097D442130DEAE234F78AE47F5
:20D0070069602909292929290929292909292909292909292909011936094D44F8023A2B83
:20D02700223600D1D56B6229192919291929192919292919291929291929291929291909DD
:20D047004D44290929292929092929290929290929290929290901193609292929E5331EBA
:20D067000D212753CD3636E804C9473EE721A8DA865F3EC2CE00571A4F041802CB3905204A
:20D08700FB79E601C94F214DC20600097E3C280A216BC20600097EB72802AFC93E01C93B74
:20D0A7003BF8013211000073D57BCD8C50D1B7280CF8017E922005F8007E180C141CF800DA
:20D0C7007B77D61E38E23EFF3333C9010000C578CD8C50C1B728010C0478D61E38F079C96F
:20D0E7003B3B47F80173C5C5331E0D21204ACD363633C1C680F80077E5210101E5F8087E40
:20D10700F533F8067EF533CD3F37E806C5331E0D21364ACD36363347F8045E3E01E04FC507
:20D1270033F8027ECDCF283E00E04F3E00E04F3333E133E93B4F43F800368AE5210101E5CA
:20D14700C53379F533CD3F37E8063E01E04F3E05F5335879CDCF28AFE04FAFE04F33C95781
:20D16700D57BF533D533CD812FE13E2AF533CD112F33D1143E02F533FAE6C2F5337ACD4755
:20D187004FC947AF672E01E53E14F533C533AFF533CD1232E8053E01E04FAF672E01E53EE2
:20D1A70014F533C533AFF533CD1232E805AFE04FC9672E02E51E11213B6BCD3636E1219A71
:20D1C700C03EBC223607C9FAA3DAB72008FAA4DAC60EC3B851FAA5DA3C3C3CC3B851CDBD75
:20D1E70001CD940D210203E5CD812FE1115552D5CD4129E11E033E0FCD6651210205E5CDDF
:20D20700812FE1115B52D5CD4129E1210206E5CD812FE1116552D5CD4129E121030FE5CDC5
:20D22700812FE1116E52D5CD4129E1210310E5CD812FE1117252D5CD4129E1210311E5CD78
:20D24700812FE1117752D5CD4129E1C3CE51547261646500416C6C20676F6F647300636F76
:20D267007374202A312E004275790053656C6C004C6561766500E8F34FC604F80C77C579BD
:20D28700CD7150C1B7281CF80C5E3E03CD3B51F80C662E05E5CD812FE1110253D5CD4129EF
:20D2A700E1185579CDD64F4FC53E0CF53321030039E5AFF53379F5331E0D21FC4ACD3636A3
:20D2C700E805C1F80C7EF5331E0379CDE750F80C662E05E5CD812FE121000039E5110653C8
:20D2E700D5CD4129E804F80C662E10E5CD812FE1110953D5CD4129E1E80DC92D2D2D002580
:20D3070073002A3100CDBD01CD940D210201E5CD812FE1114A53D5CD4129E11E013E0FCD04
:20D3270066510E00C579CD7D52C10C79D60838F421020EE5CD812FE1114E53D5CD4129E1E4
:20D34700C3CE51427579004120627579202042206261636B00E8F2CDBD01CD940D210201D9
:20D36700E5CD812FE1116D54D5CD4129E11E013E0FCD6651F80D3600F80D3A2BC60477FAD4
:20D38700A6DAF80D86CDA650F80C773CCA385411A7C2F80C6E2600194D440A47114DC2F886
:20D3A7000C6E2600195D541AD5260BE53321030039E5C533F5331E0D21FC4ACD3636E805AA
:20D3C700D11AF80B66E5331E03CDE750F80B662E05E5CD812FE121000039E5117254D5CD1E
:20D3E7004129E804F80C5E16002189C2194D440AFE02382BC5F80D662E0EE5CD812FE13EE8
:20D4070078F533CD112F33C10AF80C77D60A38043E2A1805F80C7EC630F533CD112F33F866
:20D427000B662E10E5CD812FE1017554C5CD4129E1F80D347ED608DA7F53FAA7DAB72010A9
:20D44700210205E5CD812FE1117954D5CD4129E121020EE5CD812FE1118A54D5CD4129E13F
:20D46700CDCE51E80EC953656C6C002573002B2A31004E6F7468696E6720746F2073656C0E
:20D487006C2E00412073656C6C2042206261636B00FAA3DA3DCA0C53FAA3DAD602CA5C5322
:20D4A700C3E551E8DAF82473237247211400393E10F533E5F82B7EF533C5331E0D21FC4A23
:20D4C700CD3636E8050E00F8242A5F56692600195D541A5FB7281379D608300ED559160079
:20D4E7002102003919D1730C18DD060058160021140039195E7BB7281479D613300FD559D5
:20D5070016002102003919D10C047318DF5916002100003919360021000039E51E0521E7AC
:20D5270050CD3636E1E826E133E93BFAE6C2B72879FAA5DACD7150B720701E0D215D4CCD2A
:20D5470036363C2865FAA5DACDD64FF80077AFF533F8017EF5331E0D21BD4CCD3636E1B719
:20D56700284821E6C2353EE721A8DA865F3EC2CE00571A4F21A5DA463E010418018705200D
:20D58700FCB112AFF533F8017E11B355CDAA54CDBD01FAA5DA3C3C3C3CCD8951FAA5DACDB2
:20D5A7007D521E013E0F33C3665133C9426F7567687420003B3BFAA6DA21A5DA86CDA6501E
:20D5C7004F3CCA5356214DC20600097EF8007721A7C20600097EF8017779F5331E0D217234
:20D5E7004DCD36363321E6C27ED663300134CDD250EAA7DA21A6DA7EB7280E7EC6084FFA8B
:20D60700A7DA91300421A6DA35FAA6DA21A7DA963804AFEAA6DAFAA7DA21A6DA964F3E0899
:20D627009130020E0879B7280C21A5DA7E913805793D77180779B72003EAA5DAF8013AF58A
:20D64700337E115656CDAA54E1C35C533333C9536F6C642000EAA3DA21A5DA3600D602C27F
:20D667009854CDD250EAA7DAAFEAA6DAC39854CDE231EAA2DAAFEAADC31E0521E06DCD36B2
:20D6870036CDBD0111CE4FD5AF3CF5CD8327E804FA2FDEFE2E3804C6D21801AF21A8DA7793
:20D6A700D60338023600AFEAA4DAC35C563B3BCDE2314FFAA2DA2FA1F8007721A2DA71F82E
:20D6C700002AE60477FAA3DAB7206DF8017EB72817FAA4DAB720043E021804FAA4DA3DEA42
:20D6E700A4DACDCE51C3DA57E5F802CB5EE12817FAA4DA16005F13010300CDF12621A4DA16
:20D7070071CDCE51C3DA57E5F802CB66E1281DFAA4DAB720083E01CD5C56C3DA57FAA4DAFA
:20D727003DC2E1573E02CD5C56C3DA57E5F802CB6EE1CADA57C3E1570E08FAA3DAD6023E66
:20D74700012801AF47B72815FAA7DA21A6DA964F3E089130020E0879B720020E01F8017EB6
:20D76700B7281E21A5DA7EB7280335180F78B7280B21A6DA7EB7280435CD5C53CDCE511830
:20D7870052E5F802CB5EE1282621A5DA7E3CB9300377181678B72812FAA6DAC60821A7DABB
:20D7A70096300721A6DA34CD5C53CDCE511824E5F802CB66E12810FAA3DA3D2005CD3155C7
:20D7C7001811CDBB55180CE5F802CB6EE12804AFCD5C563333C3BD0118171E1121676BCDC0
:14D7E700363621EAC236FF2128DE36023333C3BD013333C94B
:20D7FB004FFA1BC1878787B1C9210D02E5CD812FE1113258D5CD4129E1FA2DC1B7C8210D4A
:20D81B0002E5CD812FE1FA2DC14F0600C5113A58D5CD4129E804C920202020202020005012
:20D83B005453202575004F3C3C3C3CC5672E10E5CD812FE1C1FA3AC1912009117758D5CD8E
:20D85B004129E1C9FA3BC1912009117B58D5CD4129E1C9117F58D5CD4129E1C95B315D00C8
:20D87B005B325D0020202000E8F1F80E322BC60422237ECDFB57F80D77F80C662E01E5CD94
:20D89B00812FE1117859D5CD4129E1F80C662E01E5CD812FE1F80D7EF5331E1B212345CDF7
:20D8BB00363633B7200B118C59D5CD4129E1C37559F8004D44C53E0CF533C5F8127EF53323
:20D8DB001E1B210244CD3636E804119059D5CD4129E804F80C662E0DE5CD812FE1012EC19E
:20D8FB00F80E6E2600094D440AB72034C5F80F7EF5331E1B21B244CD3636335FC1FA2DDE71
:20D91B0093301DF80D7EF5331E1B21B244CD3636334F0600C5119359D5CD4129E80418344A
:20D93B00C5F80F7EF5331E1B21CD44CD3636335FC116007ABB301DD60330190A6F7A9530F1
:20D95B00043E2A18023E2DC5D5F533CD112F33D1C11418DFF80E7ECD4158E80FC920202012
:20D97B0020202020202020202020202020202020002D2D2D002573004C76257500E8EC211C
:20D99B00010BE5CD812FE111145AD5CD4129E1FAAADACDFB57F5331E1B212345CD363633BE
:20D9BB00B7285321010BE5CD812FE13E2E21AADA864F3EC1CE00470AB720161E1B217445A6
:20D9DB00CD3636D602380A11285AD5CD4129E11825F800E5FAAADACDFB57C1C52614E533CA
:20D9FB00C5F5331E1B213F44CD3636E80411395AD5CD4129E804E814C920202020202020DC
:20DA1B00202020202020202020202020004C6F636B65643A20322063686F73656E00257355
:20DA3B00003BF80036BC21AADA4604040404F800E5210101E5C533AFF533CD3F37E8063E88
:20DA5B0001E04F3E04F53358AFCDCF28AFE04FAFE04F33C93BFAAADAC604F80077662E0008
:20DA7B00E5CD812FE13E20F533CD112F333E01E04FAFF533F8015EAFCDCF28AFE04FAFE006
:20DA9B004F33C93B3BF800223600F8007EB7281221AADA7EB728047E3D18023E05EAAADA67
:20DABB001811FAAADA5FAF5713010600CDF12621AADA71FAAADACDFB57F5331E1B212345A4
:20DADB00CD363633B72008F801347ED60638BB3333C93BFAAADACDFB57473E2E21AADA8681
:20DAFB005F3EC1CE00571AF80077FA2DC1B7CAC45BC5C5331E1B212345CD363633C1B7CA4A
:20DB1B00C45BC5C5331E1B21B244CD3636335FC1FA2DDE93DAC45BC5331E1B21CD44CD363B
:20DB3B0036334FF8007E91D2C45BF8007EB7200C1E1B217445CD3636D602306D3E2E21AAC9
:20DB5B00DA864F3EC1CE0047F8007E3C02212DC135F8007EB7201F013AC10A6FD6063806F4
:20DB7B00FAAADA021810030AD606380AFAAADA952804FAAADA02FAAADACD8358CD0458FAAF
:20DB9B002DC1B72024211000E5CD812FE13E20F533CD112F333E01E04FAFF5331E003E1096
:20DBBB00CDCF28AFE04FAFE04F33C9E8FCF803773E0196F80077FAAADAF80177CDFB57F532
:20DBDB00331E1B212345CD363633B72866012EC1F8016E2600094D440AB72857113AC1F829
:20DBFB00036E2600194D440AF802322A9620053EFF021819113AC1F8006E2600195D541AC2
:20DC1B00F801962004F8027E12F8017E02F8023600F8027ECDFB57F5331E1B212345CD367F
:20DC3B003633B72806F8027ECD4158F802347ED60638DEE804C93BCDE231EAA9DAAFEAAA7F
:20DC5B00DAEAADC31E0521E06DCD3636CDBD01CD940DF80036BCAF0FF5CD812FE111965DB3
:20DC7B00D5CD4129E1F800E5210101E5210A00E5CD3F37E8063E01E04F3E04F5331E003E42
:20DC9B000ACDCF283E00E04F0E013E01E04FC53E04F5331E0079CDCF28C1AFE04F0C3E043A
:20DCBB009130E70E063E01E04FC53E04F5331E0079CDCF28C1AFE04F0C3E099130E70E11DC
:20DCDB003E01E04FC53E04F5331E0079CDCF28C1AFE04F0C3E139130E7AFE04FFA1AC1B723
:20DCFB002825210500E5CD812FE13E2BF533CD112F333E01E04F3E04F5331E003E05CDCFAD
:20DD1B0028AFE04FAFE04FFA2DC1B72825211000E5CD812FE13E2BF533CD112F333E01E0B4
:20DD3B004F3E04F5331E003E10CDCF28AFE04FAFE04F210102E5CD812FE111AB5DD5CD41C0
:20DD5B0029E1CD04580E00C579CD8358C10C79D60638F4CD985921010DE5CD812FE111B240
:20DD7B005DD5CD4129E121010EE5CD812FE111C35DD5CD4129E1CD3C5A33C9204954454DFF
:20DD9B002053544154205350454C4C204D4150005350454C4C5300413A747261696E204C96
:20DDBB002F523A62656C7400535441525420726573756D6500CDE2314FFAA9DA2FA147E6FE
:20DDDB000C2813C5CD6F5AC178E604C5CD9E5ACD3C5ACD9859C1CB602805C5CDED5AC1CB3A
:20DDFB00482806C5AFCDC65BC1CB402807C53E01CDC65BC1CB7828052128DE3602CB702850
:0DDE1B00052128DE360621A9DA71C3BD01FC
:20DE28004F3C3C3C3CC5672E01E5CD812FE1C13E04913876060021485E09094E236669E9B3
:20DE4800525E6E5E7F5E905EA15EFA2BDE5F212CDE56FA29DE4F212ADE46D5C511C35ED531
:20DE6800CD4129E806C9FA2EDE4F0600C511D05ED5CD4129E804C9FA16C14F0600C511DAB6
:20DE88005ED5CD4129E804C9FA19C14F0600C511E65ED5CD4129E804C9FA17C14F0600C56B
:20DEA80011F25ED5CD4129E804C9FA18C14F0600C511FE5ED5CD4129E804C9485020202025
:20DEC800202025752F257500444D4720202020257500435249542020202575252500444F9C
:20DEE8004447452020257525250041524D4F52202025752525004D414744454620257525FE
:20DF08002500210D02E5CD812FE111385FD5CD4129E1FA1AC1B7C8210D02E5CD812FE1FA0B
:20DF28001AC14F0600C511405FD5CD4129E804C92020202020202000505453202575003BA7
:20DF4800F80036BC21ACDA4604040404F800E5210101E5C533AFF533CD3F37E8063E01E0CE
:20DF68004F3E04F53358AFCDCF28AFE04FAFE04F33C93BFAACDAC604F80077662E00E5CD23
:20DF8800812FE13E20F533CD112F333E01E04FAFF533F8015EAFCDCF28AFE04FAFE04F3324
:20DFA800C94F3E0491DA7C60060021BC5F09094E236669E9C65F2D604C605C606C60FA2B30
:20DFC800DE4F212CDE4679D6E778DE033802AFC93EDDB93E03983808210A00094D4418038D
:20DFE80001E703212BDE792270FA29DE4F212ADE463EDDB93E03983808210A00094D441870
:20E008000301E7032129DE79227832112BDE1A1396231A9E300CFA2BDEEA29DEFA2CDEEAC7
:20E028002ADE3E01C9FA2EDED6FF3802AFC93EFC212EDE9638067E3C3C3C18023EFFEA2E5F
:20E04800DE3E01C9FA16C1D6643802AFC92116C1343E01C9FA19C1D6643802AFC92119C126
:20E06800343E01C9FA17C1D6643802AFC92117C1343E01C9FA18C1D6643802AFC92118C1B0
:20E08800343E01C9E8FDCDE231EAABDAAFEAACDAEAADC31E0521E06DCD3636CDBD01CD94D9
:20E0A8000DF80036BCAF0FF5CD812FE1114562D5CD4129E1F800E5210101E5210500E5CDEE
:20E0C8003F37E8063E01E04F3E04F5331E003E05CDCF283E00E04F0E013E01E04FC53E04E6
:20E0E800F5331E0079CDCF28C1AFE04F0C3E049130E70E0B3E01E04FC53E04F5331E0079B3
:20E10800CDCF28C1AFE04F0C3E0F9130E70E113E01E04FC53E04F5331E0079CDCF28C1AF0C
:20E12800E04F0C3E139130E7AFE04FFA1AC1B72825210A00E5CD812FE13E2BF533CD112FE0
:20E14800333E01E04F3E04F5331E003E0ACDCF28AFE04FAFE04FFA2DC1B72825211000E5C4
:20E16800CD812FE13E2BF533CD112F333E01E04F3E04F5331E003E10CDCF28AFE04FAFE0F3
:20E188004F210102E5CD812FE1115A62D5CD4129E1CD0A5F0E00C579CD285EC10C79D60610
:20E1A80038F4FA2DDE06004F0B6960290929092909012D00094D442114C12A917E98300A9E
:20E1C8002B7996234F789E471803010000F80179227021010BE5CD812FE1CD0F0C5F160041
:20E1E800FA2DDE4F0600D5C5116062D5CD4129E80621010CE5CD812FE1F8012A5F56FA14FF
:20E20800C14F2115C146D5C5117062D5CD4129E80621010DE5CD812FE1117F62D5CD4129C2
:20E22800E1FA1AC1B72813210F0DE5CD812FE1118C62D5CD4129E1CD475FE803C9204954DE
:20E24800454D2053544154205350454C4C204D4150005354415453004C5620257520204CB3
:20E26800494748542025750045585020257520204E5854202575005354415254207265731D
:20E28800756D6500413A616464003B3BCDE231F80077FAABDA2F4FF8002AA177211AC17E15
:20E2A800B7CA4063F8017EE60C2831CD7A5FE5F803CB56E1281221ACDA7EB728047E3D18D3
:20E2C800023E05EAACDA1811FAACDA16005F13010600CDF12621ACDA71CD475FE5F803CB2F
:20E2E80066E12854FAACDACDA95FB7284B211AC135FAACDACD285ECD0A5F211AC17EB72049
:20E3080037CD7A5F210F0DE5CD812FE1116963D5CD4129E1210A00E5CD812FE13E20F533DA
:20E32800CD112F333E01E04FAFF5331E003E0ACDCF28AFE04FAFE04FE5F803CB7EE1280533
:20E348002128DE3602E5F803CB76E128052128DE3605F8007E21ABDA773333C3BD013333E5
:07E36800C920202020200045
:20E36F00FAAEDAC60E672E02E51E11213B6BCD3636E1219AC03EBC223607C9E8FDF80232FE
:20E38F0073FAB0DAF5331E0D21204ACD363633C680F800774D44C5210101E5F8052A575E3E
:20E3AF00D5CD3F37E806FAB0DAF5331E0D21364ACD363633473E01E04FC533F8022A5F7EB6
:20E3CF00CDCF28AFE04FAFE04FE803C9E8EDFAB0DAF5331E14219245CD363633473E0690C8
:20E3EF00DA216558160021FF6319195E23666BE92B640D64126417641C642164266411249B
:20E40F0065181C1129651817112E651812113365180D11336518081138651803C32165C54A
:20E42F00D5C5331E1421AA45CD363633F81377D1C1F80F7E3C3E012801AFF81077CB4620B6
:20E44F0069D5C5331E1421E145CD3636334FD179D61E300921A7C20600094E18020E00F8C5
:20E46F001179322BD57EF5331E0D21204ACD363633D1C680F80077D5F8117EF5331E0D21B3
:20E48F00364ACD363633F81477D121010039D53E0EF533E5F8163A2BF5337EF5331E0D2117
:20E4AF00FC4ACD3636E805D11808F800368AF8123605D5210207E5CD812FE1113D65D5CD5C
:20E4CF004129E80421000039E5210101E5210607E5CD3F37E8063E01E04FF8127EF5331E10
:20E4EF00073E06CDCF28AFE04FAFE04F210807E5CD812FE1F810CB46201021010039E51135
:20E50F003D65D5CD4129E8041808114065D5CD4129E1E813C94865616400426F6479004685
:20E52F006565740048616E640052696E670025730028656D7074792900E8EE3EDD21E5C2B2
:20E54F00864F3EC2CE00470A2612E53321010039E5F533FAB0DAF5331E0D21FC4ACD363689
:20E56F00E805CD940D210204E5CD812FE1114E66D5CD4129E11E063E03CD8A63210506E5E5
:20E58F00CD812FE121000039E5115566D5CD4129E804FAB0DAF5331E0D210040CD36363367
:20E5AF00D6022005CDDB63184AFAB0DAF5331E0D210040CD363633B720390100001E0021EE
:20E5CF004DC21600197E21B0DA96200A1189C2682600194E18071C7B47D61E38E2C52102C1
:20E5EF0007E5CD812FE1C10600C5115866D5CD4129E804FAAFDAB72810210209E5CD812F6F
:20E60F00E1016466C5CD4129E121030FE5CD812FE1116E66D5CD4129E1210310E5CD812F84
:20E62F00E1117366D5CD4129E1210311E5CD812FE1117966D5CD4129E1CD6F63E812C94616
:20E64F006F756E643A00257300596F75206861766520256400286E6F20726F6F6D2900541A
:20E66F00616B65004C65617665004469736361726400CDE231EAADDAAFEAADC31E0521E035
:20E68F006DCD363611EB66D5AF3CF5CD8327E80411F366D5210301E5CD8327E804CDBD0114
:20E6AF0021E5C27ED608300E3EC5864F3EC2CE00470AFEFF200B21E5C236FF2128DE36026E
:20E6CF00C9EAB0DA1E0D215D4CCD36363C3E012801AFEAAFDAAFEAAEDAC348650000082140
:20E6EF001042FF7F4218C8108E29964AE8DBCDE2314721ADDA7E2FA04F70CB512817FAAED1
:20E70F00DAB720043E021804FAAEDA3DEAAEDACD6F63C32268CB592817FAAEDA16005F134F
:20E72F00010300CDF12621AEDA71CD6F63C3226879E630CA226879E6104FB7CAF767FAAEB4
:20E74F00DAB7C2F767FAAFDAB7C2F7673EDD21E5C2864F3EC2CE00470A47C5C533FAB0DA40
:20E76F00F5331E0D21BD4CCD3636E1C1C5FAE5C2F5331E0221F257CD363633C1211400397F
:20E78F003E10F533E5C533FAB0DAF5331E0D21FC4ACD3636E805F8003E47223E6F223E7493
:20E7AF002236200E04F8243600E5211600395D54E1F8246E2600195D541A4759160021001C
:20E7CF000039195D5478B7280D79D61330080CF82434781218D3AF1221000039E51E052114
:20E7EF00E750CD3636E1181979B72815FAAEDAD602200EFAE5C2F5331E0221F257CD363607
:20E80F00331E1121676BCD363621E5C236FF2128DE3602CDBD01E825C94B426F1180002CE5
:20E82F001804CB3ACB1B2D20F9F8027E87576A2600097EA32E0120022E007A3C814F3E0029
:20E84F0088470AA33E022001AFB5E133E9E8FDF8017323725F0180001C1804CB38CB191D69
:20E86F0020F9F8057E875F3CF80077F806461600F8012A666F195D541A6FCB4028057DB159
:20E88F00121804792FA512F8002A5F16002A666F195D541A6FCB4828057DB1121804792FAF
:20E8AF00A512E803E1F1E921A7FE39F9215601397701FF6A7EE6036F2600097E215801392C
:20E8CF00773E01F533215901397E210100395D54CDB021215801394E0C3E01F53379211150
:20E8EF0000395D54CDB021215801397EC6104F3E01F53379212100395D54CDB02121580107
:20E90F00397EC6114F3E01F53379213100395D54CDB02121400039AF3CF5110000D5E5CD3F
:20E92F003432E806215701393600215701397ECB3707E61F87872150013977215701397EEE
:20E94F00E6072151013977215701397ECB3F2152013977215801393600215801397ECB3F16
:20E96F0021550139777ED60838052B36011806215401393600215401393A2B4F7ED608386C
:20E98F0006232336011806215401393600215401392A87814F3AE607322B7EE6072155014C
:20E9AF003977692600292929294D4421000039095D54215501393AF5337ECD28682153015E
:20E9CF003977215801397ECB3707E61F21500139864F215801397EE6072154013977215103
:20E9EF0001397E2155013977692600292929294D4421400039095D54215301392A23F533EE
:20EA0F003AF5337ECD5C6821580139347ED620DA68692B347ED620DA396921400039E52181
:20EA2F00B010E5CD6C30E804214001394D441E007B878721570139223600215701392A868E
:20EA4F00576A2600097AC6B07721580139347ED60438E71C7BD60438D7C5210404E5210E70
:20EA6F0006E5CD3F37E8063E01E04F215301393604215601397E3D20082153013936051880
:20EA8F0020215601397ED6022008215301393606180F215601397ED60320062153013936F5
:20EAAF0007215701393600215701397EC6062154013977215801393600215801397EC60E48
:20EACF0021550139322B3E01E04F2AF5332A5F7ECDCF28AFE04F21580139347ED60438D961
:20EAEF002B347ED60438C0AFE04F21590139F9C9E0E2E4E63E30F5331E103EB0CDF821C917
:20EB0F00E8FBF800AF222236FFAFEAADC31E0521E06DCD36361E0321CD6FCD3636CDBD01CE
:20EB2F00CD940D1E0521FD60CD3636210402E5CD812FE111926CD5CD4129E1210206E5CD3D
:20EB4F00812FE1F8017EB72005019F6C180301A16CC5CD4129E1210406E5CD812FE111A38E
:20EB6F006CD5CD4129E1210208E5CD812FE1F8017E3D2009F8033E9F22366C1807F8033EEE
:20EB8F00A122366CF8032A4F46C5CD4129E1210408E5CD812FE111AA6CD5CD4129E12102C3
:20EBAF000AE5CD812FE1F8017ED6022005019F6C180301A16CC5CD4129E121040AE5CD8111
:20EBCF002FE111B46CD5CD4129E121020CE5CD812FE1F8017ED6032005019F6C180301A148
:20EBEF006CC5CD4129E121040CE5CD812FE111BA6CD5CD4129E121030EE5CD812FE111C1DE
:20EC0F006CD5CD4129E121030FE5CD812FE111CF6CD5CD4129E1F8012A96280AF8017ECDAE
:20EC2F00B668F8012A77CDE2314FF8007E2FA147CB502808F8017EC603E60377CB58280714
:20EC4F00F8017E3CE60377CB782813F8017EEA1BC1CD036B1E03210870CD36361819CB6845
:20EC6F00280CCD036BAFEA28DEEA20C11812F80071CDBD01C33A6BAFEA20C12128DE36024D
:20EC8F00E805C943484F4F534520434C415353003E0020004B4E494748540053434F554EAD
:20ECAF004452454C005749544348005A45524B45520053544152543D636F6E6669726D0013
:07ECCF00423D6261636B002E
:20ECD6003BCDE231EAB1DAAFEAADC31E0521E06DCD3636CDBD01CD940DF80036BCAF0FF525
:20ECF600CD812FE111036ED5CD4129E1F800E5210101E5211000E5CD3F37E8063E01E04F97
:20ED16003E04F5331E003E10CDCF283E00E04F0E013E01E04FC53E04F5331E0079CDCF28CF
:20ED3600C1AFE04F0C3E049130E70E063E01E04FC53E04F5331E0079CDCF28C1AFE04F0C71
:20ED56003E099130E70E0B3E01E04FC53E04F5331E0079CDCF28C1AFE04F0C3E0F9130E7FD
:20ED7600AFE04FFA1AC1B72825210A00E5CD812FE13E2BF533CD112F333E01E04F3E04F5E2
:20ED9600331E003E0ACDCF28AFE04FAFE04FFA2DC1B72827210500E5CD812FE13E2BF5335C
:20EDB600CD112F333E01E04F3E04F5331E003E05CDCF283E00E04F3E00E04F3E01F533AF10
:20EDD600F5331E0521C76CCD3636E1210206E5CD812FE111186ED5CD4129E121010CE5CD94
:20EDF600812FE1111C6ED5CD4129E133C9204954454D2053544154205350454C4C204D41EF
:20EE160050004D415000535441525420726573756D6500CDE2314FFAB1DA2FA1CB7F280574
:20EE36002128DE3602CB7728052128DE360421B1DA71C3BD01FA02C14FAFEA02C13E0591B3
:20EE5600DA6B6F060021656E09094E236669E96B6F716EAE6EEB6E286F656FCDBD01CD942E
:20EE76000D1E16214B6DCD36363E01F5331E0A21145CCD363633111FC1D5111EC1D51E02F2
:20EE9600219E5BCD3636E8042104C136012127DE36FF2128DE3602C9CDBD01CD940D1E1650
:20EEB600214B6DCD36363E02F5331E0A21145CCD363633111FC1D5111EC1D51E02219E5BD8
:20EED600CD3636E8042104C136012127DE36FF2128DE3602C9CDBD01CD940D1E16214B6D51
:20EEF600CD36363E03F5331E0A21145CCD363633111FC1D5111EC1D51E02219E5BCD363637
:20EF1600E8042104C136012127DE36FF2128DE3602C9CDBD01CD940D1E16214B6DCD363610
:20EF36003E04F5331E0A21145CCD363633111FC1D5111EC1D51E02219E5BCD3636E8042121
:20EF560004C136012127DE36FF2128DE3602C92128DE3609C92128DE3602C9FE01200401A1
:20EF7600B56FC9FE02200401BD6FC9D603200401C56FC901AD6FC900008671FF7F3F1300CC
:20EF9600005211DC3ACA22000014611D43C82A0000FF7FCE399E100000A3249262FF2B0017
:20EFB60000A9089F4BCA2200008A30DF53C82A0000FF7FE71C9E10FAA0C0D611C0118D6F99
:20EFD600D5210401E5CD8327E80411956FD5210501E5CD8327E804119D6FD5210601E5CDB3
:20EFF6008327E80411A56FD5210701E5CD8327E804C9FAA0C0D611C0FA1BC1CD716FC521C7
:20F016000201E5CD7E27E804C9E8FCCDE231F80377AFEAADC31E0521E06DCD3636CDBD0137
:20F03600CD940D1E16214B6DCD3636210506E5CD812FE111B570D5CD4129E121020039E533
:20F0560021030039E521040039E5FA30DE5F2131DE56D51E05214A6CCD3636E808F8023AFC
:20F07600573A5FD57EF5331E05214A6DCD3636E80321040DE5CD812FE111BF70D5CD41292F
:20F09600D1CDE231CB7F2808E5F805CB7EE12808F80377CDBD0118E9AFEA28DEE804C9475A
:20F0B600414D45204F5645520053544152543D616761696E00F00406004F03FA21C12122D5
:20F0D600C15E2B814F7B887123322A5F56D51E05215E73CD3636E178B1200EFA21C12122DE
:20F0F600C146EEE14F78EEAC4778B1200301E1AC2130DE792270AFEA2FDE2128DE3601C99B
:020000040001F9
:20000000210708140708D60608E70608B20608890608720608420608270608420610E70613
:2000200010D60618F706082107183907084407085907086207086B0708D606100607102D53
:2000400007212107109E0610B20610060708440721390710C406101407102D07082D071866
:20006000730708AC05108906104407106207184F07086B0710390718E70621AC0508590763
:20008000100B06085907186B07187307188307180607184407187B07088307088A0710902C
:2000A00007108307107B0710F706106207107B0718C406089007089D07089E0608630508A4
:2000C0007307218307212D07107206108A07080607722706100B0621210731730710590744
:2000E000310607219707104F07106207219007189D0718CE05085B0608ED05085B06214494
:200100000772890621B20631730731420621210721890618D606212107725B061042061861
:20012000E706317206212D0731590721590772B2061800010002030402050406050706084B
:20014000090A0A0B0C010200010D0E0F0E100F0E001112130203141516171819020A0C190F
:20016000161A1B1C13000C1D1211120E0F000E01000C0102010E100E0F000E01000C010212
:20018000010E0F1E001F00010D200100010206082106050404020C0C010000020507210541
:2001A0000402020C0101000E0E01040621020C0101000E0E0F100F0001001E000100030163
:2001C00000040100020001000F0001000201000501000400010020000100040100060100CC
:2001E0002213162312242511261B2316131D00020304020504060507060809020413231DE5
:2002000016040518270001000E00010C0204280B0405060507060807290708072905060583
:200220000702050406050708020E000E02100F100E120F2A0B0C01000E0F100E0F20121046
:20024000120F100E0F120F0E0F1200010012190319120302040703020C040019000419004B
:200260000E10190C1910030203100204052B0204020519031905031900050300182C0E0FF8
:20028000000E04190E132D0F100E0F02000F0A2E10120F10190E10142F1220101219000335
:2002A000190203040205040622161630000E190F0E311012102012100F3233141B341B347E
:2002C0001B341B341B341B341635163516351635163516351B351B351B351B351B351B3540
:2002E0001B361B361B361B361B361B36163616361637163716371637143714371426142642
:200300001426142638263826383938393839383913260E001B3639260019163A1211123222
:200320001211250E001A2700190C19020C3B0206023B0206190C19020E19000C19023B0E7B
:200340003212320E3C333C323D33352725111232333C32330F0E000E19000C190E190C196D
:200360000E023B020E0405040E0506072905063E070204020704020C00043E040005060505
:200380000006072B3F0607062B0405042B0504022B07060504020319000E0F2A40261D1626
:2003A000100E232510264137421B1225390C1900000E25251112120E19024319000E0E25E4
:2003C000111112323211000C430E251111123232333C33121112201211120F1112001112D9
:2003E0000E121112331211120E1112191112001211120F1211120011120C1112141B26368F
:200400001F011E1B381413431C020E123233120E12190E020E040E123244120E12010E04F6
:200420000E050012333C201020001003003E001220331225121925021928381623392A453F
:200440000A431846472A231B48491D1B2A0F0E232A231B161E0F4A424B0A3649264A4C4DFB
:200460002636201220001E19000319020304023E1842420D0E250010252C1220123320124C
:2004800010443C16001E234E2A38140F00420E0F2A40261D16100E4D3C443C1220101225E0
:2004A000100E25002512331220101225100E2500251249001916494D2A1903142D102510C2
:2004C0001210250E0019150D1903020304023E0407043E040703020C040019000419001E66
:2004E00010190C19100302031002040206010C01020E000E02000E0F120001001100010008
:2005000032190C02190E1233122010262F000F203C203312374F0E10333D443C3234500263
:20052000000E0F000200050207022B02000E250002003E022B0251040025101E191E0419C1
:2005400052045304001E0F000C00050C0705541B2A493436554213141756140A1357421740
:20056000131403020A49262A231012582A1B0001000203040205040605070608090A0A0B6D
:200580000C010200010D0E0F0E100F0E001112131220163616361636163616361636164957
:2005A000164916491649164916491B341B341B341B341B341B34163516351635163516350F
:2005C0001635164916491449144914491449142614260A260A260A260A260A2A0A2A132AC5
:2005E000132A132A132A132303040205040605070608090A0A0B0C010200010D0E0F0E105C
:200600000F0E001112130203141516171819020A0C19161A1B1C13000C1D1211120E0F00D5
:200620000E01000C0102010E100E0F000E01000C0102010E0F1E001F00010D2001000102B5
:2006400006082106050404020C0C01000002050721050402020C0101000E0E0104062102A9
:200660000C0101000E0E0F100F0001001E000100030100040100020001000F0001000201E3
:200680000005010004000100200001000401000601002213162312242511261B2316131D9E
:2006A00000020304020504060507060859FF00010002030402050406050706080705060463
:2006C0002218130C0100010001165A1D0203140A4216171819020A0C191614231B1C1300A6
:2006E0000C1D1211120E0F000E0113120F100E0F000E01130302040B0405040504051801A5
:20070000000E0E0F10100F0E23000E0F0F101212100F2A080706060504040506070506055B
:20072000040506050A1802050605070506051322040302030403020318432213162312240E
:200740002511261B2316131D00020304020504060507060859020413231D16040518270075
:2007600001000E00010C0204280B0405060507060807290708072905063E07020402070429
:20078000020300043E04000506050006072B3F0607062B0405042B05040219050605195272
:2007A000075219072B51070503000319020A0D0604190E19000C14270502000F001E19160C
:2007C0003104190E100E0F001B0F0E0F190003190203040205040605020403130A14000EAD
:2007E0000F0E0F0E231A1B132A132A132A132A132A132A132313231323132313231323387D
:2008000039383938393839383938391326132613261326132613261323132318231823181A
:20082000231823181B181B221B221B221B221B22162216431643164316431643140E001BAC
:200840003639260019163A121112321211250E001A2700190C19020C3B0206023B020619AF
:200860000C01020E000E02000E0F1200010012190C19120C0204070C020C0400190004194C
:20088000000E10190C19100302031002045B2B07060504020C01000E000E0F2A2349261D1F
:2008A00016100E232510262A3637421B12251112320C190000190C141232332B07060607EC
:2008C0002B09111232532B07072B5329190C1900190C1923160E190C1902190C191B1400EC
:2008E0000F0E0F000F0E0F1638141B26361F011E1B381413431C5C1D1B2A49265D141713E8
:200900005E5F001012201000100300040005001012321000100C0005000619103233120F72
:2009200012190F02190619101220100E10030E0403130A1318220402601861095A14602A71
:200940001314420019164216140A190062145C18102510001E19000319020304023E04039E
:2009600002190A14160E25102510252A634D001E2342392A38140F00420E0F2A2349261D38
:2009800016100E4D3C443C1220101225163C2033122010122516001916494D2A1903142D21
:2009A0001025101210250E0019150D1903020304023E0407043E040703020304000319027B
:2009C00003043E0012101200332033123C20365F063E0402031902031E0019000319020352
:2009E0000003020300043E04000552050052072B3F5207062B04050406020C010E023B0291
:200A00000E0405040E05060729050605070C020C06020C190602192231000E010005030089
:200A2000182C0E0F000E04190E132D0F100E1A4D26364C35642338161C650419001E1904BD
:200A40001952042B04510419000E190419060451042905190E0F0003000503070529051925
:200A6000001E19021952022B52094216140A190062145C182A231B48491D1B2A0F0E0F0E3C
:200A80000001000203040205040605070608070506042218130C0100010001165A1D134DC2
:200AA000134D134D134D134D182A182A182A182A182A182A132A132A132A132A132A132ABC
:200AC00013231323132313231323132318231823181B181B181B181B221B221B22162216A6
:200AE0002216221643164316431D431D431D131B091323000100020304020504060507061A
:200B000008070506042218130C0100010001165A1D0203140A4216171819020A0C191614B0
:200B2000231B1C13000C1D1211120E0F000E0113120F100E0F000E01130302040B0405041A
:200B40000504051801000E0E0F10100F0E23000E0F0F101212100F2A08070606050404050D
:200B60000607050605040506050A180205060507050605132204030203040302031843222F
:1B0B800013162312242511261B2316131D00020304020504060507060859FF6C
:204000002150C0AF22772154C0AF22770E1669AF6729291100C019AF22770C79D61E38EEE4
:204020000E231100C069AF67292919AF22770C79D62838EE0E1E1100C069AF67292919AF0D
:2040400022770C79D62238EE2188C0AF2277C905040C10D4209E6B000008211042FF7F008F
:204060000006311F0A5F23000006311F0A5F2347046F0898155A5348049208DC19DF6349FA
:2040800004B5081F1EFF7301C7DA1E006B26000936001C7BD60838F401D9DA1E006B26001C
:2040A0000936001C7BD60538F401E6DA1E006B26000936001C7BD60438F4C9E8FDF80232FD
:2040C00073F8052A4F4669602A66CB473E3B20023E69C680F8007769602A666F237D0203E2
:2040E0007C02F8012A575ED5CD812FE121000039E5210101E5F8052A575ED5CD3F37E8060E
:204100003E01E04FAFF533F8022A5F7ECDCF28AFE04FAFE04FE803E1F1E9E8FDAFF8002285
:20412000770E00C521020039E51E0079CDBB40C10C79D61438ED0E0159C521020039E53E94
:2041400013CDBB40C10C3E109130EDF802361321000039E51E11F8047ECDBB40F8027EB799
:2041600028033518EA0E1059C521020039E5AFCDBB40C10D79D60130EEE803C9878787C69E
:20418000144F7BC6084721B2DA7021B3DA368821B4DA712152C036A22156C036A22153C035
:2041A00036022157C036222150C07922702154C079223688C93B4F43F80036D1E5210101D0
:2041C000E5C53379F533CD3F37E8063E01E04F3E01F5335879CDCF28AFE04FAFE04F33C90E
:2041E000FAB2DA2600C6F86F7CCEFF67CB3CCB1DCB3CCB1DCB3CCB1D7D12FAB3DA1600C677
:20420000F85F7ACEFF57CB3ACB1BCB3ACB1BCB3ACB1B7B02F8022A4F46FAB4DA5F16002194
:20422000F4FF19CB3CCB1DCB3CCB1DCB3CCB1D7D02E1F1E9E8FCF8014D44F8005D54210231
:204240000039E5CDE0410EFF06FF78B72003B1281EF8022A81775EF8007E80C5CDB541C13E
:20426000F8022A81773A2B5F7E80C5CDB541C1043E019030D50C3E019130CDE804C9E8FDCC
:20428000F8014D44F8005D5421020039E5CDE041F8023A2B5F1D7E3DCDB541F8023A2B5FA5
:2042A0001D7ECDB541F8023A5F1D7ECDB541F8023A5F1D7E3CCDB541F8023A2B5F1D1D7E0C
:2042C000CDB541F8023A5F1D1D7ECDB541E803C9E8F0F8004D44C53E01F5333E5B5950CDBD
:2042E000B021C1C521B601E5CD6C30E804C521B601E5CD7430E804C53E01F5333E6B5950F8
:20430000CDB021C1C521B701E5CD6C30E804C521B701E5CD7430E804C53E01F5333E7B5948
:2043200050CDB021C1C521B801E5CD6C30E804C521B801E5CD7430E80421B6DA3601E81034
:20434000C9E8F0F8004D44C53E01F5333E365950CDB021C1C521B601E5CD6C30E804C521CE
:20436000B601E5CD7430E804C53E01F5333E375950CDB021C1C521B701E5CD6C30E804C5FE
:2043800021B701E5CD7430E804C53E01F5333E385950CDB021C1C521B801E5CD6C30E8047F
:2043A000C521B801E5CD7430E814C9FAB5DAB7C8010C00CDE82679E603C6ED4F3E43CE00A0
:2043C000470A26006F292929116F4019C5E5210101E5CD8327E804C10A6F260029292911A2
:2043E0006F4019E5AF3CF5CD7E27E804C9000102013B3BF8013273114F40D5AF3CF5CD834C
:2044000027E804117740D5210101E5CD8327E804116740D5210201E5CD7E27E804115F40DD
:20442000D5210701E5CD7E27E804114F40D5210301E5CD7E27E804117740D5AF3CF5CD7E96
:2044400027E804CD8740F8002A5F7ECD7C41F040F602E0403333C9E8EEF80F32730E0079AC
:2044600087818787F81177060058160021000039195D54F8117E80C6626F3E00CE22677E5D
:20448000120478D60C38E2F80E7E815721000039E5210C01E5D533F8147EF533CD3F37E8FF
:2044A000060C79D60438B83E01E04FF8103600F80E2A2386F80C77F8113600F80F2A23868E
:2044C000F80D323E01E04FAFF5332A5F7ECDCF28AFE04FF811347ED60C38E02B347ED6044B
:2044E00038CDAFE04FE812C90E002114450600097EC5672E06E5CD812FE1C169AF672911E4
:204500001745192A666FC5E5CD4129E1C10C79D60338D7C90A0C0E1D45294535454E6577D6
:2045200020517565737420200043686F6F73652053656564004372656469747320202020B9
:20454000004F2114450600097E878787C6104F214EC03EE9223600214CC079223628FAB6C7
:20456000DAB7C8218BC0360779C6FC2188C0223628C91E183E07CDF143CD1A41CD3442CD98
:204580007E421E033E04CD5744210707E5CD812FE1119C45D5CD4129E1C3E84441627973C1
:2045A00073003BF80077CDBD01CD940D21B5DA3601CDD042CDEC22CD7245F8007E33C34113
:2045C0004533C93BF8003600CDBD01CD940DCD1A41210701E5CD812FE111A846D5CD412999
:2045E000E1210203E5CD812FE111B046D5CD4129E1210704E5CD812FE111C146D5CD4129EA
:20460000E1210106E5CD812FE111C846D5CD4129E1210507E5CD812FE111DA46D5CD412995
:20462000E1210708E5CD812FE111E546D5CD4129E121060AE5CD812FE111EC46D5CD41293A
:20464000E121070BE5CD812FE111E546D5CD4129E121060CE5CD812FE111F546D5CD41290C
:20466000E121060DE5CD812FE111FE46D5CD4129E121060EE5CD812FE1110747D5CD4129BD
:20468000E1210610E5CD812FE1110F47D5CD4129E1CDE2314FF8007E2FA1CB6F2008F8009C
:2046A00071CDBD0118EB33C943524544495453004172746973742F44657369676E65723AE0
:2046C0000049616E20412E0050726F64756365722F43726561746976650041737369737416
:2046E000616E743A004C697A204C2E00546573746572733A004C6175726920412E004B6118
:2047000073657920432E00416C657820562E005072657373204200CDC424CD41431157406C
:20472000D5AF3CF5CD8327E804CD0040AFEAB5DAEAB6DA1E16214B6DC33636E8F8F8073265
:204740002B7B2272F803AF227711C7DAF8046E2600194D440AF802777EB7C2E947F8077ED1
:20476000B72818FAB3DAC603F80277F8053A777EE607773A2B86232377181721B2DA4E0C13
:204780000C0CF8052A5F3A2B57CB3ACB1B7BE607817711BFDAF8036E260019E57DF803774E
:2047A000E17CF802322A5F2A23573A1211B7DA6E260019E57DF80377E17CF80277FAB4DA7E
:2047C000C6FEF80477F8012A5F2A23573A1211C7DA6E2600193333E5F004F804777EE60BB0
:2047E000777EC618E1E577180BF804343A227ED608DA4947E808C9E8F8F807322B7B227230
:20480000F803AF227711D9DAF8046E2600194D440AF802777EB7C2A548F8077EB72818FA8A
:20482000B3DAC603F80277F8053A777EE607773A2B86232377181721B2DA4E0C0C0CF8052E
:204840002A5F3A2B57CB3ACB1B7BE607817711D4DAF8036E260019E57DF80377E17CF80236
:20486000322A5F2A23573A1211CFDA6E260019E57DF80377E17CF80277FAB4DAC6FEF8043C
:2048800077F8012A5F2A23573A1211D9DA6E2600193333E5F004F804777EE60B777EC618CA
:2048A000E1E577180BF804343A227ED605DA0548E808C9E8FA4B42F8023600F805360011F0
:2048C000E6DAF8056E260019E57DF80577E17CF804322A5F561AB7206DF0046F26004409FA
:2048E0004D44F8023A2B223600D1D56B6229291929192919095D54017800CDF12679C610A8
:204900004F11E2DAF8026E2600195D54791211DEDAF8026E2600194D44F004E60FC61002D6
:20492000F004E62FC648F8035E23666B7701EADAF8026E2600094D44F0040F30043E021820
:20494000023EFE02180FF805347EF80277F8057ED604DABF48E806C9E8EEF80C7B227A22D0
:2049600023360011C7DAF80F6E260019E57DF80577E17CF804322A5F2A571A777EB7CAA2DB
:204980004A11B7DAF80F6E260019E57DF80877E17CF807322A5F561AF80E2211BFDA6E26B1
:2049A0000019E57DF80A77E17CF809322A5F561AF81022AF322B5E1600F80C2A666F197D37
:2049C000E603F80A22AF322A3DB62009F81034201623341812F80A2AD603B6200AF8102A99
:2049E0005F3A571B7B2272F8102A4F4679D60878173F1FDE8030062B3E0822AF77F8102A13
:204A00004F465816003E98B93E0098CB7B2807CB7A2008BF1805CB7A2801373007F8103E4E
:204A20009822AF77F80E2A47057EF80C5E23566F260019CB45200105F8053A4F0D3A6E673B
:204A400071F80F3AC6167779B7280578D6143017F8032A666F3600F80E6E0100C026002997
:204A60002909AF2277183BF8062A666F70F8104EF8082A666F71F80E5EAF6B6729291100EE
:204A8000C019232336B4F80E5EAF57CB23CB12CB23CB122101C019232336072100C019781D
:204AA0002271F80F347ED608DA6349FAB6DAB7CA1B4DF80E360011D9DAF80E6E260019E53B
:204AC0007DF80477E17CF803322A5F2A571A777EB7CAF44C11CFDAF80E6E260019E57DF8BB
:204AE0000777E17CF806322A5F561AF8117711D4DAF80E6E260019E57DF80977E17CF80889
:204B0000322A5F561AF80F22AF322B3A2B5F2A4E16006F6119E57DF80B77E17CF80A322A63
:204B20005F56CB3ACB1BCB3ACB1B010300CDF12669260011A84F197EF80B77F80E3A5F16A5
:204B4000003A6E67197DE603F80022AF322A3DB62009F80F34201623341812F8002AD60399
:204B6000B6200AF80F2A5F3A571B7B2272F80F2A4F4679D60878173F1FDE8030062B3E08FB
:204B800022AF77F80F2A4F465816003E98B93E0098CB7B2807CB7A2008BF1805CB7A280108
:204BA000373007F80F3E9822AF77F81135E5F80BCB46E12003F81135F8043A4F0D3A6E6748
:204BC00071F80E7EC623F80A7779B72807F8117ED614305CF8022A666F3600F80A4EF8109B
:204BE0007922AF327EF80A2236003E02F80ACB2623CB163D20F61100C03A6E6719E57DF884
:204C00001277E17CF811327EF80A77F8117EF80B322A666F3600F80A2A5F566B6223E57D58
:204C2000F81277E17CF811322A666F3600C3F44CF8052A5F56F8113A2B122A77F8072A5F9E
:204C400056F8107E12F80A3A2B2236003E02F808CB2623CB163D20F62B2A5F562100C0191B
:204C6000E57DF80877E17CF807322A5F5621020019E57DF80A77E17CF809322A5F2A23571A
:204C80003A127EF80322AF327EF8062236003E02F806CB2623CB163D20F61100C03A6E6712
:204CA00019E57DF80A77E17CF809322A5F5621030019E57DF80C77E17CF80B322A666F36B0
:204CC000071100C0F8062A666F19E57DF80C77E17CF80B322A5F56F8117E12F80A2A5F561E
:204CE0006B6223E57DF80A77E17CF809322A5F56F8107E12F80E347ED605DAB64A2B2B2AF5
:204D00005F56CB3ACB1BCB3ACB1B010300CDF12621A84F0600094E218AC071F80C7EE60364
:204D20002009F80C2A5F56AFCD3B47F80C7EF81077F80D7EF811327EE6034F060079D6029D
:204D4000B0200AF80C2A5F563E01CD3B47F8107EE6074F0600FAB6DAB72810793DB0200B36
:204D6000C5F80E2A5F56AFCDF747C121B6DA7EB7281279D605B0200CC5F80E2A5F563E01D5
:204D8000CDF747C1E5F80ECB46E1200AC5F80E2A5F56CDB348C179D603B0200DF8102AEEBE
:204DA000A55F7EEEA557CDB348F810360011E6DAF8106E2600194D440AB7CA7C4F11DEDA4B
:204DC000F8106E260019E57DF80377E17CF802322A5F2A571A7711E2DAF8106E260019E5BF
:204DE0007DF80677E17CF805322A5F561A4F060011EADAF8106E260019E57DF80877E17C27
:204E0000F807322A5F561AF811777E5F079F576B6209E57DF80A77E17CF80977F8034E0639
:204E200000F80C2A666F094D44F8107EF80A22AF322A666F097DE6072027F0040F3009F85D
:204E40000E3E0222AF771807F80E3EFE2236FFF8082A4F46F80E2A666F094D7CF8087123DA
:204E600077F8082A4F4679D60878173F1FDE80300F2B3E0822AF77F811CB7E2803AF967729
:204E8000F8082A4F465816003E98B93E0098CB7B2807CB7A2008BF1805CB7A2801373024C9
:204EA000F8083E9822AF77F8115EAF5796CB7B2807CB7A2008BF1805CB7A2801373005AF8A
:204EC000F8119677F8062A5F56F8117E12F8034E0CF80C2A5F56F80A2A666F19E57DF8108A
:204EE00077E17CF80F77F0045F16003A6E67195DCB4320010C11E6DAF8106E2600195D5400
:204F00001A3D4712F8102AC61E7778B728053EA4913012AF12F8116E0100C02600292909C9
:204F2000AF22771857060359CB3BCB3B1600F80E2A666F195DCB4328020623F8012A666F62
:204F400071F8087EF80F77F8042A5F56F80F2A23126E260029291100C019232336E9F81165
:204F60005E1600CB23CB12CB23CB122101C019232370F80F462100C019792270F810347E6A
:204F8000D604DAAD4DF80C7E0F0FE6013E3220023E22C6804F2152C0712156C071F80C2ADB
:204FA0005F56CDAB43E812C9B6B7B8FAEEDAB7200BFA02DBB72005FA16DBB7C83E01C90EC2
:204FC000000600696029290929293EEE855F3EDA8C5706006826001936000478D61438F4D5
:204FE000212ADB0600093605212DDB06000936000C79D60338CBC9CDBF4FAFEA31DBEA320D
:20500000DBC9E8F9AFEA31DBEA32DBF8003600F8004E06006960292909292901EEDA09E5C8
:205020007DF80377E17CF802322B4E0C060069602929092929E57DF80777E17CF806322A68
:205040005F5621EEDA19E57DF80577E17CF804770600F8012A5F5668260019E57DF8077796
:20506000E17CF806322B2B2A5F56682600195D541AF8055E23666B770478D61438D4F800CC
:205080005E1600212ADB195D54212ADB0600097E12F800717ED602DA0F500116DB1E006B74
:2050A00026000936001C7BD61438F4F8063600F8067ED6133022F80D2A5F56F8066E26007D
:2050C000195D541AF80577B7280E236E2600095D54F8052A123418D7112CDBF80F7E1221EE
:2050E0002FDB3600E807C93E05F533F8072A5F56D51E05210250CD3636E803C93E05F533AC
:20510000F8072A5F56D51E05210250CD3636E803112FDBF8087E12C9E8EBF81B7ED6043E32
:20512000012801AFF81477B728051116521857F81B7ED6062005112052184BF81B7ED60761
:205140002005112C52183FF81B7ED603201DFA0EC1D6052005113452182CFA0EC1D6062034
:2051600005113F521820114A52181BF81B7ED6022005115352180FF81B7ED6052005116003
:205180005218031167520E00692600194678B7280ED55916002102003919D1700C18E9F878
:2051A000147EB72007F81B7ED6062011590C160021000039195D54F81C7EC63112F81B7E16
:2051C000D6052837590C16002100003919363F590C160021000039193620590C1600210052
:2051E0000039193628590C160021000039193641590C1600210000391936295916002100BD
:20520000003919360021000039E51E0521E750CD3636E1E815C9454E54455220444E4700F5
:20522000454E54455220544F574E20004558504C4F5245004C4541564520544F574E004C28
:2052400045415645204152454100434C494D4220555000455849542044554E47454F4E005E
:205260005345414C45440044455343454E440069603E8FBD3E029C300ACB3ACB1BCB38CB68
:205280001918EC78B1C86B6229192929291929295D54CDE82659503E64BB3E009A30033E30
:2052A00064C979C9E8D9211600393E0CF533E5F8307EF5331E19210040CD3636E804F8254F
:2052C00036000E00591600211600391946F8252A3C77E5210400395D54E1F8256E260019B3
:2052E0005D5478B7280FF8257ED6083008233A7778120C18CFF8263A773E20122A3C77F881
:205300002E7EB7CA8355F8255E16002102003919362DF82E7ED6643840F8263A2234E52115
:205320000400395D54E1F8256E260019E57DF82477E17CF82377F82E7EF824771E64CDDC8E
:2053400026F825717EC630F8225E23666B771E64F8247ECDE126F82E71F82E7ED60A3840BF
:20536000F8263A2234E5210400395D54E1F8256E260019E57DF82477E17CF82377F82E7E58
:20538000F824771E0ACDDC26F825717EC630F8225E23666B771E0AF8247ECDE126F82E7171
:2053A000F8265E34160021020039194D44F82E7EC63002F8263A2B3C77F8303AB6CAD15448
:2053C00023237EB72824F8263A322A2377E5210400395D54E1F8256E260019E57DF8267722
:2053E000E17CF825322A666F3621F82D7EF5331E0221D343CD363633F82F2A5F56CD6F5289
:20540000F825773E63F8259630023663F8265E34160021020039193620F8263A2B3C227EE9
:20542000D60A38662B3A2B77E5210400395D54E1F8266E260019E57DF82577E17CF82422B6
:205440007E1E0ACDDC26F826717EC630F8235E23666B77F8222A23322B7E3CF82677E521D7
:205460000400395D54E1F8246E260019E57DF82577E17CF824221E0A7ECDE126F825713AC1
:205480002BC6305E23666B771822F8267EF823222A2377E5210400395D54E1F8236E2600C7
:2054A000193333E5F8257EC630E1E577F8263A2234E5210400395D54E1F8256E260019E588
:2054C0007DF82677E17CF825322A666F3625C30656F8263A2B5F2A23771600210200391964
:2054E000E57DF82577E17CF82477F8317EB72806F82536211804F8253620F8253A2B5E2334
:20550000666B77F8263A2234E5210400395D54E1F8256E260019E57DF82677E17CF8253253
:205520002A666F3644F8263A2234E5210400395D54E1F8256E260019E57DF82677E17CF859
:2055400025322A666F3649F8263A2234E5210400395D54E1F8256E260019E57DF82677E151
:205560007CF825322A666F3645F8263A2234E5210400395D54E1F8256E2600194D4436537F
:20558000C30656E5210400395D54E1F8256E260019E57DF82677E17CF825322A666F364431
:2055A000F8263A2234E5210400395D54E1F8256E260019E57DF82677E17CF825322A666FFC
:2055C0003649F8263A2234E5210400395D54E1F8256E260019E57DF82677E17CF825322A32
:2055E000666F3645F8263A2234E5210400395D54E1F8256E260019E57DF82677E17CF8259D
:20560000322A666F3653E5210400395D54E1F8266E260019E57DF82777E17CF826322A66FB
:205620006F36003E05F533210300395D54D51E05210250CD3636E82AC9E8DDF82A4E79B768
:20564000CA225821140039C53E0CF533E5F82E7EF5331E19210040CD3636E804C1F82036E4
:2056600000060058160021140039197EF82177F8202A233C77E5210200395D54E1F8206EB0
:205680002600195D54F8217EB728102B7ED608300A23233A2B227E120418C8F822463E20D4
:2056A0001258041600210000391936625804160021000039193675580416002100003919E6
:2056C0003672580416002100003919366E580416002100003919366558041600210000394D
:2056E000193664580416002100003919362079B7CA0558580416002100003919362D79D6CE
:20570000643820580416002100003919E5C51E6479CDDC2679C1E1C63077C51E6479CDE17E
:2057200026F14779D60A3820580416002100003919E5C51E0A79CDDC2679C1E1C63077C50E
:205740001E0A79CDE126F14758041600210000391979C63077F82C3AB6CA05582B2BC57EFD
:20576000F5331E0221D343CD36363358F147C543F82D2A5F56CD6F52F82277C13E63F82009
:20578000963002366378C605D614307948581CD55916002102003919D136204B0CF8207E49
:2057A000D60A383B232371160021000039194D44F82056C5D51E0A7ACDDC2679D1C1C6304B
:2057C00002F8225E4E0CD516002102003919D1E5C51E0A7ACDE12679C1E1C63077181A16D4
:2057E000002100003919E57DF82377E17CF822322B2AC6305E23666B7759410416002100B0
:20580000003919362558160021000039193600210000393E04F533E51E05210250CD36364C
:20582000E803E823C9E8E7FA2DDE06004F0B69602909290929094D4433335950D5212D0053
:2058400019E57DF81977E17CF818327EF80077F8187EF80177F8183AB62829F81F7EF817C6
:2058600022AF322A4F4669602909292929092929E57DF81977E17CF818322A5F56C1C5CDDA
:20588000E826180301000059503E64BB3E009A30020E64F81671F802362BF81F7EFE643853
:2058A00035F817771E64CDDC2679C630F803771E64F8177ECDE126791E0ACDDC2679C63039
:2058C000F80477F8183E04321E0A7ECDE12679C630F805771834F81F7ED60A38214EC51E29
:2058E0000A79CDDC2679C1C630F80377F81836031E0A79CDE12679C630F80477180CF818E0
:205900003602F81F7EC630F80377F8185E4E0C160021020039193620590C160021020039D2
:20592000193658590C160021020039193650590C160021020039193620590C160021020066
:2059400039193628591CF8167ED6643824414B58160021020039193631590C16002102008C
:2059600039193630590C1600210200391936301857F8167ED60A383E53D55916002104000C
:205980003919D14D44F8162A2377C5D51E0A7ECDDC2679D1C1C630025A4A0C160021020086
:2059A0003919E5C51E0AE5F81E7EE1CDE12679C1E1C630771812414B581600210200391974
:2059C0005D54F8167EC63012590C160021020039193625590C160021020039193629591679
:2059E0000021020039193600210200393E04F533E51E05210250CD3636E81CC9E8E901F1F2
:205A00005AF81436000A57F8145E1CD5E5210400395D54E1F8166E260019D1E57DF81777E5
:205A2000E17CF816777AB7280D2B2B7B227A035E23666B7718CFF81D7ED664384A4B46C559
:205A40001E6478CDDC2679C1C630F8155E23666B77590C16002100003919E5C51E6478CD18
:205A6000E126791E0ACDDC2679C1E1C63077590C16002100003919E5C51E0A78CDE12679A2
:205A8000C1E1C630771841F81D7ED60A382D4B46C51E0A78CDDC2679C1C630F8155E2366DD
:205AA0006B77590C16002100003919E5C51E0A78CDE12679C1E1C63077180D4BF81D7EC6A7
:205AC00030F8155E23666B77590C160021000039193629591600210000391936002100003A
:205AE000393E05F533E51E05210250CD3636E81AC9596F75206C6576656C207570212028A0
:205B000000FA32DBB72802AFC9CDAB4FB7C82131DB7ED6FF300134FA31DBD6083002AFC96C
:205B2000CDBF4FAFEA31DB2132DB3E0177C94F3E01E04FF8027EF53379CDC6283E00E04F3A
:205B4000E133E9335C395C3F5C455C4B5C515C575C5D5C625C685C6E5C735C785C7D5C82DE
:205B60005C885C8D5C935C985C9D5CA25CA85CAD5CB35CB85CBE5CC35CC85CCE5CD45CD962
:205B80005CDD5CE35CE95CEF5CF55CFA5C005D055D0A5D0B5D115D155D1A5D205D255D2BEB
:205BA0005D305D355D3A5D405D455D4B5D515D575D5C5D625DBE5C675D6C5D725D775D7C4B
:205BC0005D815D865D8C5D915D965DDD5C9B5DA15DA75DAD5DB35DB95DBF5DC55DCA5DD045
:205BE0005DD55DDA5DE05DE65DEB5DF15DF75DFD5D7D5C035E095E0F5E155E1B5E215E277B
:205C00005E2C5E315E375E725D3D5E435E495E4E5E545E595E5F5E645E6A5E705E765E7C4C
:205C20005E825E885E8E5E935E995E9E5EA45EAA5EB05E415348454E00424C45414B004248
:205C40004C494E4400424C4F4F4400424C554E5400424F4E4544004255524E5400434F4C57
:205C60004400435255454C0043555253540044414E4B004441524B004445414400444545B8
:205C8000500044454E534500444952450044524541440044554C4C004455534B0046454C82
:205CA0004C00464554494400464F554C004752414E44004752494D00484558454400495252
:205CC0004F4E004C4F5354004C554E4152004D55524B590050414C4500524F5400534841D8
:205CE000444500534F47475900535441524B005354494C4C0053554E4B00544F58494300BD
:205D000056494C4500564F49440000414E47454C004158450042414E4500424C414445006E
:205D2000424F4E4500425249415200434C415700434F494C0043524F5700454D42455200DB
:205D400046414E4700464C414D450046524F53540046554E474900474F524500475241565E
:205D60004500484F524E004C41524B004C41525641004D495245004D495354004D4F53535B
:205D8000004D4F5448004E4F424C45005059524500524F4F54005255494E00534B554C4C0E
:205DA00000534C494D4500534D4F4B45005350494E450053504F52450053544F4E45005405
:205DC000484F524E00544944450056454E4F4D0057494C5400574F524D00414259535300DA
:205DE000424152454E00424F475300434156455300434841534D00435241475300435259D4
:205E000050540044454C56450044554E455300464C41545300474F5247450047524F56457E
:205E20000047554C4348004B454550004C414952004D41525348004D494E4553004D4F4FC0
:205E40005253004D4F554E44004E4F4F4B005045414B53005049545300504C41494E005269
:205E6000494654005255494E530053414E44530053484F524500534C4F50450053504952F3
:205E800045005354455053005357414D5000544F4D4200544F5745520056414C4500564124
:205EA000554C540057415354450057494C445300574F4F440057F8027EC6E0D5F5337ACDF4
:205EC000C628D13E05F5337ACD2E5BE133E957F8027EC6E0D5F5337ACDC628D1F8037EF5E5
:205EE000337ACD2E5BE1F1E93B57F8032A4F460AB7281803F8007214C5D5F80966E533F508
:205F000033F8067ECDCE5ED1C118E433E1E803E9E8F9F8063273F8097EB7200AF80436014C
:205F2000F800363018450E00F8097EB7283AE5210200395D54E169260019E57DF80577E1CE
:205F40007CF804770CF80946C51E0A78CDE12679C1C630F8035E23666B77C51E0A78CDDCC4
:205F60002679C1F8097718C0F80471F8063A2B474E79F80A963015237804C566E53326208E
:205F8000E533F8095ECDCE5EC10C18E5F8044E790DB7281A5916002100003919567804C585
:205FA000F80D666AE5F8095ECDCE5EC118E1E807E1E803E9E8F4F80A3273F80F3AB6200ACD
:205FC000F80B3601F80036301856F80B3600F80F3AB6284CE5210200395D54E1F80B6E26AD
:205FE0000019E57DF80777E17CF80677F80B34F80E7EF80777F80F7EF80832010A002A5F62
:2060000056CDF12679C630F8055E23666B77010A00F8072A5F56CDE826F80E79227018AE76
:20602000F80A2A474E79F810963015237804C566E5332620E533F80D5ECDCE5EC10C18E5DD
:20604000F80B4E790DB7281A5916002100003919567804C5F813666AE5F80D5ECDCE5EC11A
:2060600018E1E80CE1E804E957D5AFF5337ACDC628D13E05F5337ACD2E5BC957F8027EC6DB
:2060800080D5F5337ACDC628D1F8037ECBD7F5337ACD2E5BE1F1E95FD5210C60E5AFCD7B12
:2060A00060D1210C00E53E13CD7B60C95F1600D5211C00E57ACD7B60D1147AD61438F0C913
:2060C0003B4F43F8037EC680F80077E5210101E5C53379F533CD3F37E806F8047EF6035744
:2060E0003E01E04FD5335879CDCF28AFE04FAFE04F33E1F1E9000006311F0A5F233B11F5C8
:2061000060D5210301E5CD8327E804F8003600211C00E51E00F8027ECDC060211C00E51ECA
:2061200011F8027ECDC060F800347ED61438E03601210C60E5F8025EAFCDC060210C00E58E
:20614000F8025E3E13CDC060F800347ED61138E133C93B3BF801324B4236000A57B7281C43
:20616000F8007EF80596301403F800347EC5F806666AE5F8055ECDCE5EC118DFF8007EF833
:206180000596300BF8007E3C225ECD686018EDF8017ECD9760E1E1F1E93B3BF801774B4213
:2061A00016000A5FB728267AF8069630202B7A9638043E041803F8047E0314C5D5F5337B5B
:2061C000F533F8075E7ACDCE5ED1C118D5F80072F8007EF80696300BF8007E3C225ECD6832
:2061E0006018EDF8017ECD9760E1E1E803E93B3BF80177AF3CF80022112005D53A5F7ECD8F
:20620000CE5EF8007EFE1238EB237E3333C397603333C94B42C680570AC5D5331E00CDC607
:2062200028C10A573C02C53E05F5331E007ACD2E5BC1F8027EC680570AC5D5331E00CDC65A
:2062400028C10A573C023E05F5331E007ACD2E5BE133E94F213AC10600094E79D606300A09
:20626000212EC10600097EB7200D3E8A12F8022A4F463E05021866FA1BC1878787B147C51F
:20628000D5F8062A666FE5C5331E1B217C44CD3636E803D1C1122134C10600097EB72809E2
:2062A000F8022A4F46AF02183479B72016FA1BC1B72010FA3CC1B7280AF8022A4F463E0529
:2062C00002181A79B72016FA1BC13D20103E01CDD203B72808F8022A4F463E0302E1F1E962
:2062E000E8F9F80036000E0079FE0230150CF80071C52600E533261CE5331E00CD7B60C16A
:2063000018E6F80036025D543E3EF5333E3DCD1362F8063600F8024D44F8015D54C5F8080F
:206320007ECD5362F8013AF5331E007ECDC628F8004E793C22237EF5331E0079CD2E5BF8E0
:20634000027EB7201E2B2B3ECCF5331E007ECDC628F8004E793C773E05F5331E0079CD2E7A
:206360005B18461128C1F8066E2600194D440A5FF8007EF804223C777BB7200E7EF8007731
:206380001E00F8047ECD6860181F3E099330021E097BC63047F8057EF800773E05F533C594
:2063A000331E00F8067ECDCE5EF806347ED602DA1563F8005D543E5EF5333E5DCD1362F8FB
:2063C000063600114DC2F8066E2600194D440AF803773C3E012801AFF80477B72809F80102
:2063E0003E8A2236051826F8037EF5331E0D21204ACD363633F80577C680F80122237EF50C
:20640000331E0D21364ACD363633F80277F8013AF5331E007ECDC628F8004E793C22237E30
:20642000F5331E0079CD2E5BF8037ED6062024FA2CC1B7281E3ECCF5331E00F8017ECDC670
:2064400028F8004E793C773E05F5331E0079CD2E5B184BF804CB46200E23231189C26E2676
:2064600000194D440A1801AFF8004E4104FE023009701E0079CD68601824FE0A3013C630C3
:20648000F800702605E533F5331E0079CDCE5E180DF80070212A05E51E0079CDCE5EF80649
:2064A000347ED604DAC363F8004E79D6143016790CF80071C52600E533261CE5331E00CD2B
:2064C0007B60C118E5F80071E807C9E8FAFA2BDE4F212CDE46FA29DE5F212ADE56CD6F52F0
:2064E000F80077FA2BDE4F212CDE46FA2AC15F212BC156CD6F52F80177F8002A2377214C9C
:2065000005E51E04AFCDCE5E213A05E51E043E01CDCE5EF8053E02322B3600F8032A3C7780
:206520004F87878187874FF8007E91381A3E9DF5331E04F8067ECDC6283E05F5331E04F8E6
:20654000067ECD2E5B1876F8037E5F8787838787C60A47F8007E90381A3E9EF5331E04F8CF
:20656000067ECDC6283E05F5331E04F8067ECD2E5B184AF8017E9138193E9DF5331E04F8A5
:20658000067ECDC628AFF5331E04F8067ECD2E5B182BF8017E9038193E9EF5331E04F80632
:2065A0007ECDC628AFF5331E04F8067ECD2E5B180C215F05E51E04F8077ECDCE5EF8053480
:2065C0002B3A227ED605DA1B652B2B110305D57EF5331E04F8087ECD105FF8053A2B3C3CE1
:2065E0003C4F3C77212505E51E0479CDCE5EFA2DDE06004F0B6960290929092909012D00A7
:2066000009E57DF80677E17CF805321114C11A1396231A9E38040E63181CFA14C14F211555
:20662000C146696029092929290929295D54F8042A4F46CDE826F8037E4604C52604E53371
:206640002658E5331E04CDCE5EC17804C52604E5332650E5331E04CDCE5EC1C51E0A79CDA8
:20666000DC2679C1C6305004C52604E533F5331E047ACDCE5EC1C51E0A79CDE12679C1C6D5
:20668000304804C52604E533F5331E0479CDCE5EC17804C52604E5332625E5331E04CDCE57
:2066A0005EC1C53EE9F5331E0478CDC628C17804C52605E5331E04CD2E5BC17804C5260568
:2066C000E533263AE5331E04CDCE5EC1210EC17ED6052003AF1803FAFAC2C6304804C52635
:2066E00005E533F5331E0479CDCE5EC178D614300B7804C51E04CD6860C118F0E806C9E803
:20670000FB4B4211C367FA1BC1E60326006F29195D541AF80322131A77F8003600F8032A41
:206720005F561AF801322A233C322B6E2600095D54F8017EB7280E233A2B222A233420027A
:2067400023341218D8F802663E2C126C5C1C26000936206B1C260009364C6B1C2600093677
:20676000766B1C260009366C537B3CF804776A26000936203E63212DDE9630043E6318038C
:20678000FA2DDE57D60A3818F8047E346F2600097AE5C5D51E0ACDDC2679D1C1E1C63077D8
:2067A000F8045E346B2600097AE5C51E0ACDE12679C1E1C63077F8046E2600094D44AF022E
:2067C000E805C9CB67D267DC67E2674B4E494748540053434F554E4452454C005749544361
:2067E00048005A45524B455200E8EBF81477F8005D54D5CDFF66D1210512E5F8167ECD52DF
:2068000061E815C9E8EA4F0600587B21F3C896300E2156C11600197EB72801041C18EBF8C7
:2068200014782211C5C236000600682600197E3C2803F815340478D60838EFF8003E202210
:206840003E6D223E6F223E6E223E73223E3A223620F81446C51E0A78CDDC2679C1C630F85D
:206860000777C51E0A78CDE12679C1C630F808223E20223E69223E74223E65223E6D223E22
:206880003A223620F81546C51E0A78CDDC2679C1C630F81077C51E0A78CDE12679C1C630A7
:2068A000F811223600210512E5210200395D5479CD5261E816C9E8ECF8005D54D5CDFF6609
:2068C000D1210512E53E01CD52613E02CDEE613E03CDEE61E814C9E8FACDAB4FB72030FAE3
:2068E00032DBB72806CDB668C3AA693E01CDE9673E02F533FA30DE5F2131DE56D51E05211B
:20690000C66ECD3636E8033E03CD0468C3AA69F8053600112DDBF8056E2600194D440AF846
:2069200004224E0600696029290929293333E5F8057E3CF80222237EB7282623112ADB6EFC
:206940002600194D440A4711EEDAE1E5195D543E12F533F8053A2BF533C5337ECD99611856
:206960003BF8055E1600212ADB19E57DF80677E17CF805322A5F3A2B571A7711EEDAE1E554
:2069800019E57DF80677E17CF805322B3E12F5332AF5332A5F56F8047ECD5261F8027EF83D
:2069A0000577F8027ED603DA1369E806C9E8F0FA30DB4F21F3C896300A2156C10600097E60
:2069C000B720123E01CDEE613E02CDEE613E03CDEE61C38F6A2180C806000946F8005D5497
:2069E000C5D53E0CF533D5C5331E19210040CD3636E804D1210512E53E01CD5261C11197EB
:206A0000C869260029195D541AF80C22131A77C5331E0221D343CD363633F80E792270215B
:206A20004805E51E023E01CDCE5E215005E53E025FCDCE5E212005E51E023E03CDCE5E2133
:206A40000405E5F80E2A5F56D51E023E04CDB45F212F05E51E023E08CDCE5E210405E5F8AC
:206A6000102A5F56D51E023E09CDB45F0E0D79FE1330120CC52605E5332620E5331E02CDC5
:206A8000CE5EC118E93E02CD97603E03CDEE61E810C9FE6438033E03C9D60A38033E02C91B
:206AA0003E01C9E8FDF80277D5F8097ECD8A1FF80277F8097ECDBE1FF80377C10AC52605E7
:206AC000E533F8085E2356D5F8075ECDE85EC10AC60202C52605E5332602E533F80466E55E
:206AE00033F8075ECD105FC10A5FC5D5F8047ECD926AD1C18357023C02C5212F05E5F8061A
:206B00005E7ACDCE5EC10AC52605E5332602E533F80566E533F8075ECD105FC10A5FC5D5B9
:206B2000F8057ECD926AD1C18302E803E1E803E93B3BF801323601F8047EF533D5210300E7
:206B4000395D54F8047ECDA36AF8004E793C22112005D55E79CDCE5EF8005D54F8073A2BF2
:206B6000F5332A4F46C5F8047ECDA36AF8004E79FE13300D0CF8007123C55ECD6860C118DF
:206B8000EEF80079227ECD9760E1E1E804E93E01F53311CD6BD5AFF53311CA6B3E01CD30BD
:206BA0006B3E03F53311D36BD53E02F53311D06B3E02CD306B3E05F53311D96BD53E04F5B5
:206BC0003311D66B3E03CD306BC9414900434D005244004F5600485400434C003BF8007794
:206BE000430E00F8007E81C5C533F533CD812FE1C1F8032A5F56692600195D541AB728031A
:206C00005718021620C5D533CD1A2F33C10C79D60538D033E1F1E93B3BF80132730E00F886
:206C2000042A5F56692600195D541AB728034718020620F8013A81C5C5335ECDB55EC10C19
:206C400079D60538DA3333E1F1E9E8FCF80A2A4F4659507BD6017ADE0030030101005950D7
:206C6000AFBB3EFA9A30030100FA0BF80C2A5F563333C5D5012800F8022A5F56CDF126D105
:206C80007912F80E7EF80277F80F7EF80377012800D1D5CDE8265950012800CDF126F80223
:206CA0002A666F71F8107EF80277F8117EF80377014006D1D5CDE826791E28CDE126F8021F
:206CC0002A666F71E804C9E8F9F8015D54F8004D4421020039E5D5C5FA30DE5F2131DE56B3
:206CE000D51E05214A6CCD3636E808F80E3A575ED5CD812FE101E35BF8025EAF6B6729092A
:206D00002A4F46F8015EAF6B672911935B195D541AF80322131A77F8005EAF6B67291143BB
:206D20005B195D541AF80522131A77C5F8052A5F2A57D52A5F56D511416DD5CD4129E80F3A
:206D4000C925732025732025730001435BF8065EAF6B6729092A4F46C51E09AFCDDC6B0145
:206D6000935BF8075EAF6B6729092A4F46C51E093E06CDDC6B01E35BF8085EAF6B672909C2
:206D80002A4F46C51E0AAFCDDC6BC93E07E04B3E68E04AAFE04FAF672E05E53E20F533AF3A
:206DA0000FF5CDB12DE8053E01E04FAF672E05E53E20F533AF0FF5CDB12DE8053E00E04F5D
:206DC0001E001600D53E05F5337ACD2E5BD1147AD62038F01C7BD60538E8213CDE36FFC927
:206DE000F040E6DFE040C9AFEA51C82150C83601210508E5CD812FE1F8067EB7280501368B
:206E00006E180301416EC5CD4129E1219AC036E9219EC036E9219BC03600219FC03600F0CC
:206E200040F602E0402198C03E50223620219CC03E50223688C9417363656E64696E67201B
:206E40000044657363656E64696E6700AFEA50C82198C0AF2277219CC0AF2277C93BFA2FDA
:206E6000DEB73E012801AFF80077AFE04FFA3CDEF800962815F8007EEA3CDEF8007EB7286B
:206E800009AFCDAC603E04CDAC60F8007EB72003CDE062FA3BDEB7280FFA3BDE3D280EFA66
:206EA0003BDED602280C180FCDD768180DCD8E6B1808CDAD691803CDD768F8007EB7200414
:206EC00033C3CB6433C9E8FDF8015D54F8004D4421020039E5D5C5F80F5E2356D51E0521A7
:206EE0004A6CCD3636E80801435BF8005EAF6B6729092A4F46C5F80D5E3E01CD176C019301
:206F00005BF8015EAF6B6729092A4F46C5F80D5E3E07CD176C01E35BF8025EAF6B67290946
:206F20002A4F46C5F80D5E3E0DCD176CF80B5E3E06CD6860F80B5E3E0CCD6860F80B5E3EB6
:206F400012CD6860F80B7ECD9760E803C9AFEA3BDEC9FA3BDE3D2004EA3BDEC9213BDE3666
:206F600001C9F8067EEA30DB213BDE3602C9FA30DBC9E8F4F808792270F8023600F8063682
:206F8000007AB320031101004B42AFB93EFA9830031100FA1BD5012800CDF126D1F807714E
:206FA000D5012800CDE82669600128005D54CDF126D1F80371014006CDE826791E28CDE1A5
:206FC00026F80471CDBD01CD940D1E083E02CDF1431E0521FD60CD3636AFF80A2277210574
:206FE00002E5CD812FE1111973D5CD4129E1F8074EAF69672911435B192A4F46C51E043E21
:2070000002CDDC6B210704E5CD812FE13E20F533CD1A2F33F8034EAF69672911935B192AE9
:207020004F46C51E043E08CDDC6B210D04E5CD812FE13E20F533CD1A2F33F8044EAF69676D
:207040002911E35B192A4F46C51E043E0ECDDC6B210205E5CD812FE1112473D5CD4129E199
:20706000210805E5CD812FE1112473D5CD4129E1210E05E5CD812FE1112473D5CD4129E1FE
:20708000F8027E4F878187C6022605E533F533CD812FE13E5EF533CD1A2F33210308E5CD1E
:2070A000812FE1112A73D5CD4129E1210309E5CD812FE1113373D5CD4129E121030AE5CDB0
:2070C000812FE1113E73D5CD4129E121030BE5CD812FE1114C73D5CD4129E121030CE5CD5F
:2070E000812FE1115773D5CD4129E1CDE231F80577F8063A2F4F2AA177E5CB7EE1CA9A7107
:20710000F8077EF80A22AF322A5F566B6223E57DF80877E17CF80777F8037EF80A22AF32F4
:207120002A4F4669602929092929294D44F8062A666F09E57DF80C77E17CF80B77F8042A80
:207140002322AF322A4F466960290929292909292929292929E57DF80877E17CF80777F831
:207160000A2A5F56F8062A666F194D7CF8067123327EF80A77F8077EF80B77F8073AB62086
:2071800007F80A3E0122AF77CD1747F80E2A4F46AF02F80A2A4F46C31473E5F808CB6EE1B4
:2071A000281ACD1747F80E7EF80A77F80F7EF80B322A666F3601010000C31473E5F808CB7A
:2071C00066E12867F80A2A4F46F8082A5F56CDAF20F803792270F8032A4F46AFB93EFA98A5
:2071E00030062B36002336FAF8032A4F460B33335950012800D5CDF126F80771012800D185
:20720000D5CDE826F803792270012800F8032A5F56CDF126F80371014006D1D5CDE826F8A5
:2072200004711E287ECDE126F80471E5F808CB4EE1280DF8027EB7200436021803F80235EB
:20724000E5F808CB46E1280FF8025EAF5713010300CDD026F80271E5F808CB56E1283FF837
:20726000027EB7200FF8077EB720043627182FF80735182AF8027E3D2013F8037EB72004FA
:207280003E271804F8037E3DF803771811F8047EB720043E271804F8047E3DF80477E5F83F
:2072A00008CB5EE12855F8027EB72029F8073A22AF322A5F566B62233333E5F8007EF806FD
:2072C00077F8017EF807320128002A5F56CDF126F807711826F8027E3D2011F8035EAF57B0
:2072E00013012800CDF126F80371180FF8045EAF5713012800CDF126F80471F8052A77F858
:207300000A3420022334CDBD01F80A2A5F56CD5849C3DE6FE80CE1F1E95345454420574F36
:20732000524453002020202020004C2F5220776F726400552F44207363726F6C6C004E65F1
:207340007720736565643A202841290053544152543D706C617900423D6261636B00E8F898
:20736000F804AF2277AFEAADC31E0521E06DCD3636AFCDA245AFF8062277CDE231F80177FD
:20738000F8047E2F4FF8012AA177F8062A4F46F80E2A5F56CDAF20F803792270F8027EE618
:2073A0000C2832E5F804CB56E1280DF8057EB7200436021803F80535E5F804CB5EE1280F52
:2073C000F8055EAF5713010300CDF126F80571F8057ECD4145F8027EE6902854F8057EB779
:2073E000200ACD1747F8034E2346185FF8057E3D202EF8003600CD1747F800E5F8102A4F52
:2074000046F8052A5F56CD726FF8007EB72808F8057ECDA245181978B12030010100182B21
:20742000F8057ED6022009CDC345F8057ECDA245F8063420022334CDBD01F8062A5F56CDEC
:0E7440005849F8017EF80477C37A73E808C94A
:020000040000FA
:0238C90000FFFE
:020000040001F9
:20800000E8EC0E006926001946D55916002102003919D178B7280979D6133004700C18E498
:20802000360021000039E51E0521E750CD3636E1E814C9E8F4F8093273213BDA2A4F46CB2F
:2080400038CB19CB38CB19CB38CB19F80071213DDA2A4F46CB38CB19CB38CB19CB38CB1921
:20806000F801712AC60D77F80AAF2277F80B7E21F3C896D24C411156C1F80B6E2600194D61
:20808000440AB7CA46411152C8F80B6E260019E57DF80577E17CF804322A5F2A571A77F8BB
:2080A0000096DA46417EC6144FF8057E91D246411169C8F80B6E260019E57DF80877E17C95
:2080C000F807322A5F561A47F8019638792378963074F80F7EB72808F80A7EF80F96306CF5
:2080E000F8107EB7281E3E07F5337EF533C533F8087EF533F80C2A575ED51E1121846BCD88
:208100003636E806AFF533F80F7EF533F80D7EF5331E1321F240CD3636E803F80A34B72819
:2081200025F8112A666F233601F8112A4F460303F8032A5F561A02F8112A4F46030303F82B
:20814000062A5F561A02F80B34C36C40F80A7EE80CE1E805E9E8F9F8063273F8015D54F827
:20816000004D4421030039E521040039E5D5C53E05F533F8125EF80E7ECD1021B72013F818
:20818000037EB72805110D421803111542CD00401875217A07E5F8043A474EC5F80D7EF56E
:2081A00033F80A7EF5331E1121846BCD3636E806F806460404C5AFF533C533F8047EF533FC
:2081C0001E1321F240CD3636E803C1F80477B7200D11DCC8F8006E2600195D547812CD235A
:2081E0001D111C42CD0040F80A2A4F463E0102F8047EB72812696023360159501313F8018E
:208200002A120303037E02E807E1E803E9746F6F20666172006E6F206C6F7300536D697462
:208220006521003B477B0404F8045E2356D5267BE533260068E5F8085ECD3340F80077CD05
:20824000231DF8007EB728051160421803116D42CD0040F8042A4F463E010233E1E803E905
:20826000536869656C6420546F73732100546F7373204D697373004BC60247F8032A5F3A3E
:208280002B57D5AF0FF5C5335E79CD3340CD231D11A242CD0040F8032A4F463E0102E1E8F2
:2082A00003E953616E63746966792100FA2BDEEA29DEFA2CDEEA2ADED5CD231D11C742CDBD
:2082C0000040D13E0112C95072617965722100E8F74FF80773F80C7EF80277F80D7EF803CE
:2082E0002279C60277F8083600F8087E21F3C896D2A2431156C1F8086E260019E57DF80791
:2083000077E17CF806322A5F561AB7CA9C4323231152C86E26001933335D54D51AF8057768
:208320001169C8F8086E2600194D440AF806223A2B9630052A23961805F8073A2B964FF822
:208340000B7EF8069630067EF80B961806F80B7EF80696473E01B9384390384079B720036B
:20836000B02839AFF533F8057EF533F80A7EF5331E1321F240CD3636E803B7281FF8022A00
:20838000666F233601F8022A4F2A234703037E02F8022A4F46030303F8067E02F80834C3EA
:2083A000E942CD231D11B943CD0040F80C2A4F463E0102E809E1E803E9486F6C7920426C57
:2083C000617A652100210C00E51E0D21BD4CCD3636E1C9FA3CC1B7280611F343C3004021AB
:2083E0003CC13601D5CD231D110044CD0040D13E0112C9536869656C642049732055700000
:20840000486F6C79204669726520536869656C64003E05F80696D84E060021244409094EB5
:20842000236669E930443B444D445F4471447C44F80A2A5F56F8077EC3D343F80A2A5F3AC9
:208440002B57D53AF5333A5F7ECD5541C9F80A2A5F3A2B57D53AF5333A5F7ECD2342C9F898
:208460000A2A5F3A2B57D53AF5333A5F7ECD7742C9F80A2A5F56F8077EC3AC42F80A2A5F76
:0E8480003A2B57D53AF5333A5F7ECDCF42C93D
:20C00000E8EC0E006926001946D55916002102003919D178B7280979D6133004700C18E458
:20C02000360021000039E51E0521E750CD3636E1E814C9210A00E51E0D21BD4CCD3636E1B2
:20C04000210A00E51E0D21BD4CCD3636E1C957D5116640CD0040D17ACD8204F8022A4F4651
:20C060003E0102E1F1E943616C6C20466F7800D5117B40CD0040D13E0112C9537072696E56
:20C08000742100E8FAF805774BF8005D5421030039E521040039E521050039E5D53E04F5EC
:20C0A00033F8115E79CD1021B72008111441CD0040185BF805460404AFF533C533F8027E18
:20C0C000F5331E1321F240CD3636E803F80477B7201301C5C8F8006E2600094D44F8057E04
:20C0E0003C3C3C3C02CDE81C111E41CD0040F8092A4F463E0102F8047EB728126960233672
:20C100000159501313F8012A120303037E02E806E1E803E94E6F2054617267657400426503
:20C12000617220547261702100E8F9F8063273F8015D54F8004D4421030039E521040039FD
:20C14000E5D5C53E05F533F8125EF80E7ECD1021B72013F8037EB7280511E541180311ED74
:20C1600041CD00401879217A07E5F8043A474EC5F80D7EF533F80A7EF5331E1121846BCD6A
:20C180003636E806F806460404C5AFF533C533F8047EF5331E1321F240CD3636E803C1F862
:20C1A0000477B7201111C5C8F8006E2600195D541A9030027812CD031D11F441CD0040F88A
:20C1C0000A2A4F463E0102F8047EB72812696023360159501313F8012A120303037E02E852
:20C1E00007E1E803E9746F6F20666172006E6F206C6F7300506F69736F6E20446172742149
:20C2000000D5FA1FC167FA1EC16FE51E0D21DD53CD3636E1B72808112942CD0040180611A6
:20C220003942CD0040E13601C94772617665726F623A206C6F6F7421004772617665726F4E
:20C24000623A206475737400D5115442CD0040D13E0112C9536E69706572204D6F646521B7
:20C26000003E05F80696D84E060021744209094E236669E980428F429A42AC42BE42C94241
:20C28000F80A2A5F3A2B57D53A5F7ECD4E40C9F80A2A5F56F8077EC36F40F80A2A5F3A2B87
:20C2A00057D53AF5333A5F7ECD8340C9F80A2A5F3A2B57D53AF5333A5F7ECD2941C9F80AE9
:14C2C0002A5F56F8077EC30142F80A2A5F56F8077EC348425D
:020000040002F8
:20000000E8F4F8093273213BDA2A4F46CB38CB19CB38CB19CB38CB19F80071213DDA2A4F9A
:2000200046CB38CB19CB38CB19CB38CB19F801712AC60D77F80AAF2277F80B7E21F3C896AA
:20004000D23C411156C1F80B6E2600194D440AB7CA36411152C8F80B6E260019E57DF805AC
:2000600077E17CF804322A5F2A571A77F80096DA36417EC6144FF8057E91D236411169C8C6
:20008000F80B6E260019E57DF80877E17CF807322A5F561A47F80196DA3641237896D236F0
:2000A00041F80F7EB72809F80A7EF80F96D23C41F8117EB7281E3E07F5337EF533C533F89F
:2000C000087EF533F80C2A575ED51E1121846BCD3636E806AFF533F80F7EF533F80D7EF558
:2000E000331E1321F240CD3636E8034FF8107EB7281879B7201411C5C8F80B6E2600195D4A
:20010000541A47F8109630027E12F80A3479B72825F8122A666F233601F8122A4F460303E5
:20012000F8032A5F561A02F8122A4F46030303F8062A5F561A02F80B34C33940F80A7EE823
:200140000CE1E806E90000010206080C100102030401020304020304057BF8025ECD820466
:20016000CD341D117541CD8242F8032A4F463E0102E1E803E9546F616420506C6167756553
:200180002100474B114D416826001946F8032A5F3A2B57D53E7AF533AF0FF5C5335E79CDDC
:2001A0000040CD031D11B741CD8242F8032A4F463E0102E1E803E9506F69736F6E20576178
:2001C0006C6C21003B4F532151410600097EF8044E2346C5267AE5332602E5332603E53358
:2001E000F533F8095E7ACD0040F80077CD341DF8007EB72805110D421803111842CD824293
:20020000F8042A4F463E010233E1E803E943617420537769706521004361742053776970BE
:2002200065003B4F532155410600097EF8044E2346C5267AE5332601E5332603E533F53360
:20024000F8095E7ACD0040F80077CD031DF8007EB72805116B421803117742CD8242F804D2
:200260002A4F463E010233E1E803E9496369636C65204F72622100496369636C65204F72BF
:200280006200E8EC0E006926001946D55916002102003919D178B7280979D6133004700C30
:2002A00018E4360021000039E51E0521E750CD3636E1E814C9E8FAF8053273F8015D54F84D
:2002C000004D4421030039E521040039E5D5C53E04F533F8115EF80D7ECD1021B72014F839
:2002E000037EB728051189431803119143CD8242C38343CD031D0E00C5217A07E5F8063A23
:20030000474EC5F80E7EF533F80B7EF5331E1121846BCD3636E806C10C79D60338DACDE8E2
:200320001CF8057EB7200406021825FA2EDE4F060003CB38CB190C114541F8056E26001974
:200340005D541A81F5331E1321BA43CD36363347AFF533C533F8027EF5331E1321F240CD67
:200360003636E8034FF8092A5F563E011279B728126B622336014B420303F8012A02131337
:20038000137E12E806E1E803E9746F6F20666172006E6F206C6F7300E8FB4FF8037B2272E5
:2003A000213BDA2A5F56CB3ACB1BCB3ACB1BCB3ACB1BF80073213DDA2A5F56CB3ACB1BCB2F
:2003C0003ACB1BCB3ACB1BF801733E49814F3E41CE00472AC60D771E007B21F3C896303CD0
:2003E0002156C11600197EB7282F2152C8160019567AF8009638227EC6146F7A95301A21A7
:2004000069C8160019567AF80196380D237A96300821C5C81600190A771C18BD112C44CDD0
:200420008242F8032A666F3601E805C95377616D7020526F6F742100210200E51E0D21BD13
:200440004CCD3636E1210200E51E0D21BD4CCD3636E1C93E05F80696D84E0600216644091F
:20046000094E236669E9724484448F44A144B344C544F80A2A5F3A2B57D53AF5333A5F7E7F
:20048000CDB542C9F80A2A5F56F8077EC39843F80A2A5F3A2B57D53AF5333A5F7ECD5941D7
:2004A000C9F80A2A5F3A2B57D53AF5333A5F7ECD8241C9F80A2A5F3A2B57D53AF5333A5F6E
:1704C0007ECDC441C9F80A2A5F3A2B57D53AF5333A5F7ECD2242C97D
:20400000E8EC0E006926001946D55916002102003919D178B7280979D6133004700C18E4D8
:20402000360021000039E51E0521E750CD3636E1E814C9E8FAF8043273F8003600F80536CD
:2040400000F8057E21F3C896D21A411156C1F8056E260019E57DF80377E17CF802322A5F8E
:20406000561AB7CA14411152C8F8056E2600194D440AF801771169C8F8056E2600194D449D
:204080000AF80222237EF8019630067EF804961806F8047EF801964FF8033A9630042A964F
:2040A0001804F8033A9647F8087EB9386790386479B72003B0285DAFF533F80A7EF533F8D1
:2040C000077EF5331E1321F240CD3636E80347F80A7EB7281878B7201411DCC8F8056E2624
:2040E00000195D541A4FF80A9630027E12F800360178B7281FF80B2A666F233601F80B2A05
:204100004F460303F8017E02F80B2A4F46030303F8027E02F80534C34140F8007EE806E18C
:20412000E805E93B3B4FF8017379B72005FA2EDE181D3E7F212EDE9630043EFF1804FA2EB3
:20414000DE87C5F5331E1321BA43CD363633C15F2194410600097EF8054E2346C52600E52B
:204160003363E533F533F8095EF8067ECD3340F80077CD141DF8007EB72805119841180382
:2041800011A241CD0040F8052A4F463E01023333E1E803E901010203576869726C77696EAB
:2041A0006400576869726C77696E64204D69737300E8FAF805774BF8005D5421030039E59B
:2041C00021040039E521050039E5D53E06F533F8115E79CD1021B72013F8037EB7280511E1
:2041E0004D421803115542CD0040185BFA2EDEF805862600E533F533F8027EF5331E13210C
:20420000F240CD3636E803F80477B7201101DCC8F8006E2600094D44F8057EC60502CDE825
:204220001C115C42CD0040F8092A4F463E0102F8047EB72812696023360159501313F8014F
:204240002A120303037E02E806E1E803E9746F6F20666172006E6F206C6F73004368617282
:20426000676521003B4BC60247212EDE86F8045E23562B2BD5C533571E03D55E79CD3340AF
:20428000F80077CD141DF8007EB7280511A442180311B242CD0040F8042A4F463E01023304
:2042A000E1E803E95468756E646572205761766521005468756E646572205761766500E826
:2042C000FCC603F80077213BDA2A4F46CB38CB19CB38CB19CB38CB19F80171213DDA2A5FD5
:2042E00056CB3ACB1BCB3ACB1BCB3ACB1B7BC60DF8027716007A21F3C896304D3E56826FE4
:204300003EC1CE00677EB7283D3E52826F3EC8CE00674E79F80196382D7EC6144779903080
:20432000253E69826F3EC8CE00677EBB3818F802963013233EC5824F3EC8CE00470A77F89E
:20434000009630027E021418AC115D43CD0040F8072A4F463E0102E804E1E803E953686FB5
:2043600075743A20466561722100E8FA4FF80573C53E04F5331E1421AA45CD363633C1D646
:204380000B2809113E44CD0040C33844F8005D54C521050039E521060039E521070039E5C5
:2043A000D53E05F533F8135EF8107ECD1021C1B72013F8037EB728051147441803114F446D
:2043C000CD00401873C5217707E5F8063A474EC5F80E7EF533F80C7EF5331E1121846BCD08
:2043E0003636E806C13E7F212EDE9630043EFF1805212EDE7E87812600E533F533F8027E03
:20440000F5331E1321F240CD3636E803F80477CDE81C115644CD0040F8092A4F463E0102CF
:20442000F8047EB72812696023360159501313F8012A120303037E02E806E1E803E94E650B
:2044400065642041786500746F6F20666172006E6F206C6F73005468726F772041786521EC
:2044600000D5116D44CD0040D13E0112C95A65726B204D6F64652100210B00E51E0D21BD31
:204480004CCD3636E1C93E05F80696D84E060021994409094E236669E9A544B744C944DBE5
:2044A00044ED44FF44F80A2A5F3A2B57D53AF5333A5F7ECD2341C9F80A2A5F3A2B57D53A5F
:2044C000F5333A5F7ECDB141C9F80A2A5F3A2B57D53AF5333A5F7ECD6442C9F80A2A5F3A7F
:2044E0002B57D53AF5333A5F7ECDBF42C9F80A2A5F3A2B57D53AF5333A5F7ECD6A43C9F885
:0A4500000A2A5F56F8077EC36144E3
:20800000E8FDF802327B3236000E007921B1D996302521B2D906000946F8027E90201221F3
:20802000C6D906000946F8017E902005F8007E18080CF8007118D43EFFE803C9E8FDF80259
:2080400032734E06006960290929292929294D44F8026E260009CB3CCB1DCB3CCB1DCB3C52
:20806000CB1D7DC6864F7CCECF470AF800222A5F878387878787875E83E607571E011418D6
:2080800002CB231520FB2B2B7EB302E803C93B3BF80132734E060069602909292929292953
:2080A0004D44F8016E2600094D445950CB3ACB1BCB3ACB1BCB3ACB1B2186CF197EF579E63D
:2080C0000747F10E01041802CB210520FBB1772106D4197EB177F8017EEAEED9F8007EEABE
:2080E000EFD921F0D936013333C93B3B577BB728147B3DD5F533D5331E02213858CD363666
:20810000E1D1B72003AF18023E01F800777BFE5F30133CD5F533D5331E02213858CD3636F6
:20812000E1D1B72003AF18023E01F801777AB728157A3DD563E533F5331E02213858CD36CA
:2081400036E1D1B720040E0018020E017AD65F301414C57BF533D5331E02213858CD3636A4
:20816000E1C1B72004060018020601F8007EB7280C237EB7280779B72003B0281679B728DA
:208180000F78B7280BF8007EB72005237EB72803AF18023E013333C90000FF01FF01000062
:2081A000E8FAF8043273F80036FFF8053600F8057E21A6D996304AF8054E06006960290965
:2081C000294D442186D8095EF8047E9330047B961804F8047E93F801772187D8097EF80213
:2081E00077F8033A9630062A962B771805F8033A9677F8023A862B4F96300171F805341891
:20820000ADF8007EE806C93B3B4FF8017B32360006007821A6D99630235816006B6229195F
:20822000291186D8197E91200D235EF8017E932005F8007E180804F8007018D63EFF33330E
:20824000C9E8EFAFEAA6D9F80F3601FAABD906004F0BF80F3A2B22AF322A917E9856785FDD
:20826000CB7B2807CB7A2008BF1805CB7A280137D26E43FAA6D9D630D26E43F8103601FADD
:20828000AAD906004F0BF8107EF80D22AF322A917E985678CB7F2807CB7A2008BF1805CB41
:2082A0007A280137D26843FAA6D9D630D26843F80F2A577E5FD51E02213858CD3636E1B78F
:2082C000CA6243F80F2A5F7ECDEA40B7C26243FAA6D9B7280DF80F2A5F7ECDA041D604DA37
:2082E000624321A6D94E060069602909290186D8094D44F8107E0221A6D94E06006960295A
:2083000009290186D809234D44F80F7E0221A6D94E060069602909290186D809232336FF8D
:2083200021A6D94E060069602909290186D80923232336FF21A6D94E060069602909290106
:2083400086D8090104000936FF21A6D94E060069602909290186D8090105000936FF21A6E8
:20836000D934F81034C37F42F80F34C34B42F80E3600F80E7E21A6D996D2E544F80E4E065A
:2083800000696029092933335D54D52186D819E57DF80477E17CF803322A5F566B6223E522
:2083A0007DF80677E17CF80577F80F3600F8022A5F561AF80B77F8042A5F561AF80D222311
:2083C0001198416E260019E57DF80877E17CF80777119C41F80F6E260019E57DF80A77E1FC
:2083E0007CF80977F8103600F80B4EF8062A5F561A6F079F670600094D7CF80A71232223D4
:208400004EF8082A5F561A6F079F670600094D7CF80C712377F80A2A4F4658AF57B998CB77
:208420007B2807CB7A2008BF1805CB7A280137D2D744FAAAD926006F2B5C507995789CCBE1
:208440007B2807CB7A2008BF1805CB7A280137D2D744F80C2A4F4658AF57B998CB7B2807B0
:20846000CB7A2008BF1805CB7A2801373069FAABD926006F2B5C507995789CCB7B2807CB29
:208480007A2008BF1805CB7A280137304AF80A2A222A322BF5337EF5331E02213858CD36C8
:2084A00036E1B72832F80D3A2B5F7ECD0742473C281CF80E7E9028161186D8E1E51923238A
:2084C0005D54F80F6E2600195D5478121809F810347ED618DAE843F80F347ED604DAAD43D1
:2084E0002B34C37243E811C94B5F8787878387878783477987878187879187878791A8212C
:2085000030DE4E23A94F7E5F878387879387878783A94FCB3707E61FA94F87878787814F5A
:20852000CB370FE607A9C94F7B9130037993C97B91C957D57BF533D5331E16210D4ACD360D
:2085400036E1D1B728033E02C97BF533D5331E1621024ACD3636E1B73E01C0AFC9E8F7F8DD
:2085600006327B22233600F8077EF80C96D22C46F8052A2386F80077F8083600F8087EF887
:208580000B96D22646F8062A2386F801322A23774E06006960290929292929294D44F80196
:2085A0006E2600094D7CF8037123322A5F56CB3ACB1BCB3ACB1BCB3ACB1B2186CF194EF81F
:2085C000037EE607473C1802CB393D20FBCB412003AF185A2106D4194E041802CB3905203B
:2085E000FBCB412803AF1846FAACD9F8019630087E21ACD996471807FAACD9F8019647FA87
:20860000ADD9F8029630077E21ADD9961806FAADD9F802964F3E03B83806913803AF180EFD
:20862000F80834C37C45F80734C367453E01E809E1C1E9E8FDF80232730E0079F806963056
:2086400028F8013A8177060078F805963018F8023A2B80C55ECD32455FC1F8077E932803CD
:20866000AF18080418E20C18D23E01E803E1E803E9E8F7F80832737EF80C863CF80077F829
:20868000087EF80B863CF801770E007921ACC396307469260029295D5421FCC219E57DF8EA
:2086A0000477E17CF803322A5F5613131A5F16006B622929197DC62F477CCE0CF80470234B
:2086C000322B2B2A5F561AF80677F8022A666F2346F8042A5F2A571A8623235F1C7E93309A
:2086E000222B2B7EF80196301AF8042A5F2A2357131A805F1C7E93300A78F8009630043E97
:208700000118040C1885AFE809E1C1E9E8FB57F8074E0600CB38CB197982F80077F8084E3C
:208720000600CB38CB197983F80177F8043600F8047E21ACC3963061F8044EAF6967292962
:208740007DC6FC4F7CCEC247696023237EB720440AF80377212F0C6E2600CB3CCB1D7DF8C0
:2087600003862B77030A4F21300C6E2600CB3CCB1D7D81F803323A2B5F7ECD27454FC5F8E0
:20878000053A2B5F7ECD2745C1814FF8099630043E011806F804341896AFE805E1E803E971
:2087A000E8F2F80C327B22012F0C5E16006B62292919094D443333C5D1D51AF80D77FAAA7F
:2087C000D9F80D96C6FCF8022203792278322A5F561A4FFAABD991C6FCF80577FAACC3D633
:2087E0002C3804AFC3A049F8107E3D3E012801AFF80677F8127E3CF80777F8127EC60AF8DD
:208800000877F80D3600F80D7E87F80A775E1CF8077ECDE844F8025ECDE12679C602F809BD
:20882000223A2B3C3C5ECDE844F8055ECDE12679C602F80A77F8032A5F561A47D1D51AC539
:2088400033F533F80C3A5F7ECD5D45B7CA9649F8032A5F561A47D1D51AC533F533F80C3A7A
:208860005F7ECD7146B7C29649F8107EB7201FF8032A5F561A47D1D51AF80B6668E5F533EA
:20888000F80D3A5F7ECD3346B72035C39649F8067EB7282C2B2B2B2A5F561A4F0600CB386F
:2088A000CB1979F80A862B4FD1D51A5F1600CB3ACB1B7B8659CD32454FF80B7E91C2964999
:2088C000F8117EB7281DF8032A5F561A47D1D51AF8116668E5F533F80D3A5F7ECD0C47B743
:2088E000C29649FAACC3F80722AF323A2B2236003E02F805CB2623CB163D20F62B2A5F5620
:2089000021FCC219E57DF80977E17CF808322A5F2A577E12FAACC3F8082236003E02F8085B
:20892000CB2623CB163D20F62B2A5F5621FCC219E57DF80877E17CF807322A5F566B6223B7
:20894000E57DF80A77E17CF809322A5F2A577E12FAACC3F8092236003E02F809CB2623CB30
:20896000163D20F62B2A5F5621FCC219E57DF80977E17CF808322A5F5621020019E57DF8AE
:208980000B77E17CF80A322A5F2A23577E1221ACC3343E01180AF80D347ED640DA0648AF3E
:2089A000E80EE1E803E957D5F8047EF533AF0FF57ACDA047D1B7201FD5F8047EF5332101FD
:2089C00000E57ACDA047D1B7200DF8027EF533210200E57ACDA047E133E94F43C5C533218C
:2089E000003CE559AFCDA047C1B7C0C5C53321013CE559AFCDA047C1B7C0C5C53321023C52
:208A0000E559AFCDA047C1B7C0C53359AFCDA649C9E8EDF811327B224E06006960292909D3
:208A2000E57DF80E77E17CF80D77112F0C3A6E6719E57DF81077E17CF80F327EF80077F8AE
:208A40000F7EF80177D1D51A4FFAAAD991C6FEF81277F80E2A5F566B6223E57DF80477E12C
:208A60007CF803322A5F561A4FFAABD991C6FEF80C77F8164E0C0C79F8109630067EF8166A
:208A80009618023E02F80477F8173A2B4F0C0C799630052A239618023E02F80577F8107E1D
:208AA000F81686F80D77F8127EF80D963006F8127EF80D77F8152A2386F81277F80C7EF86E
:208AC00012963006F80C7EF81277F80D7EF80496380DF80D7EF80496F80D77345E18021E00
:208AE00001F80673F8127EF80596380DF8127EF80596F81277345E18021E01F80773FAAC25
:208B0000C3D62C3804AFC3934CF80E2A5F5621030019E57DF80A77E17CF80977F80E2A5FA2
:208B20005621020019E57DF80C77E17CF80B77F8187EC603F80C77F8187EC607F80D77F84E
:208B4000123600F8127E87F80F775E1CF80C7ECDE844F8065ECDE12679F80486F80E223ABE
:208B60002B3C3C5ECDE844F8075ECDE12679F80586F80F77F8022A5F561A47D1D51AC5335E
:208B8000F533F8113A5F7ECD5D45B7CA894CF8022A5F561A47D1D51AC533F533F8113A5F0C
:208BA0007ECD7146B7C2894CF80A2A5F561AF80E8623235ECD27454FF8167E91DA894CF8EE
:208BC000082A5F561AF80F86F8155ECD27454FF8177E91DA894CFAACC3F80C22AF323A2B72
:208BE0002236003E02F80ACB2623CB163D20F62B2A5F5621FCC219E57DF80E77E17CF80D50
:208C0000322A5F2A577E12FAACC3F80D2236003E02F80DCB2623CB163D20F62B2A5F56210A
:208C2000FCC219E57DF80D77E17CF80C322A5F566B6223E57DF80F77E17CF80E322A5F2AF5
:208C4000577E12FAACC3F80E2236003E02F80ECB2623CB163D20F62B2A5F5621FCC219E5F1
:208C60007DF80E77E17CF80D322A5F5621020019E57DF81077E17CF80F322A5F2A23577E29
:208C80001221ACC3343E01180AF812347ED640DA434BAFE813E1E804E9E8FC4FF8027B2239
:208CA0007211FCC26926002929194D4423235E16006B622929197DC62F5F7CCE0CF8007364
:208CC00023770AE1E523235E83F8025E23666B77F8062A5F56030A4FE1E52323237E8112C7
:208CE000E804E1F1E9E8F9AF47EAACC3F8043600FAACC34FF80378220411D34D6E2600193C
:208D0000E57DF80777E17CF806322A5F561AC5F8055ECDDA49C1FAACC391286EF8005D54EB
:208D2000FAACC33DC521030039E5CD994CC1F8057EF80277F8067EF803222378223600F8A3
:208D400005662E0DE53E14F533F8043AF5335E3E02CD114AB72011F8022A5F2A23571A665B
:208D6000E5335F3E02CDA649F8053423347ED60338CD2B4604C5662E0BE53E11F533F80669
:208D80003AF5335E3E01CD114AC1F804347ED603DAF04CFAACC34F7804C5F533210200E525
:208DA0001E003E03CDA047C17921ACC3963021F8005D54FAACC33DC521030039E5CD994CE7
:208DC0003321110BE5F8043AF5335E3E01CD114AE807C9000102E8FBF801224B79322B87BA
:208DE00081878787878777F8077EF801962866F8024E06006960290929292929294D44F89F
:208E0000016E260009E57DF80577E17CF804322A4F46CB38CB19CB38CB19CB38CB19218638
:208E2000CF094EF8002A86E60747041802CB390520FBCB412808F8032A5F56CD1E0FF801E5
:208E40007EF807963006F8017E3C1804F8017E3DF801771892F8027EF80896286EF8024E40
:208E600006006960290929292929294D44F8016E260009E57DF80577E17CF804322A4F46DD
:208E8000CB38CB19CB38CB19CB38CB192186CF094EF8023A5F8783878787878786E6074756
:208EA000041802CB390520FBCB412808F8032A5F56CD1E0FF8027EF808963006F8024604D8
:208EC0001804F8024605F80270188AF8084E06006960290929292929294D44F8077E2600D5
:208EE0006F09CB3CCB1DCB3CCB1DCB3CCB1D1186CF1946F8083A4F87818787878787F57EC1
:208F0000F80677F186E6075F1C1802CB381D20FBCB40281806006960290929292929294D42
:208F200044F8046E2600095D54CD1E0FE805E1F1E9E8F1CD4A0FF80D3600F80D7E21ACC3B4
:208F400096D25850F80D3A2B22AF323A2B2236003E02F809CB2623CB163D20F62B2A5F5644
:208F600021FCC219E57DF80D77E17CF80C322A4F4603030AD602C252502B2A5F561AF8025F
:208F800077F80B2A4F46030AF803223EFF22AF22223600FA310CF80877FA320CF80977F890
:208FA0000E3600F80E7E21ACC396D23E50F80E7EF80B2236003E02F80BCB2623CB163D20EF
:208FC000F62B2A5F5621FCC21933334D44C503030AF80C77B72061D1D51A77F80886232317
:208FE00032C1C5030A862323327EF8029630067EF80A961806F80A7EF80296F80C327EF87A
:20900000039630067EF80B961806F80B7EF803964FF80C9630014EF8047E3C280679F80578
:20902000963015F80571F80E7EF80477F80A7EF80677F80B7EF80777F80E34C3A34FF80419
:209040007E3C280EF8073A575ED5F8053A5F7ECDD64DF80D34C33A4FE80FC957FAACC3D67E
:209060002C3803AF184DD5210101E57ACD5D45D1B72003AF183D01FCC2FAACC36F2600291A
:20908000290972FAACC36FAF672929092373FAACC36FAF6729290923233604FAACC36F2686
:2090A000002929092323234D44F8027E0221ACC3343E01E133E9E8F4FAACC3F80077FAAA89
:2090C000D9CB3FF80177FAABD9CB3FF80277F809AF22223600F80B7EF80096D25352F80B91
:2090E0007EF80722AF323A2B2236003E02F805CB2623CB163D20F62B2A5F5621FCC219E5C7
:209100007DF80977E17CF808322A5F5621020019E57DF80777E17CF806322A5F2A571A4FD8
:209120002A5F561AF80377F8072A5F56131AF80477060069602929097DC62F477CCE0CF815
:209140000570237779D6023E012801AFF8077779B7200BF80A3A2BE60F2223341840793DE4
:209160002021F8033A2B9638040E0018020E01CBE1F8043A2B9638043E021801AFB1F808AD
:2091800077181BF8077EB7280B23233AE60FF6202234180A79D603C24D52F8083630F805A5
:2091A0002A4F2A47030A5F7EB72834F8037ED6013815237B862B5F7E3DC5F80A66E533CDB0
:2091C0005B50C1B7C24D520AF80486234F2A5F561AF80386F80866E53359CD5B50186E7B43
:2091E000F80486C5F80A66E5335FF8067ECD5B50C1B720590AF80486235F2A4F460AF80392
:20920000863DC5F80A66E533CD5B50C1B7203EF8047ED60138125E1DC5F80A7EF533F80677
:209220007ECD5B50C1B720250AF80386F80866E533F8055ECD5B50B72013F8037EFE013805
:209240000C3DF80866E533F8055ECD5B50F80B34C3D550E80CC9E8F4F8122A4F46110000E2
:20926000C5D5D5C501B17911379ECD5836F80C792278227B2272D1C15358413E05CB20CB8F
:2092800013CB123D20F7F8097EA8227EAB227EAA322A4F46CB38CB19F8082AA94F2AA85EA4
:2092A0002356D547C501ED3A11E785CD5836F808792278227B2272FA2FDEB720034F186068
:2092C000FA2FDED63120041E061854FA2FDED62E38041E051849FA2FDED62538041E01188C
:2092E0003EFA2FDEF80622AF322A5F562101007B955F7A9CF80532732A23E60322AF322A9D
:209300003DB62006F80736031812F8062AD603B62006F80736041804F8073602F8075E4BC1
:20932000793D280979FE032804D604200C21AAD9361421ABD93614180A21AAD9366021AB95
:20934000D93660212FDE7EB728057ED62E38043EFF181BFA2FDEFE253804C6DB1810FA2F88
:20936000DE5F16001BCB3ACB1BCB3ACB1B7BF8077779D6062007FAF7C2873C182AF8077E07
:209380003C2006F8073601181BF8077ED606380436061810F8077ED60338043E0418023EDD
:2093A00002F80777F8077EEAFAC221AAD94E0D0DFAABD9C6FEF80377AF47575FD5C5F80C08
:2093C0002A4F2A472A5F56CD3531793CEAACD9F80A2A5F56D5F80A2A5F56D50195641135C1
:2093E0005FCD5836F804792278227B2272F8042A5F567BC6015F7ACE00F5F80B327B322BAD
:209400002A5F56F17BCE005F7ACE00F80B3273F8034EAF5F57D547C5F80C2A4F2A472A5FDE
:2094200056CD3531793CEAADD9FAACD9F80677FAADD9F80A770100002186CF0936002106B4
:20944000D40936000359507BD6807ADE0438E9AFEAB1D9EAACC3AFEAF0D9F80A5EF8067E45
:20946000CD3C40FA2FDEB7C278572130DE2A4F3A47CB38CB19CB38CB19CB38CB19CB38CBA8
:2094800019CB38CB19CB38CB19CB38CB197EA91E05CDE126211DC1711E16213046CD36366C
:2094A000FAAAD9CB3FF80077EAACD921ABD94ECB3921ADD971F8002A2279223600F80936EC
:2094C00000F8097EF80096D2BD55F8037EB7C2BD55F8097EF80477AF96F80A77F80A5EF88F
:2094E000047E57F80A96CB7B2807CB7A2008BF1805CB7A280137DAB755F8037EB7C2B755B4
:2095000023AF96F80B77F80B5EF8047E57F80B96CB7B2807CB7A2008BF1805CB7A2801373B
:20952000DAB155F8037EB7C2B1552B2B7EF80877F80B86F80877F80577F8027EF808772A7B
:2095400023862B2B773A2B772A22AF322A4F46696029092929292929E57DF80977E17CF8D6
:209560000877F8052A234F06002A666F094D44CB38CB19CB38CB19CB38CB192186CF094EB2
:20958000F8063A5F8783878787878786E60747041802CB390520FBCB412810F8057EEAAC36
:2095A000D9F8067EEAADD9F8033601F80B34C30655F80A34C3DC54F80934C3C154AFF80A78
:2095C0002277CDD52D7B21AAD95E1D1DCDE126793CF80277CDD52D7B21ABD95E1D1DCDE13D
:2095E00026793CF80977FAACD9F8029630077E21ACD9961806FAACD9F80296F80777FAADCE
:20960000D9F8099630077E21ADD9961806FAADD9F80996F808323E02963807233E0296D2A1
:209620005657F8094E0600696029092929292929E57DF80577E17CF804322B7EF80522AF88
:20964000322A5F56F8032A666F19E57DF80977E17CF80877CB3E2BCB1E23CB3E2BCB1E23B8
:20966000CB3E2BCB1E2A5F562186CF19E57DF80777E17CF806322A5F561A4FF8093A2B5FED
:209680008783878787878777F80286E60747041802CB390520FBCB41CA5657F8095EF802D4
:2096A0007ECD3245F80977D6023E012801AFF80877B72805233610180DF8097E3D3E052871
:2096C000023E0BF80977F8094ECDD52D7BE60F91D25657F8052A5F2A571A4F7EF80246807B
:2096E000E607473E01041801870520FC2FA1F8055E23666B77F8087EB72007CDD52DCB7333
:209700002854F802561421AAD94E0D7A9130474A0600F8032A666F094D44CB38CB19CB381A
:20972000CB19CB38CB192186CF094D440A5FF8077E82E607F56BF13C1802CB3D3D20FBCB27
:20974000452813F8077E82E607573E01141801871520FC2FA302F80A3420022334F80A2A73
:209760004F4679D68478DE03DAC255FAADD95FFAACD9CD3C40C3A658FA0EC1D6052013FAFE
:209780002FDEC6D2F5331E1D21F947CD363633C3A658FA0EC1D606200B1E17211649CD36AB
:2097A00036C3A658010000CDD52D7B0707E60357F8067EF80B327EF807777AB720143E01D0
:2097C000F80A9630047E3D1803F80A7EF80777C385587A3D204CFAABD9F80822AF322A5F24
:2097E000562102007B955F7A9CF8073273F80A3A2B223600F8085D54F8061A1396231A9EBB
:209800001A57CB7E2807CB7A2008BF1805CB7A2801373006F80A7E3C1803F80A7EF807776E
:2098200018637AD60220133E01F8069630047E3D1803F8067EF80B77184BFAAAD9F80A2251
:20984000AF322A5F562102007B955F7A9CF809327B322B7EF80A223600F80A5D54F8081AF0
:209860001396231A9E1A57CB7E2807CB7A2008BF1805CB7A2801373006F8067E3C1803F88C
:20988000067EF80B77C5F8095EF80D7ECD3C40C1F80B7EF806227EF80A770359507BD6A0E4
:2098A0007ADE0FDAA757FA2FDEB7CA3C5AFA0EC1D605D23C5AF8063600F80B3600F8067E56
:2098C000D6013E001747F80B7ED6C8D27F59CB40CA7F59CDD52D7B21AAD95ECDE126F80780
:2098E00071CDD52D7B21ABD95ECDE126F80871FAACD9F807962008FAADD9F80896287AF879
:20990000082A22AF322A4F46696029092929292929E57DF80B77E17CF80A77F8072A234F3E
:2099200006002A666F094D44CB38CB19CB38CB19CB38CB192186CF097EF80A77F8083A5FC4
:209940008783878787878786E6075FF5F80C56F13C1802CB3A3D20FBCB42281D2106D4093F
:209960004E1C1802CB391D20FBCB41200CF8083A5F7ECD8E40F8063601F80B34C3BD58F801
:20998000064E78B7CA3C5A06007821ABD996D23C5A79D601D23C5A0E00F80B3600F80B7E43
:2099A00021AAD996D2385A79D601D2385A6826005D5429192929292929E57DF80B77E17CCE
:2099C000F80A77F80B3A5F16003A6E67195D7CF807732377F80B7E21ACD9962006FAADD9EC
:2099E00090284FF8072A5F56CB3ACB1BCB3ACB1BCB3ACB1B2186CF197EF80977F8077EE6D9
:209A000007F80A32F56EF13C1802CB3D3D20FBCB45281F2106D4195EF80A7E3C1802CB3B5C
:209A20003D20FBCB43200BC558F80D7ECD8E40C10E01F80B34C39D5904C38959FA2FDEB733
:209A40002851FA2FDED63120043E061846FA2FDED62E38043E05183BFA2FDED62538043E60
:209A6000011830FA2FDEF80822AF322A5F562101007B955F7A9CF80B32737EE6035F160089
:209A80007B3DB220043E03180A7BD603B23E0428023E02B72804FE0538040E00182BFE01B1
:209AA00020040E041823D60420034F181CCDD52D7B1E0BCDE12679C60A5FFA2FDE933803F1
:209AC000AF18057B212FDE964F3E149130020E14AFF80A2277FAB1D991D2E45B6926005D99
:209AE00054291929292911500019455CF80A2A907E9BD2E45BCDD52D7BC521AAD95ECDE195
:209B000026F80871C1CDD52D7BC521ABD95ECDE126F80971C1F8072A22AF322A5F566B62FC
:209B200029192929292929E57DF80A77E17CF80977F8062A235F16002A666F19457CF808CD
:209B40007023223420022334FAACD9F80696200AF8077E21ADD996CAD55AF8082A5F56CB09
:209B60003ACB1BCB3ACB1BCB3ACB1B2186CF1946F8087EE6076F3C1802CB383D20FBCB4084
:209B8000CAD55A7BC6065F7ACED4571A5F2C1802CB3B2D20FBCB43C2D55AC5F8093A5F7ECA
:209BA000CD0040C13CC2D55A3EB221B1D9865F3ED9CE0057F8067E123EC621B1D9865F3E8E
:209BC000D9CE0057F8077E123EDA21B1D9865F3ED9CE0057D5CDD52D7BD1E6011221B1D980
:209BE00034C3D55AFA2FDEB72011CDE54CCD314FCDB6501E1721F742CD3636FA2FDEB72884
:209C000007FA0EC1D6053806AFEAA6D91803CD4142E80CC9F8067E3D2038EAADC31E05216C
:209C2000E06DCD3636CDBD01CD940DAFF5331E0521E76DCD363633212FDE7EFE253808C6F5
:209C4000DB87873C771804212FDE34AFEA0DC1C3985FF8067ED602C21A5DAFEAADC31E0510
:209C600021E06DCD3636CDBD01CD940D3E01F5331E0521E76DCD363633FA2FDED631200F9C
:209C80002113C136C0AFEA2FDEEA0DC1C3985F212FDE7ED62E3E00174FCB4120127EC6D219
:209CA000F680EA13C1AFEA2FDEEA0DC1C3985F212FDE7ED6253E001747CB4020107EC6DBBB
:209CC000EA13C1AFEA2FDEEA0DC1C3985FCB402003AF1807FA2FDE3DE6033C3D2030FA2F93
:209CE000DEB72804CB4120043EFF181BCB402007FA2FDEC6DB1810FA2FDE06004F0BCB3897
:209D0000CB19CB38CB1979C625EA2FDE1804212FDE35210DC13601C3985FF8067ED6042048
:209D200072212FDE7EB728057ED62E38040EFF181BFA2FDEFE253805C6DB4F180FFA2FDE9E
:209D400006004F0BCB38CB19CB38CB19AFEAADC3C51E0521E06DCD3636C1CDBD01C5CD94CB
:209D60000D3E01F5331E0521E76DCD363633C1413E011E0004180387CB130520FA2111C176
:209D8000B6227BB6772113C171AFEA2FDEEA0DC1C3985FF8067ED6032053AFEAADC31E05D1
:209DA00021E06DCD3636CDBD01CD940DAFF5331E0521E76DCD363633FA03C1EA2FDEAFEADA
:209DC0000DC1FA2FDED631C2985F010CC10ACB8F0221B5C136000E0079C6906F260011B7B3
:209DE000C11936000C79D60338EEC3985FAFEAADC31E0521E06DCD3636AFEA2FDEEA0DC1E4
:209E0000AF2111C122772113C136FFAFEA0EC1EAF4C20E002106C106000936000C79D60738
:209E200038F2212BDE3E1422AF77212DDE3601212EDE3601AF2114C12277AFEA1AC11E1B82
:209E4000214545CD3636FA1BC13D3E012801AF4FB728072116C1360F1821FA1BC1D602207B
:209E6000072116C1360A1813FA1BC1D60320072116C1361418052116C1360A79B72810AFF4
:209E8000EA17C12118C136052119C1360F183CFA1BC1D6022010AFEA17C12118C1360F2188
:209EA00019C136051825FA1BC1D60320102117C1360AAFEA18C12119C13605180E2117C171
:209EC000360F2118C13605AFEA19C1FA2BDEEA29DEFA2CDEEA2ADE1E0D21934CCD3636AF98
:209EE000EAE6C221EAC236FF0E0021E7C206000936000C79D60338F20E0021EBC20600093E
:209F000036000C79D60938F2FA1BC1D6022057212C00E51E0D21BD4CCD3636E1214E00E563
:209F20001E0D21BD4CCD3636E1212D00E51E0D21BD4CCD3636E10E0059214DC21600197ECC
:209F4000D62D201B216BC20600093E0177F533612E2DE51E1421BF42CD3636E80318071C34
:209F60007B4FD61E38D30E002185C106000936000C79D63238F20E0021B7C10600093600BB
:209F80000C79D69638F2CD4703CDBD01AFF5331E0521E76DCD363633FA2FDEB7200421F432
:209FA000C234FA2FDECB3707E61F6F26001106C1194EFA2FDEE607473C1802CB393D20FBD5
:209FC00079E601EA05C14E3E01041801870520FCB1771E0521F74FC33636C56B62D50107CF
:209FE00000C5018E605D54CDFE28D121070019D5010700C50195605D54CDFE28D1210E00BB
:20A0000019D5010700C5019C605D54CDFE28D121150019D5010700C501A3605D54CDFE287A
:20A02000D1211C0019D5010700C501AA605D54CDFE28D121230019D5010700C501B1605D69
:20A0400054CDFE28D101B860212A00195D54210700E5CDFE28E13600E5233601E1E5232358
:20A060003602E1E52323233603D1D5210400193604D1D5210500193605D1D52106001936E6
:20A0800006F8042A4F463E07023333E1F1E9494A0803010000595A04030100006F6F040358
:1FA0A000050200191A04030703036A6A1805040000393908040600006D6E0C04000000EF
:20C00000C5211C0019D5010700C50168405D54CDFE28D121230019D5010700C5016F405D39
:20C0200054CDFE28D1210E0019D5010700C50176405D54CDFE28D1017D40212A00195D54FF
:20C04000210700E5CDFE28E13604E5233605E1E523233602E1E52323233606F8042A4F4618
:20C060003E04023333E1F1E96A6A1805040000393908040600006F6F04030502006D6E0C0F
:04C0800004000000B8
:020000040003F7
:20000000C521150019D5010700C50168405D54CDFE28D16B62D5010700C5016F405D54CD6F
:20002000FE28D1210E0019D5010700C50176405D54CDFE28D1017D40210700195D542107DB
:2000400000E5CDFE28E136034D44C503AF02E1E523233602E1E52323233601F8042A4F463F
:200060003E04023333E1F1E9191A0403070303494A08030100006F6F0403050200595A0492
:040080000301000078
:20400000F8067ED64F3802AFC9111640F8066E2600194D440AC900000000000201020202CE
:20402000000202020202020202020202020202020202020202020202020202020202020242
:2040400002020002000000000000000000000000000000000000000000000000000000005A
:204060000000000000287573527508474858686B777B185757575757575757575757575732
:204080005757575757575757575757575757575757755C7575757575757575757575757597
:2040A0007575757575757575757575757575757575757575050405040103040303040403B1
:2040C000030303000403000403000403000403000403000403000403000403000403000494
:2040E00001040303030303030303040404040404040401010101010101010505050505055D
:204100000505003F424B42584267426E427A428642914298429E42A442B042B442BB42C0F8
:2041200042C042C042CB42CB42CB42D542D542D542DF42DF42DF42EA42EA42EA42F442F4BC
:2041400042F442FF42FF42FF420A430A430A431643164316432243224322432D43384342D6
:20416000435043504350435043504350435043524350435043504350435043504350435FFE
:20418000436E435043504350435043504350437D4350435043504350435043504350438C68
:2041A000439943C243E9431144374464448C44B244D544FB44204544456B458F45BE45DCC8
:2041C00045FE4520463E465D467D469B46B946DA46FA461B4739475A4779479D47BE47DEBD
:2041E00047FF471C483B485A487D489F48C648E9480B493149534973499749BB49E1490288
:204200004A024A024A024A024A024A024AE149024A024A024A024A024A024A024AE149E143
:2042200049024A024A024A024A024A024AE149024A024A024A024A024A024A024A034A489A
:2042400065616C20506F74696F6E004465617468205363726F6C6C004269674865616C2072
:20426000506F74696F6E0043616E646C6500526F6F74205363726F6C6C0052757374792004
:2042800053776F726400426F6F6B3A204865616C0048656C6D65740054756E696300426F9D
:2042A0006F747300426F772026204172726F770041786500536869656C64004D6163650022
:2042C0004D696768742052696E67004B65656E2052696E6700526167652052696E6700478C
:2042E000756172642052696E67005665696C2052696E67005669676F722052696E67005615
:20430000616C6F722052696E670048756E7465722052696E67004D79737469632052696E57
:20432000670053746F726D2052696E6700506F72743A20426F7373005769746368204861F3
:2043400074005363726C3A486F6C7946697265003F005363726C3A43616C6C466F780053F0
:2043600063726C3A4665746964426F6C74005363726C3A5377616D70526F6F7400536372A3
:204380006C3A576869726C77696E64005363726C3A4C6576656C3130002B3530252048502B
:2043A0002E204120736D616C6C207669616C206F66206372696D736F6E206C6971756964B1
:2043C0002E00426C6173747320616C6C20696E2073696768742E20416E20617263616E6530
:2043E000207363726F6C6C2E00526573746F7265732066756C6C2048502E2041207261720A
:204400006520676F6C64656E20656C697869722E002B33206C696768742072616469757385
:204420002E204120737475626279207761782063616E646C652E00526F6F747320616C6C9F
:2044400020656E656D696573203132207475726E732E204D6F7373792070617263686D650E
:204460006E742E002B342061747461636B2E2041206E69636B656420626C6164652C207341
:2044800074696C6C2073686172702E002B3235252048502E204120646F672D656172656475
:2044A00020746F6D65206F66206865616C696E672E002B35206D61782048502E204120627D
:2044C000617474657265642069726F6E2068656C6D65742E002B3130206D61782048502E76
:2044E0002048656176792072696E6773206F6620636861696E6D61696C2E002B32206C6921
:20450000676874207261646975732E20576F726E206C65617468657220626F6F74732E0042
:204520004C6F6F73657320616E206172726F7720617420746865206E6561726573742066DE
:204540006F652E00436C656176657320757020746F2032206E656172627920666F657320AE
:204560006F6E2061747461636B2E002B3130206D61782048502E2041206261747465726558
:20458000642069726F6E20736869656C642E002B352061747461636B2C206368616E636572
:2045A00020746F207374756E2E2041207370696B65642069726F6E206D6163652E002B32C6
:2045C0002061747461636B2E204120706C61696E2069726F6E2062616E642E002B342061E5
:2045E000747461636B2E204120626576656C6C656420737465656C2062616E642E002B3631
:204600002061747461636B2E20412072756E652D6574636865642077617262616E642E00D2
:204620002B352520637269742E20412073686172702D65646765642072696E672E002B31D6
:20464000302520637269742E204120666163657465642067656D2072696E672E002B3135D0
:204660002520637269742E2041206B65656E20676C61737320736C697665722E002B332056
:2046800061747461636B2E2041206A6167676564207265642062616E642E002B36206174FD
:2046A0007461636B2E204120626C6F6F642D7761726D2062616E642E002B392061747461A3
:2046C000636B2E204120777261746866756C2069726F6E20636F696C2E002B3525206172AB
:2046E0006D6F722E204120746869636B2062616E6465642072696E672E002B3130252061FC
:20470000726D6F722E204120706C6174656420737465656C2072696E672E002B313525209F
:2047200061726D6F722E20412062756C7761726B207369676E65742E002B3525206D6167FF
:204740006963206465662E204120636F6F6C206A6164652072696E672E002B313025206DF2
:2047600061676963206465662E2041207761726465642072696E672E002B313525206D618E
:20478000676963206465662E20412073696C656E74207665696C2072696E672E002B35200B
:2047A00048502C202B33252061726D6F722E2041207374757264792072696E672E002B319D
:2047C000302048502C202B36252061726D6F722E20412068616C652072696E672E002B313B
:2047E000352048502C202B39252061726D6F722E204120746974616E2062616E642E002BD9
:20480000312061746B2C202B342048502E20412062726176652062616E642E002B32206124
:20482000746B2C202B382048502E20412076616C69616E742072696E672E002B3320617443
:204840006B2C202B31322048502E2041206865726F27732072696E672E002B3425206372ED
:2048600069742C202B332520646F6467652E2041206C697468652072696E672E002B38251E
:2048800020637269742C202B362520646F6467652E2041206861776B2072696E672E002BCE
:2048A00031322520637269742C202B392520646F6467652E2041207072656461746F722076
:2048C00072696E672E002B3425206D6465662C202B332520646F6467652E2041206D6973D0
:2048E00074792072696E672E002B3825206D6465662C202B362520646F6467652E204120E5
:20490000736565722072696E672E002B313225206D6465662C202B392520646F6467652E55
:2049200020416E20617263616E652072696E672E002B312061746B2C202B342520646F643D
:2049400067652E204120627265657A792072696E672E002B322061746B2C202B3825206438
:204960006F6467652E20412067616C652072696E672E002B332061746B2C202B3132252075
:20498000646F6467652E20412074656D706573742072696E672E00576172707320746F2035
:2049A000746869732064756E67656F6E277320626F737320666C6F6F722E002B3525206D3C
:2049C00061676963206465662E20412063726F6F6B656420706F696E746564206861742EC0
:2049E0000041207765616B20636F70792E20416E7920636C6173732063616E20636173740A
:204A00002E0000544553543A206A756D707320796F7520746F206C6576656C2031302E0038
:204A2000F8067ED64F3802AFC9116540F8066E2600194D440AC9F8067ED64F38033E05C976
:204A400011B440F8066E2600194D440AC93B3BF8087ED64F300E01A1415EAF6B6729092ACD
:204A60004F46180301A34AF8013600F80B7EB7282FF8016E2600095D541AF80077F8092ADF
:204A80005F56F8016E2600195D54F8007EB7280E23347EF80B963006F8007E1218D3AF12CF
:204AA0003333C9003B3BF8087ED64F300E0103415EAF6B6729092A4F46180301FA4AF80102
:204AC0003600F80B7EB7282FF8016E2600095D541AF80077F8092A5F56F8016E2600195D5E
:204AE00054F8007EB7280E23347EF80B963006F8007E1218D3AF123333C93F00E8F9F800E0
:204B00003600F8117EB7CA584CF80E7EB7CAB44B7E07E6014FB72805AF96471803F80E461D
:204B2000F806703E01F81196301FF8003601F80F7EF80477F8107EF8057779B73E2D2002FC
:204B40003E2BF8045E23666B77F8067EEE80D68A382CF8004E0C79F81196301CF8007E71DC
:204B60005F1600F80F2A666F19E57DF80677E17CF805322A666F3631F8067EC6F677F80031
:204B8000460478F811963014F8005E701600F80F2A666F194D44F8067EC63002F8004E0C1E
:204BA00079F81196300EF8005E711600F80F2A666F193620F80D7EFE4F302CF80522AF3221
:204BC0003A2B22AF32CB2623CB162B2A5F5621034119E57DF80777E17CF806322A5F3A5771
:204BE0001A22131A771807F8053E5B22364CF8057EF80177F8067EF80277F8063600F80177
:204C00002A5F56F8066E2600194D440AF80377B72837F8007E3CF80477F81196302BF800D0
:204C20007EF805327EF80077F8055E1600F80F2A666F19E57DF80677E17CF80522342B2B6D
:204C40002A5F3A2B577E1218B5F80F2A5F56F8006E2600194D44AF02E807C93F000E0011CF
:204C60004DC2431E0078836F7ACE00677E3C200279C91C7B4FD61E38EC3EFFC9014DC21168
:204C800000006A2600097E3C28011C147AD61E38F17BC9014DC21E006B26000936FF216B04
:204CA000C216001936002189C2160019360021A7C216001936001C7BD61E38DCC93B3BF837
:204CC000087EF5331E0D210040CD363633D6023E042801AFF80077F8087ED60A3E142802F3
:204CE0003E01F80177F8087EF5331E0D210040CD363633B7203C4F59214DC216001946F80F
:204D0000087E9020263E89815F3EC2CE00571AF8016E4F060060094D443EFFB93E0098309F
:204D2000043EFF18017D123E0118441C7B4FD61E38C6F8004E4678D61E30333E4D805F3E14
:204D4000C2CE00571A3C2022F8087E123E89815F3EC2CE0057F8017E123EA7814F3EC2CE6C
:204D60000047F8097E023E011805044818C8AF3333C9E8F5F8117ED61ED2B94F1189C2F87F
:204D8000116E2600194D440AFE0238053D02C3B94FF8117EF80577F8052A3C77D61ED21FB9
:204DA0004E2B114DC26E260019E57DF80977E17CF808322B114DC26E260019E57DF80B7770
:204DC000E17CF80A322A5F561AF8075E23666B77116BC2F8056E2600194D44116BC2F806CC
:204DE0006E2600195D541A021189C2F8056E2600194D441189C2F8066E2600195D541A02CE
:204E000011A7C2F8056E2600194D4411A7C2F8066E2600195D541A02F8063A77C3974D2174
:204E20006AC236FF2188C2360021A6C2360021C4C23600F8117ED604D2B94FFA50C2FEFF90
:204E4000CAB94FF5331E0D210040CD363633D602C2B94FF8003604F80A3604114DC2F80A2E
:204E60006E260019E57DF80377E17CF802322A5F561AF809773CCA164FF8097EF5331E0D7A
:204E8000210040CD363633F80977D602CA164FF8012A5F2A571A77116BC2F8006E2600194F
:204EA000E57DF80677E17CF805322A5F2A571A771189C2F8006E260019E57DF80977E17CBC
:204EC000F808322A5F2A571A7711A7C2F8006E2600194D440AF80A77FA50C2F8015E2366E6
:204EE0006B77FA6EC2F8045E23666B77FA8CC2F8075E23666B77FAAAC2021150C2F8037ECD
:204F000012116EC2F8067E12118CC2F8092A1211AAC27E12180FF80A347EF80077F80A7E3D
:204F2000D61EDA5B4EF8007ED61EDAB94FF80836040604114DC268260019E57DF80B77E1E6
:204F40007CF80A322A5F561A3C204A2BFA50C25E23666B77116BC2F8086E2600194D44FA8C
:204F60006EC2021189C2F8086E2600194D44FA8CC20211A7C2F8086E2600195D5401AAC2D6
:204F80000A122150C236FF216EC23600218CC23600AF02180904F8087877D61E3895F808DB
:204FA0007ED61E38142150C236FF216EC23600218CC2360021AAC23600E80BC9E8D1F83639
:204FC0007EF82677F8377EF827322A666F3600F8262A4F3A4703AF022A5F5621040019E5BD
:204FE0007DF82A77E17CF829322A666F3600F8357ED604D21E53014DC2F8356E2600094DC7
:20500000440AF82A777E3CCA1E53F82A7ED60A202AF8262A5F56D51E10213F41CD3636E12F
:20502000F8362A5F561AB7CA1E532B2B7EF5331E0D21724DCD363633C31E53F82A7ED62E0C
:2050400038437ED64E303E7EC6D2F8265E2356D5F5331E1B21BD45CD3636E803F8362A5F86
:20506000561AB7CA1E53F82A7EF5331E11215C5BCD363633F8357EF5331E0D21724DCD36B2
:205080003633C31E53211400393E12F533E5F82D7EF5331E0D21A44ACD3636E804F82E3622
:2050A00000112153F82E6E2600194D440AF82B777EB72824E5210200395D54E1F82E6E2655
:2050C0000019E57DF82E77E17CF82D322A5F3A2B577E12F82E3418C9F82E5E0E00D559161E
:2050E000002116003919D14678B728137BD613300ED516002102003919D11C0C7018DE162F
:20510000002100003919360021000039E51E0521E750CD3636E1F82A7EB72038FA2BDE4F11
:20512000212CDE46CB38CB19792129DE86234F788E47212BDE799623789E380FFA2BDEEA8B
:2051400029DEFA2CDEEA2ADEC3E9522129DE792270C3E952F82A7E3D2012F8262A5F56D542
:205160001E0F210040CD3636E1C3E952F82A7ED602200FFA2BDEEA29DEFA2CDEEA2ADEC335
:20518000E952F82A7ED603202EFA3DC14F0600030303F82D792278322A4F463EFFB93E005A
:2051A0009830043EFF1803F82D7EEA3DC1F8282A666F3601C3E952F82A7ED6042012F82622
:2051C0002A5F56D51E10210E42CD3636E1C3E952F82A7ED6062040FA2BDE4F212CDE46CBFA
:2051E00038CB19CB38CB19792129DE86234F788E47212BDE799623789E380EFA2BDEEA29F8
:20520000DEFA2CDEEA2ADE18062129DE792270212CC13605C3E952F82A7ED62CC2A25221A9
:205220002FDE7EB728057ED62E38040EFF181D212FDE7ED62538067EC6DB4F180FFA2FDE7E
:2052400006004F0BCB38CB19CB38CB19793C2807FA2FDED625383CF8164D44364EF8173E56
:205260004F223E20223E45223E4622223E45223E43223E54223E20223E48223E45223E5277
:20528000223E45223600C51E0521E750CD3636E1C31E53798787C604EA03C12102C1360367
:2052A0001847F82A7ED64E2040FA2DDED60A382CF8164D44364EF8173E4F223E20223E453E
:2052C000223E4622223E45223E43223E54223600C51E0521E750CD3636E118423E0AF5338E
:2052E0001E1321BF40CD363633F82A7EF5331E11215C5BCD363633F82A7EF5331E0D2100A2
:2053000040CD3636333D280EF8357EF5331E0D21724DCD363633F8362A4F463E0102E82FDF
:20532000C9557365642000F8067E1E3FCDE1262137530600097EC900000000000101010141
:205340000102020202020303030303040404040405050505060606060707070708080808B7
:20536000090909090A0A0A0A0B0B0B0C0C0C0D0D0D2E363E3F46CDD52D7BE60F6F26001169
:205380009F53194ECDD52D7BC51E64CDE12679C1B7200ACDD52D7B1E0CCDE1260D79C9009D
:2053A00000000000000000FFFF010101020203CDD52D7B1E0ACDE126CDD52D7BC51E0ACD9B
:2053C000E12679C1FE0630040600180AD6093004060118020602798781C60E80C93B3BF8E4
:2053E000093A577E5FD51E02218857CD3636E1B72804AFC3AE54CDD52D7B1E14CDE1267907
:20540000D6023804AFC3AE54F80036000E0021C5C20600097E3CC2A354CDD52D7B1E3FCD2A
:20542000E126692600113753197EF80177CDD52D7B1E64CDE12679D60C300B1E0D21AF53B0
:20544000CD3636F8017711C5C2F8006E2600194D44F8013A0201CDC26E2600094D44F808E2
:205460007E0201D5C2F8006E2600094D44F8097E0201DDC2F8006E260009E5F8037EF533B2
:205480001E0D210040CD363633C1D602200DC51E0D217653CD3636C15F18021E007B023E28
:2054A00001180B0CF8007977D608DA0E54AF3333C9E8FDF80236001E0021C5C21600197E54
:2054C0003CC28B55CDD52D7B1E3FCDE126693E37856F3E53CE00677EF80177CDD52D7B1E85
:2054E00064CDE12679D618300B1E0D21AF53CD3636F8017711C5C2F8026E2600194D44F813
:20550000012A0211CDC26E2600194D44F8097E0211D5C2F8026E2600194D44F80A7E02F8A5
:20552000017EF5331E0D210040CD363633D60220491E0D217653CD3636F800771E0D21760C
:2055400053CD36364F11DDC2F8026E260019E57DF80377E17CF802322B597E5791CB7B2864
:2055600007CB7A2008BF1805CB7A2801373803F8004EF8012A666F71180D01DDC2F8026E1F
:205580002600094D44AF023E01180B1CF8027B77D608DAB954AFE803C93B3BF8093A577E82
:2055A0005FD51E02218857CD3636E1B72804AFC36A56CDD52D7B1E64CDE12679D61E38041F
:2055C000AFC36A56F80036000E0021C5C20600097E3CC25F56CDD52D7B1E3FCDE12669266B
:2055E00000113753197EF80177CDD52D7B1E64CDE12679D60C300B1E0D21AF53CD3636F854
:20560000017711C5C2F8006E2600194D44F8013A0201CDC26E2600094D44F8087E0201D5FB
:20562000C2F8006E2600094D44F8097E0201DDC2F8006E260009E5F8037EF5331E0D2100FA
:2056400040CD363633C1D602200DC51E0D217653CD3636C15F18021E007B023E01180B0C82
:0D566000F8007977D608DACA55AF3333C9A0
:20800000E8F3F8077B2272F805792278222A5F56D5CD4A36E14B42F8052A5F56D5CD4A36D8
:20802000E804D5F8013AB62807799623789E3006010000C3CF40AFF8022277D1D579935FC3
:20804000789A474BAFF8092277AFF80B2277F80B5D54F8001A1396231A9E3034F8092A5FB0
:208060002A572A666F195D54F8072A666F195D541AF804222A5F56F80B2A666F195D541AF1
:208080005FF8047E932009F80B3420C2233418BEF8007EF80B962017F8017EF80C96200F7F
:2080A000F8072A5F56F8022A666F194D441820F8093420022334F8097EF80277F80A7EF8F1
:2080C0000377F809799623789ED24940010000E80DC94A08B0105621FF7F4A0837013E02F2
:2080E0007F07000006311F0A5F23E8FCF8027B227A322A4F461186CFCD004059504B7A470A
:20810000B3284B214BDB7ED60630431133DB6E2600291979D6864F78DECF712377FA4BDBBC
:208120006F2600293E3F854F3EDB8C47195D541AF80022131A77F8022A5F56D5CD4A36E1C6
:20814000E1E5195D547B02037A02214BDB34E804C9E8FBF8027B227A223600F8047E214B31
:20816000DB963037F8044EAFCB218FF800712377D1D52133DB192A4F46F8022A917E983800
:2081800015D1D5213FDB192A4F46F8022A917E9830043E011806F8043418C0AFE805C9C583
:2081A000D501A642C50186CFC5CDC32DE804C11186CFCD302901D3431186CFCD3029C1C502
:2081C0001186CFCD302901ED431186CF3333C330293333C918441E44234428442E44324452
:2081E00038443E44434448444E44534459445F4465446B44714477447D44824487448C441B
:20820000924497449C44A144A644AB44B044B544BB44C144C744CD44D344D944DF44E54482
:20822000EB44F044F544FA44FF4404450A45104515451A451F45244528452D4533453945D9
:208240003E45424548454D45524557455C45614566456B45704576457C45814586458C458D
:20826000914596459B45A045A545AA45AE45B345B845BD45C345C945CF45D545DB45E1453B
:20828000E745ED45F345F845FD45034609460F4615461B462146244627462A462D462E468B
:2082A00031462D462D46496E20616E6F7468657220776F726C6420746865207769746368B1
:2082C0002D64656D6F6E204D41524120656D65726765642066726F6D2068756D616E207384
:2082E000706974652E0A0A48657220746F776E277320636173746C6520626563616D6520B0
:20830000612073756E6B656E20666F727472657373206F6620686174652E0A0A576974681B
:20832000696E20686572204372696D736F6E204B6565702068657220706F776572732067C1
:208340007265772E2E2E0A0A4E6F772C206372656570696E672074656E6472696C73206F50
:2083600066206865722072616765206861766520746F726E207468726F75676820776F7239
:208380006C646C7920626172726965727320696E746F20796F7572207265616C6D2E0A0A72
:2083A0004D6172612773206576696C2068617320617272697665642D204865726520696EA1
:2083C0002074686520636F6E74696E656E74206F6620000A0A596F752C2061732074686563
:2083E000206C617374206B6E6F776E2000206F662072657075746520696E207468652072A8
:208400006567696F6E2C2073656E736520612071756573742E2E2E004165746872004475D6
:20842000736B0049726F6E0054686F726E004173680053746F726D00426C65616B00476FF5
:208440006C640052696D6500456D626572004D6973740046726F737400476C6F6F6D0052D9
:208460006176656E00537769667400537465656C0053746F6E65004E696768740044617729
:208480006E004D6F6F6E00566F696400436C6F75640042616E650043726F77004861776BB0
:2084A00000576F6C6600537461720050616C65004461726B004272616D6200576869737097
:2084C000004372696D7300517569657400486F6C6F770057696E74720053756D6D72004421
:2084E0007269667400536861646F005779726D0046656C6C004772696D0053616C74005330
:20850000616E64004E6F72746800536F7574680045617374005765737400477265790048FB
:20852000696768004661720076616C65007370697265006D617263680077696C6400666599
:208540006E00636F617374006D6F6F72006C65616600686F6C64006465657000666F72644E
:2085600000776F6C6400676C656E0064616C650072696467650062726F6F6B006372616744
:20858000007065616B00686176656E006D69726500706173730072756E6500676174650069
:2085A000776172640069736C650062617900726F636B0064756E65007469646500736861E7
:2085C0006465006D6172736800626173696E00737472617400666A6F72640067756C636854
:2085E00000636861736D007661756C74006372797074006E6F6F6B0064656C6C0074686F6E
:20860000726E00626C6F6F6D007265616368006368616E6E0068617262720073756D6D7411
:20862000006F73007573006F640069640000657300756E003B3B4B421186CFD5CD4A36E1A9
:208640006B62237DD6907CDE01301D7B915F7A9857132186CF0933334D44C5E1E523D55D62
:2086600054CDC927E1360AE53333C9E8FBAFF80022771186CFE1E5194D440AF80477B7CABD
:208680004947D1D50E002186CF197EF80477B7280DD60A280979D6123004130C18E8F80469
:2086A0007EB7CA4947F8047ED60A2006133333D518C0F8002A46C6124F30010423237922E0
:2086C00070F8005D54F8031A1396231A9E3E0017F80277B7281A232A4F460B2186CF097E3F
:2086E000D620280CF8032A5F3A571B7B227218D1F8027EB7281A234E23460B2186CF09361D
:208700000AF8037EF80077F8047EF80177C37246F8002A46C6124F3001041186CFD5CD4AEC
:2087200036E16B62235950137DD6907CDE01380C2186CF09360A3333D5C37246D55950CD34
:208740003446D13333D5C37246E805C93B2116D1AF2277F800010000712186CF097EB72891
:2087600025D60A201EF8005EAF57137BD6287ADE003013345EAF6B67291116D1195950132A
:208780007B22720318D3F8007E3CEA66D133C9E8D3F82C774B421E00D516002102003919AC
:2087A000D13600D516002116003919D136001C7BD61438E479D60378173F1FDE80DA434898
:2087C0002166D16E26002323237995789C307479C6FD6F0116D1260029092A4F462186CF5E
:2087E000094D441186CF79935F789AF829327B22233600F82A7ED61230496E2600095D5464
:208800001A57B7283ED60A283AF82A2A3C775ED516002102003919D17AC6E077F8282A56C3
:20882000236E2600856F7A8CC5D55D57CD5141D1C1B72809160021140039193607F82B3A29
:208840007718B021000039E5211401E5F830662E00E5CD3F37E8063E01E04F21140039E5EC
:20886000211401E5F830662E00E5CD3F37E806AFE04FE82DC90167D11E006B260009360028
:208880001C7BD61238F4C9E8F6F8087B2272F8023600F80736001167D1F8076E260019E538
:2088A0007DF80577E17CF804322A5F2A23571A777EB7C23B491179D1F8026E260019E57D9F
:2088C000F80777E17CF8062223F00416005F2A666F194D44F8023A2B223600D1D56B62291D
:2088E00029292919095D54018800CDF126E1C5F8007EF807773A2BC6105E23666B77118B8B
:20890000D1F8026E260019E57DF80877E17CF807322BF004777EE607777EC694222A5F3A43
:208920002B572A2312F004777EE60F777EC61C77F8032A5F56F8077E12180FF807347EF8F1
:208940000277F8077ED612DA9648E80AC9E8F1F80B7B227A2236001167D1F80D6E26001980
:20896000E57DF80477E17CF803322A5F2A571A777EB7CA6C4B118BD1F80D6E260019E57DC6
:20898000F80777E17CF806322A5F561AF80E321179D16E260019E57DF80977E17CF8083232
:2089A0002A5F2A571A223600F80D3A5F16003A6E67197DE603F800223600F8094E0600F85C
:2089C000002A3DB620090303F809792270180FF8002AD603B620070B0BF809792270F8091D
:2089E0002A4F4679D60878173F1FDE8030062B3E0822AF77F8092A4F465816003E98B93E2C
:208A00000098CB7B2807CB7A2008BF1805CB7A2801373007F8093E9822AF77F80E352B3A65
:208A20002B4E234626006F09CB452003F80E35F8043A2B3D5E23666B77F8052A5F56F80EFF
:208A40007E12F8092A77F8072A5F2A23577E12F8022A5F561A4FF80D7EC60AF8097779B7EB
:208A60002807F80E7ED6183057F8022A666F3600F8097E22AF323A2B2236003E02F807CB56
:208A80002623CB163D20F62B2A5F562100C019E57DF80B77E17CF80A323A2B77F80A3A2BA5
:208AA000322A666F3600F8072A5F566B6223E57DF80B77E17CF80A322A666F3600C36C4B65
:208AC000F8093A2B2236003E02F807CB2623CB163D20F61100C03A6E6719E57DF80777E19F
:208AE0007CF806322A5F5621020019E57DF80977E17CF808322A666F36B4F8093A22AF321F
:208B00007EF8042236003E02F804CB2623CB163D20F61100C03A6E6719E57DF80877E17CD0
:208B2000F807322A5F5621030019E57DF80A77E17CF809322A666F36031100C0F8042A66E8
:208B40006F19E57DF80A77E17CF809322A5F56F80E7E12F8082A5F566B6223E57DF8087705
:208B6000E17CF807322A5F56F80A7E12F80D347ED612DA5749E80FC90E002167D1060009A7
:208B8000360079C60A5FAF6B6729291100C019AF22770C79D61238E2C9E8DCFA1BC1F81CF4
:208BA00022AF322A4F4669602929292929290929094D44FA30DE2131DE5EA94F7BA847F878
:208BC00022792278320132002A5F56CDF126F81E71F8222A4F46CB38CB19CB38CB19CB3807
:208BE000CB19CB38CB19CB38CB19F81E2A22AF322A5F566B62291929291979AD4F78AC4747
:208C0000F81C2A5F566B62291979AD5F78AC012E0057CDF126F8217922233ACB3F22AF3221
:208C20002B4E060069602929094D44F82279AE2B2B2B4F2A5F566B622919291979AD5F78C2
:208C4000AC211BC14E577BA90109005FCDF126F82071FA1BC13D2810FA1BC1D6022812FA9F
:208C60001BC1D6032814181BF8223E9D22364E1819F8223EA722364E1810F8223EAD2236DA
:208C80004E1807F8223EB422364E01D441F81E5E16006B6229092A4F46C521020039E5CD84
:208CA000C32DE804013842F8215EAF6B6729092A4F46210000395D54CD3029019442F82054
:208CC0005EAF6B6729092A4F46210000395D54CD3029111702D5110000D51186CFD5CD3472
:208CE00032E806F8222A4F46210000395D54CD9F41CD6B46CD4C47AFEA4BDB11BB4ECDEA55
:208D00004011C04ECDEA4011CD4ECDEA4011D44ECDEA40210000395D54CDEA40F8222A5F0B
:208D200056CDEA402166D14EAF470303F816792270AFEAADC3CD6B0DCDBD01AFE042AFE0F2
:208D400043CD940D11D240D5AF3CF5CD8327E80411DA40D5210701E5CD8327E80411E24083
:208D6000D5210301E5CD7E27E804210300E5CD5C30E1CD7548F040F602E0400E0079060014
:208D8000C6EF5F78CEFFC55779CD8F47C10C3E129130EAF81B3600F8183600AFF81C2222E4
:208DA000AF223E13223E0222AF222277CDE2314FF8187E2FA171E690C2654E4FF81C5D54A6
:208DC000F8161A1396231A9E1A57CB7E2807CB7A2008BF1805CB7A280137301BF81B347E00
:208DE000D60338133600F81E347EE6072009F81C34200223340E01CDBD01F81E7EE04279B1
:208E0000B72813232AE61F5E2356CD8F47F81F34233420022334F8222A5F56CD8748F822CA
:208E20007EF81977F8237EF81A322A5F56210700195D54CD8748F8192A5F56210D00195D4E
:208E400054CD8748F8192A5F56211300195D54CD8748F8222A5F56CD4D49F82234C2AC4D33
:208E60002334C3AC4DCD3D1ECD784BAFE042CDBD01CD940D1E16214B6DCD3636210300E50E
:208E8000CD5C30E1CD7D0DAFEA20C1118004D5110000D51186CFD5CD3432E82AC953434F49
:208EA000554E4452454C005749544348005A45524B4552004B4E49474854004D41524100B0
:208EC0004372696D736F6E204B656570004D617261277300796F7572207265616C6D003BBC
:208EE0003B4B426FAF67235D54292929292929292929192929197DA94F7CA8475879ABF808
:208F0000002270F8042A0E005E16006F6119234D44290929292929092909292909290929B3
:208F20002929095D54F8002AAB4F7EAA475950CB3ACB1BCB3ACB1BCB3ACB1BCB3ACB1BCB7A
:208F40003ACB1BCB3ACB1BCB3ACB1B79AB4F78AA473333E1F1E9CE50D250D750DD50E45056
:208F6000E850EC50F250F650FD50035109510E5114511951205125512B51315136513C51D3
:208F8000415147514C51515155515B510E51615166516B51705176517B51825187518C51B6
:208FA000925199519E51A551A951AE51B451BA51BF51FD50C451C951CF51D451D851DF51CC
:208FC000E451E951EE51F351F851FE517B5103520952E4500F52145219521F5224522952C3
:208FE0002F5236523D524252485276514E52525258525D5265527B516B520F526F527B5119
:2090000075527C52825287528E5295529C52C951A352A952B052B6520352BB52C152C852B6
:20902000CF52D452CF52DA526F521952E1524E52365224522F527B51E652FE5176513D5275
:209040004252EB52F252CF51FD50F752E951FC52015306537B510D5315531B53235329531C
:209060002E5335533B5343534A534F53545359537B51605367532F526B526D5336525252CE
:20908000715378537D534E5282538753F7528C53925397539D53A453AA53B053B653BD532B
:2090A000C353C953CF53D653DE53E453EB53F253F853005405540D54475113541A541F540F
:2090C00027542C54325436543E5446544D544F414B004D494C4C005249564552004252494A
:2090E0004748540041534800454C4D00424952434800464F580053494C5645520053544FB3
:209100004E4500475245454E00574F4F440042524F4F4B004D454144004241524C455900BF
:20912000524F534500484F4C4C590043524F5353004B49524B004D415253480056414C4510
:20914000004845415448005752454E004645524E00544F4E004649454C4400484156454E77
:2091600000464F52440042555259005749434B005354454144004741544500484F4C4C4F44
:20918000570044414C45004D4F4F52005249444745004D41524B45540057454C4C0042522E
:2091A000494447450048414D00474C454E0043524F46540053484952450049524F4E004722
:2091C00052494D004752455900424C41434B0044454550004F4C440042524F4B454E005203
:2091E00055535400434F4C44004441524B004C4F53540053554E4B00464F524745005741A1
:20920000524400474C4F4F4D00445245414400424F4E4500484F4C44005641554C54004BB8
:209220004545500048414C4C005255494E53004445505448530057415252454E004D415A23
:20924000450043454C4C530053504952450050495400434841534D00464F52540042415369
:2092600054494F4E0052454143480044454E00475241564500574954484552004153484511
:209280004E0050414C450053494C454E5400524F5454454E0043555253454400534F5252A7
:2092A0004F570047484F5354005348524F5544004D4F55524E004455534B00444543415980
:2092C0000048414C4C4F570057524149544800544F4D4200435259505400424152524F5767
:2092E000005255494E004E4F4F4B00534852494E450052455354004543484F0044524950A4
:209300000044414D50004A414747454400474C494D4D455200534841444500435259535482
:20932000414C00414D424552004D4F53530046554E47414C00424C494E4400574849535046
:2093400045520052554D424C4500474C4F57004D55524B00524F4F540043415645524E0034
:2093600047524F54544F0044454C5645004D41570054554E4E454C005249465400484F4CCB
:2093800045005645494E004C41495200524F4F53540043415645004752455441004F53570C
:2093A000414C44004D4142454C004252554E4F0048494C44410057414C5445520041474EEE
:2093C000455300454457494E004D4152474500434F5257494E0046454E5749434B00524F98
:2093E00057414E004252494749440044554E43414E005049505041004741525249434B00A0
:209400004E454C4C00414D42524F53450054494C444100474944454F4E004D595241004576
:209420004C53504554480046494E4E0048415A454C0049564F004A494D4F544859004B451B
:20944000535452454C004C4F545449450042415254484F4C4400E8FCF802792278322B36DD
:2094600000F8067EB72833D5F8036E260019D14D440AF80077D5F8042A5F3A2B576E26005C
:2094800019D14D44F8007EB7280E23347EF806963006F8007E0218CFAF02E804E133E9E86E
:2094A000FBF8037922700600F8097EB7286B682600197EF80177B7281D23783C77F8099666
:2094C00030142B2BD52A5F5668260019D14D44F8012A024618D80E00F8032A5F5669260063
:2094E000195D541AF80077F8072A5F5668260019E57DF80377E17CF802322B7EB728130498
:2095000078F80996300CF8012A5F3A2B577E120C18C6F8012A666F3600E805E1E803E9E890
:20952000FBF8037323722B2B773E01F533F8087EF533F8042A5E2356CDDF4E5950F8084E65
:20954000AF47CDF126F80A2A666F713E02F533F8087EF533F8042A5E2356CDDF4EF80A2A8E
:209560005F561A6F26005D5429192929197DA95F7CA857F80C7EF80077F80D7EF80177F84D
:20958000094EAF47CDF126E1E571E805E1E807E9E8FCF8015D54F8004D44D5C5211814E5DA
:2095A000F8107EF5333EA02130DE5E2356CD1F5501864FF8015EAF6B6729092A4F46F80041
:2095C0005EAF6B672911564F195D541AF80222131A77F80D3A2BF5332A5F56D5F8052A5F5D
:2095E00056CD9F54E804C9E8FAF80C7E87873C2130DE5E2356CDC90A5F01AE4FF8023ED6E1
:2096000022364F7B3D200B2B01FA4F3E22223650180F7BD602200A014650F802366E233611
:2096200050F8005D54C521030039E5D5211412E5F8147EF5333ED02130DE5E2356CD1F5522
:20964000C1F8012A160087CB125F2A666F19E57DF80677E17CF805322A5F561AF8022213AA
:209660001A77F8005EAF6B6729095D541AF80422131A77F80F3A2BF5332A5F56D5F8052A54
:209680004F2A472A5F56CD9F54E806C93B3BF8087EC6E02603E533F80A66E5332130DE5ECC
:2096A0002356CDDF4E5950011E00CDF126696029119250195D541AF80022131A77F80C3AC6
:1096C0002BF5332A4F46F8012A5F56CD5654E1C98F
:20C000003B3B213BDA2A4F46CB38CB19CB38CB19CB38CB19FA3DDA47213EDA5ECB3BCB1828
:20C02000CB3BCB18CB3BCB18F8003600C5CD9E0CC178C60DF801771E007B21F3C896304BC2
:20C040002156C11600197EB7283E2152C8160019567A91383379C6146F7A95302B2169C82A
:20C06000160019567AB83820F80196301BC5D5AFF5331632D51E1321F240CD3636E803D1D0
:1DC08000C1B72804F80036011C18AEF8007EB72809F8082A4E6F612336013333C9BF
:020000040004F6
:200000004F2156C10600097EB7281421C5C80600097EB7200C21DCC80600097EB72002AFE1
:20002000C93E01C9214CDB347ED610382836000E007921F3C896301D214DDB347E21F3C85C
:20004000963804AFEA4DDBC5FA4DDBCD0040C1B720030C18DCFA4CDBD60AD20A41FA4DDB3E
:2000600021F3C896D20A41FA4DDBCD0040B7CA0A413E52214DDB864F3EC8CE00470A4FFADA
:200080003BDA47213CDA5ECB3BCB18CB3BCB18CB3BCB18792E00907D9B386F78C6144779AC
:2000A0009030673E69214DDB865F3EC8CE00571A47213DDA2A5F56CB3ACB1BCB3ACB1BCB00
:2000C0003ACB1B6826007D937C9A383E7BC60D5F78933036F8062A5F2A5779122A4F463E28
:2000E00069214DDB865F3EC8CE00571A02F80A2A4F463EDC214DDB865F3EC8CE00571AB71D
:200100003EC520023EF2023E01C9AFC9E8EC0E006926001946D55916002102003919D17836
:20012000B7280979D6133004700C18E4360021000039E51E0521E750CD3636E1E814C9E812
:20014000FAFA1EC1F80477FA1FC1F80577F8015D54F8004D4421030039E521040039E5D57E
:20016000C53E04F533F80E3A5F7ECD1021B72013F8037EB7280511FF411803110742CD0C4F
:200180004118793E0AF5331E11215C5BCD363633CD031D215B07E5F8043A474EC5F8093A8A
:2001A000477E4FC51E1121846BCD3636E806CDE81CFA2EDE06004F03CB38CB1979F5331E2B
:2001C0001321BA43CD3636332600E533F533F8027EF5331E1321F240CD3636E8035FF80C71
:2001E0002A4F463E01027BB72812696023360159501313F8012A120303037E02E806C974B8
:200200006F6F20666172006E6F206C6F73003B213BDA2A4F46CB38CB19CB38CB19CB38CB90
:2002200019213DDA2A5F56CB3ACB1BCB3ACB1BCB3ACB1B43F8072A5F563E011278C60DF818
:2002400000771E007B21F3C89630372156C11600197EB7282A2152C8160019567A91381FA5
:2002600079C6146F7A9530172169C81600197EB8380DF80096300821C5C8160019360C1C69
:0402800018C233C9A4
:204000006F3E049530043E09956FAF6729290104005D54CDE82679C9000102020100FFFE9D
:20402000FEFF00005F0100C0AF6B67292909AF2277C9FAADC3B72806FA3CC1B720053E27EF
:20404000C32440219EC036FB233605219CC036102336A0C9FE02300487C604C93D3D87C691
:204060000AC9FAADC3B72806FA2FDEB720053E23C324401E06FA27C1CDE12679CD54408778
:204080008787C6074F218EC036AC233607218CC036722371C9E8FAF8037B2272F801792253
:2040A00070FAB1D9B7CA3741F8053600F8057E21B1D996D23641FA55DB0E00F8055E060042
:2040C000835F798857FAB1D94F0600CDD026F8007111B2D96E2600194D440A4F11C6D9F8C6
:2040E000006E2600195D541A477921EADB9638407921ECDB9630397821EBDB96383278213C
:20410000EDDB96302BF8032A666F71F8012A666F70F8007EF8057734FAB1D9F800775EF8AC
:20412000057ECDE126F805717EEA55DB3E011807F80534C3AC40AFE806C93B3BFAADC3B7E7
:20414000280EF8014D44F8005D54CD9540B7200BAFEA4EDB3E25CD24401840214EDB360143
:20416000214FDB360CF8007E26006F292929010400095D542150DB7B2272F8017E26006F06
:204180002929294D440B0B2152DB792270F0040F30043E0118023EFFEA54DB3333C93B3B19
:2041A00047FA3BDA4F7B915FFA3DDA4FF8047E914F7BC6085F79C6104FFAAEC383F80022E7
:2041C000FAAFC38177F8064E581600CB23CB12CB23CB122101C0192371F8077EE6074F786B
:2041E000FE0228033D2008FA60DBB72802CBE978B7200EFA60DBB72808FA6ADBB72002CB09
:20420000E978FE1F3814FE233010C6E1C6526F3E00CEC1677EB72802CBE92101C0192323BD
:20422000712100C0194D44F8013A02037E023333E1E804E9E8FD0E00213EC10600095679BD
:20424000C61FF800777AB72009C57ECD2440C1C30443214AC10600097E3DC2FC42FAADC311
:20426000B72806FA1BC13D280BC5F8027ECD2440C1C304432142C1060009463E46816F3EAF
:20428000C1CE00675E7821EADB9638207821ECDB9630197B21EBDB9638127B21EDDB9630D3
:2042A0000BC5D578CD9111D1C1B7200AC5F8027ECD2440C1184EAF6B672929293EA0815FB0
:2042C0003EDBCE00571A5F079F57195D54F8017B22726826002929295D54219CDB060009F7
:2042E0007E6F079F67195D54C521F607E5F8052A666FE5F8067ECD9E41C11808C5F8027E0B
:20430000CD2440C10C79D604DA3842E803C9FA30DEE6036F2600111C43197EC904050607D8
:20432000E8F8FA1CC1D604C22F44F8053600F8057E21ACC396D22A44F8052A2236003E02E4
:20434000F806CB2623CB163D20F62B2A5F5621FCC219E57DF80377E17CF802322A5F5621B8
:20436000020019E57DF80877E17CF807322A5F561AB7C22444F8012A5F561AF8077734F84D
:20438000012A5F566B6223E57DF80577E17CF804322A5F2A23571A3C227E21EADB96DA244F
:2043A00044F8077E21ECDB96307AF8067E21EBDB963871F8067E21EDDB963068F8062A5F58
:2043C0007ECD9111B7285DCD0E43F80277FA3ACFB73EFE20023EFDF80377F8063A22AF3225
:2043E0007EF8002236003E03F800CB2623CB163D20F62B7EF80477F8017EF80522233A223D
:2044000036003E03F806CB2623CB163D20F6F8022A572A5FD52A5F2A57D52A5F563E26CD17
:204420009E41180BF80534C32E433E26CD2440E808C9E8F9FA0EC1D605282EFAEFDBB7CAA7
:20444000CD45F8063600F8063A87773C3C3C3CCD2440F8057EC605CD2440F806347ED608BA
:2044600038E4AFEAEFDBC3CD4521EFDB3601F8053600F8057E87C604F800223C22360021F8
:2044800014D94EF8057E91380FF8007ECD2440F8017ECD2440C3C4451125D9F8056E2600D3
:2044A000194D440A4F112DD9F8056E2600195D541A477921EADB9638157921ECDB96300EAF
:2044C0007821EBDB9638077821EDDB96380FF8007ECD2440F8017ECD2440C3C445F803361E
:2044E00000F8063600FA12D9F80477F8063A2B96305023233A2B5F87878793C6865F3E009C
:20450000CED8571A779130316B6223237EF804866F2D799530236B62236E7D90301B13132F
:20452000131A855F1D789330102113D95EF8037E93280FF80236011809F806347EF80377E0
:2045400018A3F8027EB7280E2B2B7ECD2440F8017ECD2440186EAFCB218FCB218FCB218FE8
:20456000F803712322116EDB6E2600195D541A5F079F57F8032A666F195D54AFCB208FCBA4
:20458000208FCB208FF803702322D51185DB6E260019D14D440A4F079F47F8032A666F09A4
:2045A0004D44C5D5218102E5C5F8097ECD9E41D1C179C6F84F78CEFF4721A102E5C5F80449
:2045C0007ECD9E41F805347ED608DA7244E807C93BFA0EC1B7281DFAF0DBB7CA6A460E00D8
:2045E00079C606C5CD2440C10C79D60D38F2AFEAF0DB187621F0DB36010E0079C606F800CD
:20460000777921F5C296380AC5F8027ECD2440C118522152C80600095E2169C80600094612
:204620007B21EADB9638157B21ECDB96300E7821EBDB9638077821EDDB96380AC5F8027E55
:20464000CD2440C1181E68AF67292929AFCB238FCB238FCB238F57C5010107C5E5F8067EC8
:20466000CD9E41C10C79D60D389133C9111700D5110000D511A4DBD5CD3432E8061117000F
:20468000D5110000D511BBDBD5CD3432E806110400D5110000D5119CDBD5CD3432E8061163
:2046A0000400D5110000D511A0DBD5CD3432E806AFEAE9DBC9F8067ED617D001A4DB6E2646
:2046C00000094D440AB7200421E9DB343E1602C91E11216C46CD3636111700D511FF00D506
:2046E00011D2DBD5CD3432E806111700D5110000D5116EDBD5CD3432E806111700D51100C5
:2047000000D51185DBD5CD3432E806AFEA6DDBEA6CDB213DDE3EFF2236FF213FDE3EFF22DE
:2047200036FF2141DE3EFF2236FF2143DE3EFF2236FFAFEA60DBEA61DBAFEA62DBEA63DBA2
:20474000AFEA64DBEA65DB21EEDB36FFAFEAEFDBEAF0DBAFEA4EDBEA4FDBAFEA55DBEA5641
:20476000DBAFEA57DBEA5DDBAFEA68DBEA69DBAFEA6BDB0E00C579CD2440C10C79D628388F
:20478000F4F040F602E040C9F806CB7E28062160DB3601C9F8065EAF5796CB7B2807CB7A91
:2047A0002008BF1805CB7A280137D0AFEA60DBC9216BDB3678C92164DB363CC9E8FCF8028C
:2047C0007B2272FA3EDECB7F2022FA40DECB7F201BF8022A5F56FA3DDE1213FA3EDE1259F7
:2047E00050FA3FDE1213FA40DE12182AFA66DB6F26002929297D5CF800227B222A5F56F80F
:20480000002A12137E12FA67DB6F26002929295D5469607B2272F8022A5F561A6F131A67EE
:20482000FA6CDB5F079F57195D7CF8007323222A5F56F8002A12137E1269602A666FFA6D54
:20484000DB5F079F57197D02037C02E804C9E8FCF8027B2272FA42DECB7F2020FA44DECBDB
:204860007F2019F8022A5F56FA41DE1213FA42DE12FA43DE0203FA44DE02184FFA3EDECBB7
:204880007F2020FA40DECB7F2019F8022A5F56FA3DDE1213FA3EDE12FA3FDE0203FA40DE4F
:2048A000021828FA66DB6F26002929297D5CF800227B222A5F56F8002A12137E12FA67DBE9
:2048C00026006F2929297D02037C02E804C9FA69DBB73EF9C03EF8C9FA6BDBB7CACE483E13
:2048E000F4C94B42FA6BDBB7280721FBFF094D44C9030303C9E8FBFAADC3B72832FA6ADB5B
:20490000B7202CF8024D44F8005D54CD4E48CDD848F80477F8022A5F56CDE2483E07F53360
:20492000F8057EF533C5F8042A5F56AFCD9E41E805C93E01F5331E1421AA45CD363633FE10
:204940002D20033EDCC93C3EB1C03EA1C93E5B2162DB864F3E49CE00470AC98191BAE8F8AA
:20496000F8024D44F8005D54CDBC472164DB7EB728294E06003E3C914F9F9047CB38CB1942
:20498000CB38CB19CB38CB19790F3805CD8A2D1803CD822D2165DB3601180DFA65DBB72893
:2049A00007CD822DAFEA65DBFAADC3B72831FA6ADBB7202BF8064D44F8045D54CD4E48CD74
:2049C000D84857D5F8082A5F56CDE248D13E07F533D533C5F8082A5F56AFCD9E411809FA55
:2049E000ADC3B72003CD2440CD4D492602E533F533F8042A5F56D5F8042A5F563E02CD9E3B
:204A000041CD324957F8022A46C6F84F78CEFF473E02F533D533C5F8042A5F563E01CD9EF9
:204A200041E808C9E8F1F80E777EC604F8027711D2DBF80E6E2600194D440AFE043004C665
:204A40001B18023EFFF80177F80E7E21F3C8963816F8027ECD2440F8017E3CCA4753F80177
:204A60007ECD2440C347530156C1F80E6E2600094D440AB7C2CD4B1180C8F80E6E26001937
:204A8000E57DF80E77E17CF80D322A5F561AD60720193E1BCD24403E1CCD24403E1DCD2433
:204AA000403E1ECD24403E26CD2440F80C2A5F561AD608200F3E1BCD24403E1CCD24403E37
:204AC0001DCD2440F80C2A5F561AD60920120E01793C3C3C3CC5CD2440C10C3E099130F047
:204AE00001A4DBF80E6E2600094D440A4FF8017E3C3E012801AFF80A7779B7CAB74B015217
:204B0000C8F80E6E2600094D440AF80B770169C8F80E6E2600094D440A5FF80B7E21EADBDF
:204B2000963822F80B7E21ECDB9630197B21EBDB9638127B21EDDB96300BD5F80D7ECD9110
:204B400011D1B72016F8027ECD2440F80ACB46C24753F8017ECD2440C347536B2600292986
:204B6000294D441185DBF80E6E2600195D541A6F079F67094D7CF80C7123322B6E2600298C
:204B800029294D44116EDBF80E6E2600195D541A6F079F67095D5421EC00E5F80E2A4F466D
:204BA000C5F8067ECD9E41F80ACB46C24753F8017ECD2440C34753F8027ECD2440F80ACB1E
:204BC00046C24753F8017ECD2440C347530180C8F80E6E2600094D440AF80D777ED607C20E
:204BE000114E0152C8F80E6E2600094D440AF801777EF80D773A22AF327EF8082236003E42
:204C000003F808CB2623CB163D20F6116EDBF80E6E260019E57DF80E77E17CF80D322A5F40
:204C2000561A777EF80A22079F322A5F56F8082A666F19E57DF80E77E17CF80D327EF80330
:204C400077F80D7EF804771169C8F80E6E260019E57DF80777E17CF806322A5F2A571A77F2
:204C60007EF80D773A22AF327EF8082236003E03F808CB2623CB163D20F61185DBF80E6EB9
:204C80002600194D440AF80D777EF80A22079F322A5F56F8082A666F19E57DF80E77E17C11
:204CA000F80D77F8017E21EADB963827F8017E21ECDB96301EF8077E21EBDB963815F8079D
:204CC0007E21EDDB96300CF8075EF8017ECD9111B72022F8027ECD24403E1BCD24403E1CD2
:204CE000CD24403E1DCD24403E1ECD24403E26CD2440C34753F80A3E0122360401BBDBF84C
:204D00000E6E2600094D440A5FB728113E0893380C1D7B0FE6012005F80AAF2277F80B2AB7
:204D2000571EE6D52A5F56D5F8072A5F3A2B577ECD9E41F8032A4EC6085F79CE00F80873C7
:204D40002322232A571EE7D52A5F56D5F80C2A5F563E1BCD9E41F8052A5F561AB72831F8F6
:204D60000C2A4E2B2BC6F85F79CEFF57D5662EE4E5D5F8092A5F563E1CCD9E41D1F80B6678
:204D80002EE5E5D5F80C2A5F563E1DCD9E41180A3E1CCD24403E1DCD2440F8052A5F561A2D
:204DA000FE023860F80A2AE60777FA3ACFB7280EF80B7E77CBEE1EE2F80736E118061EE1F7
:204DC000F80736E2F80C2A4F4679C6F04F78CEFF47C5F80C56D5C5F8092A5F563E1ECD9E8F
:204DE00041C1117BC0F80B3A127EF533F8082AF533C52A5F563E26CD9E41119BC0F80B7E7D
:204E000012C347533E1ECD24403E26CD2440C34753F80D7ED609C2F24F1152C8F80E6E267A
:204E200000194D440AF80C776E26002929294D44116EDBF80E6E2600195D541A6F079F674F
:204E4000094D7CF8007123771169C8F80E6E2600194D440AF80D776E26002929294D4411C0
:204E600085DBF80E6E2600195D541A6F079F67094D44F804792270F80C7E21EADB963826DB
:204E8000F80C7E21ECDB96301DF80D7E21EBDB963814F80D7E21EDDB96300BF80D3A5F7E20
:204EA000CD9111B720150E00793C3C3C3CC5CD2440C10C3E099130F0C34753F8063E0422A6
:204EC000360511BBDBF80E6E2600194D440AB7280FFE09300B3D0FE6012005F806AF2277D4
:204EE000F8047EF80877F8057EF809322A5F562108007B955F7A9C4BF80A712377F80666CA
:204F00002EE1E5F80C2A5F56D5F8042A5F563E08CD9E41C1C5210800095D7CF80C73237776
:204F2000C5F808662EE2E5F80E2A5F2A57D52A5F563E09CD9E41C1211000095D54D5F80819
:204F4000662EE4E5F80E2A4F46C53E0ACD9E41F8083A2B571EE5D52A4F46C5F8062A5F5681
:204F60003E0BCD9E41F8083A2B571EE6D52A4F46C5F8122A5F563E0CCD9E41D1F8063A2B10
:204F8000470EE7C52A4F46C53E0DCD9E41F8082A5F562110007B955F7A9C4B47C5F8096642
:204FA0002EEDE5C5F8122A5F56F8087ECD9E41C1F80C2A5F56210800195D54D5F809662E18
:204FC000EEE5C53E05CD9E41F809662EEFE5F80E2A4F2A47C52A5F563E06CD9E41D1F8078D
:204FE000662EEAE5F80C2A4F46C53E07CD9E41C34753F80D7ED608C295511152C8F80E6ED0
:205000002600194D440AF80A776E26002929294D44116EDBF80E6E2600195D541A6F079FB0
:2050200067094D7CF80C7123221169C86E2600194D440AF80B776E26002929294D44118543
:20504000DBF80E6E2600195D541A6F079F67094D44F80A7E21EADB963828F80A7E21ECDB1D
:2050600096301FF80B7E21EBDB963816F80B7E21EDDB96300DC5F80D3A5F7ECD9111C1B7FA
:205080002018F8027ECD24403E1BCD24403E1CCD24403E1DCD2440C34753FAEDC0F8037718
:2050A00011BBDBF80E6E2600195D541AB7280EFE09300A3D0FE6012004F8033600FA3ACF12
:2050C000B71E6120021E42FA3ACFB73E6220023E43F80477FA3ACFB73E6420023E44F805AB
:2050E00077FA3ACFB73E6520023E46F806227BC68022792278322A5F562104007B955F7A01
:205100009C4BF80A7123222A4F3A4779C6FC5F78CEFF732377C5F8057EF533F80A7EF533FA
:20512000F80E2A5F2A57D52A5F56F8087ECD9E41C1F8047EC6805703030303F80179227891
:20514000227EF533D533F80C2A5F56D5F8052A5F563E1BCD9E41F8057EC68047F8082A5F55
:2051600056210400195D54D5F8057EF533C533D5F8122A5F563E1CCD9E41D1F8067EC68023
:20518000F80366E533F533D5F8052A5F563E1DCD9E41C3475301B1C0F80D5E16006B622978
:2051A000192919094D7CF803712377FA3ACFB72818F8032A5F566B6223E57DF80E77E17CBC
:2051C000F80D322A5F561A1806F8032A5F561AC680F805771152C8F80E6E2600194D440A5A
:2051E000F806776E26002929294D44116EDBF80E6E2600195D541A6F079F67094D7CF80775
:205200007123771169C8F80E6E260019E57DF80B77E17CF80A322A5F2A571A776E260029C9
:2052200029294D441185DBF80E6E2600195D541A6F079F67094D44F80C792270F8067E21DA
:20524000EADB963827F8067E21ECDB96301EF80B7E21EBDB963815F80B7E21EDDB96300CC5
:20526000F80B5EF8067ECD9111B72016F8027ECD2440F8017E3CCA4753F8017ECD2440C3CA
:205280004753F8032A5F56210400194D440A4F11BBDBF80E6E2600195D541AB7280DFE095A
:2052A00030093D0FE60147B720014FC579F533F8087EF533F8102A5F56D5F80D2A5F56F870
:2052C000087ECD9E41C1F8032A5F3A571A5E23666B234690201EFA3ACFB7281879E607F6CD
:2052E000205FF80246AF68672929D51100C019232323D173F8017E3C284DF8092A5F561A91
:20530000B7283E23232A46C6F85F78CEFFC561E53326E9E53357D5F80D2A5F56F8077ECD99
:205320009E41C1FA3ACFB7281E79E6074FCBE91100C0F80146AF6867292919232323711879
:2053400006F8017ECD2440E80FC9E8F7FA4EDBB7284DFA4FDBB728472152DB2A5F3A571BE4
:205360007B2272FA4FDB0F3816FA54DB4F079F47FA50DB2151DB5E2B814F7B88712377213E
:205380004FDB3521B403E5FA52DB5F2153DB56D5FA50DB5F2151DB563E25CD9E411803CDD3
:2053A0003A41FAADC3B7CA9754FA5DDBB7CA9754FA3ADEB7C29754FA5EDBF80377FA5FDBAF
:2053C000F804777EB7CA9054213BDA2A4F46CB38CB19CB38CB19CB38CB19F8035E16007BE3
:2053E000917A98DA905479C6144F7E91D29054234E0DFA3DDA5F213EDA46CB38CB1BCB388C
:20540000CB1BCB38CB1B791600937A98DA90547BC60D4779903079F8043A5F7ECD9111B74B
:20542000286E2157DB347ED602382B3600FA56DBF808777EF80522AF322A5F566B6223E58C
:205440007DF80977E17CF80832010C002A5F56CDF1262156DB71FA56DB5FF8036E260029F3
:2054600029297D4CF8072271F8046E26002B2929294D442118401600197E6F079F670911FC
:20548000AC00D5E5F80B2A5F563E24CD9E41180C3E24CD244018053E24CD2440FA58DBB76B
:2054A0002837215BDB347ED60238133600FA5CDB16005F13010C00CDF126215CDB71FA5C62
:2054C000DB5FFA5ADB47FA59DB4F2118401600197E814F2198C0782271FA64DBB72807CD39
:2054E0005E492164DB35FAADC3B7CA4357216BDB7EB72801352168DB347ED60F380936007F
:205500002169DB7EEE01772163DB7EB72826352161DB347ED612380D36002162DB347ED6D3
:205520000338023600FA63DBB72009EA61DBEA62DBCD5E49CDF548FAE9DBB7CAFA55213B2B
:20554000DA2A4F46CB38CB19CB38CB19CB38CB1921EADB71213DDA2A4F46CB38CB19CB38C5
:20556000CB19CB38CB1921EBDB71FAEADBC614EAECDBFAEBDBC60DEAEDDBF8083600F80843
:205580007E21F3C896307311A4DBF8086E260019E57DF80877E17CF807322A5F561AB728FC
:2055A0001A2B3D5E23666B77B7200821E9DB7EB7280135F8087ECD244A183A11BBDBF80897
:2055C0006E2600194D440AF807777EB72827231156C16E2600195D541AB72819F8077E3C15
:2055E00002FE09380AAF0221E9DB7EB7280135F8087ECD244AF808341884F8015D54F8000C
:205600004D4421020039E5D5C51E10212440CD3636E806B7282EF8027ED6C53E0328023E7B
:2056200007F8016E26002929294D44F8006E26002929295D54F533F8037EF533C53E03CD76
:205640009E4118053E03CD2440FA2FDEB7C24357CDCE484F0600F8083600F8087E21ACC346
:2056600096D2315778D602D23157F8085E16007B87CB1287CB125F21FCC219E57DF80877A9
:20568000E17CF807322A5F5613131A3DC22B572B2A5F561AF80377F8062A5F56131A3CF808
:2056A0000477213BDA2A5F56CB3ACB1BCB3ACB1BCB3ACB1BF8037EF80622AF322B78C604B2
:2056C000222A937E9A385B7BC6145FF8037E933051213DDA2A5F56CB3ACB1BCB3ACB1BCB47
:2056E0003ACB1BF8042A2322AF322A937E9A38327BC60D5FF8047E9330286EAF67292929EE
:2057000011FDFF195D54F8036EAF6729292923232323C50604C5D55D54F80B7ECD9E41C124
:205720001808C5F8077ECD2440C104F80834C35A5678D602300D783C3C3C3CC5CD2440C1BE
:205740000418EEE809C92163DB3614F8067EEA3DDEF8077EEA3EDEF8087EEA3FDEF8097ED4
:20576000EA40DEF80A7EEA41DEF80B7EEA42DEF80C7EEA43DEF80D7EEA44DEC9213DDE3EAE
:20578000FF2236FF213FDE3EFF2236FF2141DE3EFF2236FF2143DE3EFF2236FFC9F8067EF2
:2057A000EA66DBF8077EEA67DBC35E49213BDA2A4F46CB38CB19CB38CB19CB38CB1921EAF6
:2057C000DB71213DDA2A4F46CB38CB19CB38CB19CB38CB1921EBDB71FAEADBC614EAECDB2F
:2057E000FAEBDBC60DEAEDDBF8067EC3244A213BDA2A4F46CB38CB19CB38CB19CB38CB190D
:2058000021EADB71213DDA2A4F46CB38CB19CB38CB19CB38CB1921EBDB71FAEADBC614EAAA
:20582000ECDBFAEBDBC60DEAEDDBF8073A577E5FD51E11219D57CD3636E1CD3442CD62400A
:20584000CD3240CD20430E0079C61BC5CD2440C10C79D60438F2111700D511FF00D511D26C
:20586000DBD5CD3432E8060E00597B21F3C896302D2156C11600197EB728182180C816004B
:20588000197ED604200D79D604300821D2DB160019710CC5D57BCD244AD1C11C18CC21F36F
:2058A000C84E0C0C0C0CFA0EC1D604200EFA0FC1D609200779D60E30020E0EFAEEDB9128DA
:2058C000134178D61B3009C578CD2440C10418F221EEDB71FA4EDBB720053E25CD2440CDDA
:2058E0003244C3D045115FDBD5115EDBD51E02213C57CD3636E804EA5DDBF8073A575ED53D
:205900001E1121EE57CD3636E1C9F8067ED617D001BBDB6E2600094D440AB7C8AF0221E9CD
:20592000DB7EB7C835C9B72804D60220033E05C9AFC9E8EA3E04F5331E1421AA45CD363678
:20594000334F3C280579D60A2003AF18023E01F80022AF2222AF2222AF2277AFF812222293
:20596000AF2277F8007EB7CAE759C579F5331E0D21204ACD363633C1C680F8017779CD263D
:2059800059F80277216ADB3601F81C6E26002929294D44FA60DBB7280521FAFF1803210677
:2059A00000094D7CF803712377F81D6E26002929297D4CF8052271F81C2A234F06007E5FFF
:2059C000079F576B62092929297D4CF8122271F81D2A234F06007E5F079F576B620929295A
:2059E000297D4CF8142271F8027EE607F620F80777F8122A5F56F8032A666F7B955F7A9CBD
:205A0000F8093273F8142A5F56F8052A666F7B955F7A9CF80B3273F81E7EF80C77F81F7E28
:205A2000F80D771156C1F8206E260019E57DF81077E17CF80F77F8207ED6173E0017F81061
:205A400077F81536003E09F8159630053E13961803F8157EF814777E87871E09CDDC26F8E3
:205A600013715EF80C7ECD8428216CDB71F8135EF80D7ECD8428216DDB71F81D3AF5337E3C
:205A8000F5331E11219D57CD3636E1F8007EB72865F8147EF81122AF324E0600F8082A5F53
:205AA00056CD8C285950010900CDC726F8032A666F09E57DF81577E17CF81477F8114E067C
:205AC00000F80A2A5F56CD8C285950010900CDC726F8052A666F094D44F8023A575ED5C5DE
:205AE000F8172A5F56AFCD9E41FA60DBB72807F8074E2103C071F8107EB7282F2B2B2A5F2D
:205B0000561AB72826F8157ED609201F11BBDBF8206E2600194D440AB7200421E9DB343E2E
:205B20000102F8207ECD244ACDE81CCDBD01F815347ED614DA455AAFEA6DDBEA6CDBF80009
:205B40007EB72804AFEA6ADBF81D3AF5337EF5331E11219D57CD3636E1E816C9E8F9F80DDE
:205B60007EF5331E0D21204ACD363633C6804FC5F80F7ECD2659F80277C1FA1EC16F260092
:205B80002929295D54FA60DBB7280521FAFF180321060019457CF801702377FA1FC16F2618
:205BA000002929297D44F8032270216ADB3601F8007EE607F620F805770600C5F80246C5C2
:205BC000F8072A5F56D5F8072A5F56AFCD9E41C1FA60DBB72809F8052A771103C07E12CD2C
:205BE000BD010478D61E38D3AFEA6ADBFA1FC167FA1EC16FE51E11219D57CD3636E1E807D3
:205C0000C93B3B0E007921F3C89630792156C10600097EB7280FF80C2A5F56692600195D08
:205C2000541AB72012216EDB06000936002185DB0600093600184A116EDB692600193333CE
:205C4000E5F8082A5F56692600195D541A5F2152C80600097B96878787E1E5771185DB69A7
:205C60002600193333E5F80A2A5F56692600195D541A5F2169C80600097B96878787E1E51A
:205C8000770CC3055C3333C9E8FC016EDBF8033600F8037E21F3C896D2825DF8036E2600A4
:205CA00009E57DF80377E17CF802322A5F3A2B571A775EAF5796CB7B2807CB7A2008BF18F5
:205CC00005CB7A2801373029F8005E3E015796CB7B2807CB7A2008BF1805CB7A28013730AC
:205CE00006F8007E3D1801AFF8015E23666B771819F800CB7E28137EEE80D67F30047E3C85
:205D00001801AFF8015E23666B771185DBF8036E260019E57DF80377E17CF802322A5F3AC0
:205D20002B571A775EAF5796CB7B2807CB7A2008BF1805CB7A2801373029F8005E3E0157AE
:205D400096CB7B2807CB7A2008BF1805CB7A2801373006F8007E3D1801AFF8015E23666B4E
:205D6000771819F800CB7E28137EEE80D67F30047E3C1801AFF8015E23666B77F80334C354
:205D8000915CFA0EC1D605C2715EF80336002114D94EF8037E91D2715E116EDB6E260019A2
:205DA0004D440AF802775EAF5796CB7B2807CB7A2008BF1805CB7A280137302D3333C5F8FA
:205DC000025E3E015796CB7B2807CB7A2008BF1805CB7A2801373005F802351804F8023624
:205DE00000F8027EE1E577181DF802CB7E28173333C57EEE80D67F3003341804F802360018
:205E0000F8027EE1E5771185DBF8036E2600194D440AF802775EAF5796CB7B2807CB7A20D4
:205E200008BF1805CB7A280137302D3333C5F8025E3E015796CB7B2807CB7A2008BF18050F
:205E4000CB7A2801373005F802351804F8023600F8027EE1E5771813F802CB7E280D7EEE29
:205E600080D67F30047E3C1801AF02F80334C38E5D01A0DBF8033600119CDBF8036E2600F4
:205E800019E57DF80377E17CF802322A5F3A2B571A775EAF5796CB7B2807CB7A2008BF1803
:205EA00005CB7A2801373029F8005E3E015796CB7B2807CB7A2008BF1805CB7A28013730CA
:205EC00006F8007E3D1801AFF8015E23666B771819F800CB7E28137EEE80D67F30047E3CA3
:205EE0001801AFF8015E23666B77F8036E260009E57DF80377E17CF802322A5F3A2B571AC4
:205F0000775EAF5796CB7B2807CB7A2008BF1805CB7A2801373029F8005E3E015796CB7B8C
:205F20002807CB7A2008BF1805CB7A2801373006F8007E3D1801AFF8015E23666B771819A0
:205F4000F800CB7E28137EEE80D67F30047E3C1801AFF8015E23666B77F803347ED604DAAB
:205F6000785EE804C9E8F7F8083600113EC1F8086E2600194D440AF80777B72811F8132A8E
:205F80005F56F8086E2600194D440AB7201D119CDBF8086E2600194D44AF0211A0DBF8080D
:205FA0006E2600194D44AF02C37261F80F2A5F56F8086E2600194D440A4F1142C1F8086E5D
:205FC0002600195D541A5F160079936F9F92672929297D4CF8002271F8112A5F56F8086E0A
:205FE0002600194D440A4F1146C1F8086E2600195D541A5F160079936F9F92672929297D68
:206000004CF8022271F8002AD6887EDEFF563EFFCB7F2807CB7A2008BF1805CB7A280137D2
:20602000386DF8007EF80477F8017EF805323E7896233E009E3E0057CB7E2807CB7A200867
:20604000BF1805CB7A2801373845F8022AD6887EDEFF563EFFCB7F2807CB7A2008BF180510
:20606000CB7A2801373828F8027EF80677F8037EF807323E7896233E009E3E0057CB7E2833
:2060800007CB7A2008BF1805CB7A280137301D119CDBF8086E2600194D44AF0211A0DBF8C3
:2060A000086E2600194D44AF02C37261119CDBF8086E2600194D44F8002AD6F87EDEFF56EC
:2060C0003EFFCB7F2807CB7A2008BF1805CB7A280137300511F8FF1825F8043E0896233E69
:2060E000009E3E0057CB7E2807CB7A2008BF1805CB7A28013730051108001802D1D57B027C
:2061000011A0DBF8086E260019E57DF80677E17CF80577F8022AD6F87EDEFF563EFFCB7F74
:206120002807CB7A2008BF1805CB7A280137300501F8FF1837F8063E0896233E009E3E00AF
:2061400057CB7E2807CB7A2008BF1805CB7A2801373009F8063E0822AF77180CF8027EF829
:206160000677F8037EF80777F8062A4FF8042A666F71F808347ED604DA6B5FE809C9F806E8
:206180007ED608D0016EDBF8066E2600094D44F8073A5F563E25826F3ED9CE00677B968737
:2061A0008787023E85824F3EDBCE0047F8085E3E2D826F3ED9CE00677B9687878702C9E8AE
:2061C000FCF80A6E26002929297D4CF8002271F80B6E26002929297D4CF80222710E00C523
:2061E00021EC00E5F8062A5F56D5F8062A5F563E14CD9E41C1CDBD010C79D61638E13E14F8
:20620000CD2440E804C9E8DBF8173600F823AF2277F8247E21F3C896D290631156C1F82418
:206220006E260019E57DF81F77E17CF81E322A5F561AF82277F8312A5F56F8246E260019C1
:20624000E57DF82177E17CF82022237EB7280D2B2B2B2A5F2A23571A77B72049116EDBF877
:20626000246E260019E57DF82377E17CF822322A666F36001185DBF8246E2600194D44AF01
:2062800002F81D2A5F2A571A4F2A5F561A91CA8A63F8235E34160021000039194D44F82450
:2062A0007E02C38A63116EDBF8246E260019E57DF81A77E17CF81977F82D2A5F56F8246E2D
:2062C0002600194D440AF82222231152C86E260019E57DF81C77E17CF81B322A5F561A5FC6
:2062E000F8227E93878787F8185E23666B771185DBF8246E260019E57DF81E77E17CF81D6A
:2063000077F82F2A5F56F8246E260019E57DF82077E17CF81F322A5F2A571A771169C8F8CB
:20632000246E260019E57DF82377E17CF822322A5F3A2B571A5F7E93878787F81C5E236690
:206340006B770A4FF81A2A5F561A912010F81E2A5F561A4FF8212A5F561A912811F8235E83
:2063600034160021000039194D44F8247E02F8182A5F561AF82277B7200CF81C2A5F561AA9
:20638000F82277B72804F8173601F82434C31162F8177EB7CAFA64F81C3600F8243600F8BD
:2063A000243A96D2D764E5210200395D54E1F8246E2600194D440AF81D77116EDB6E26002B
:2063C00019E57DF82077E17CF81F322A5F561A4F59AF5791CB7B2807CB7A2008BF1805CB4C
:2063E0007A280137302FF81E7EF821322B7EF82277593E015791CB7B2807CB7A2008BF1812
:2064000005CB7A28013730030D18020E00F8212A666F711826CB792822F81E2A23322A2333
:206420007779EE80D67F300623793C771804F8223600F8223A2B5E23666B771185DBF81DEA
:206440006E260019E57DF82377E17CF822322A5F561A4F59AF5791CB7B2807CB7A2008BF19
:206460001805CB7A2801373030F8217EF81A77F8227EF81B77593E015791CB7B2807CB7A7E
:206480002008BF1805CB7A28013730030D18020E00F81A2A666F711822CB79281EF8217E0E
:2064A000F81A77F8227EF81B7779EE80D67F30030C18020E00F81A2A666F71F81E2A5F5617
:2064C0001AB72009F8212A5F561AB72804F81C3601F82434C39F630E0079F823963011599B
:2064E000160021000039197EC5CD244AC10C18E9CDBD01F81C7EB7C29763E825C9E8DFF8A2
:206500001C3600F81FAF2277F8207E21F3C8963074116EDBF8206E2600194D440AB7201A73
:206520001185DBF8206E260019E57DF81F77E17CF81E322A5F561AB72817F81F5E341600E2
:2065400021000039194D44F8207E02F81C3601182F1156C1F8206E2600194D440A4FF82717
:206560002A5F56F8206E2600195D541A912811F81F5E34160021000039194D44F8207E0287
:20658000F820341883F81C7EB72007F81F7EB7CAF466F8173600F8203600F8203A96D2D116
:2065A00066E5210200395D54E1F8206E2600194D440AF81E77116EDB6E260019E57DF81A3A
:2065C00077E17CF819322A5F561A4F59AF5791CB7B2807CB7A2008BF1805CB7A28013730D9
:2065E00030F8187EF81C77F8197EF81D77593E015791CB7B2807CB7A2008BF1805CB7A288C
:20660000013730030D18020E00F81C2A666F711822CB79281EF8187EF81C77F8197EF81DD5
:206620007779EE80D67F30030C18020E00F81C2A666F711185DBF81E6E260019E57DF81C12
:2066400077E17CF81B322A5F561A4F59AF5791CB7B2807CB7A2008BF1805CB7A2801373056
:2066600034F81A2A23322A2377593E015791CB7B2807CB7A2008BF1805CB7A280137300678
:206680000DF81E711804F81E3600F81E3A2B5E23666B771821CB79281DF81A7EF81D322BF6
:2066A0007EF81E7779EE80D67F30030C18020E00F81D2A666F71F8182A5F561AB72008239C
:2066C0002A5F561AB72804F8173601F82034C39A650E0079F81F963011591600210000394C
:2066E000197EC5CD244AC10C18E9CDBD01F8177EB7C29265E821C9E8F8F8113A4F1152C83E
:206700006E2600195D541A477990F80077F8123A2B4F1169C86E2600195D541A477990F882
:2067200001325E3E015796CB7B2807CB7A2008BF1805CB7A2801373004F8003601F8007E60
:20674000EE80D67F300236FFF8015E3E015796CB7B2807CB7A2008BF1805CB7A28013730F9
:2067600004F8013601F8017EEE80D67F300236FFF8073600F8077ECD00404F116EDBF810D4
:206780006E260019E57DF80477E17CF80322715EF8007ECD8428F8022A666F711185DBF86C
:2067A000106E260019E57DF80777E17CF806322B5EF8017ECD8428F8052A666F71F80F3A90
:2067C000577E5FD51E11219D57CD3636E1F8107EF5331E1121AC57CD363633CDBD01F8075B
:2067E000347ED60A388E2B3A6E673600F8022A666F3600F80F3A577E5FD51E11219D57CD47
:206800003636E1F8107EF5331E1121AC57CD3636E809C9E8CCF8333600F8337EF83E96D2DB
:20682000C1682B2B2A5F56F8336E2600194D440A5FF83A4E2152C81600197996F83277F896
:206840003B4E2169C816001979964FF8325E3E015796CB7B2807CB7A2008BF1805CB7A28F1
:2068600001373004F8323601F8327EEE80D67F300236FF593E015791CB7B2807CB7A200817
:20688000BF1805CB7A28013730020E0179EE80D67F30020EFFE5210200395D54E1F8336E4F
:2068A0002600195D54F8327E12E5211900395D54E1F8336E2600195D547912F83334C319F5
:2068C00068F8333600F8337ECD00404F060078F83E9630712B2B2A5F56682600195D541A58
:2068E000F82E77116EDB6E260019E57DF83177E17CF8307758160021000039197EF83171FD
:20690000C55ECD8428F83471C1F82F2A5F2A23577E12F82E5E16002185DB19E57DF8317763
:20692000E17CF8307758160021170039197EC5F8335ECD8428F83471C1F82F2A5F2A23576C
:206940007E12041889F83B3A577E5FD51E11219D57CD3636E1F8323600F8327EF83E96302A
:20696000292B2B2A5F56F8326E260019E57DF83277E17CF831322A5F561AF5331E1121AC0A
:2069800057CD363633F8323418CFCDBD01F833347ED60ADAC5683600F8337EF83E9630269F
:2069A0002B2B2A5F56F8336E2600194D440A5FC66E4F3EDBCE00472185DB1600193600AF8A
:2069C00002F8333418D2F83B3A577E5FD51E11219D57CD3636E10E0079F83E96301C2B2BA3
:2069E0002A5F56692600195D541AC5F5331E1121AC57CD363633C10C18DEE834C9E8F5F81C
:206A0000143A4F1142C16E2600195D541A477990F80077F8153A2B4F1146C16E2600195DAB
:206A2000541A477990F801325E3E015796CB7B2807CB7A2008BF1805CB7A2801373004F854
:206A4000003601F8007EEE80D67F300236FFF8015E3E015796CB7B2807CB7A2008BF18051E
:206A6000CB7A2801373004F8013601F8017EEE80D67F300236FF1156C1F8166E260019E5A4
:206A80007DF80477E17CF80377F8167ED6173E0017F80477F80A3600F80A7ECD00404F11D1
:206AA0009CDBF8136E260019E57DF80777E17CF80622715EF8007ECD8428F8052A666F7127
:206AC00011A0DBF8136E260019E57DF80A77E17CF809322B5EF8017ECD8428F8082A666F8F
:206AE00071CD5E49CD3442F8047EB7282C2B2B2A5F561AB72823F80A7ED605201C11BBDB5A
:206B0000F8166E2600194D440AB7200421E9DB343E0102F8167ECD244ACDBD01F80A347EE4
:206B2000D60ADA986A2B3A6E673600F8052A666F3600CD5E49CD3442E80BC9F8067E8787FA
:206B400087C608EA59DBF8077E3C878787C610EA5ADBAFEA5BDBEA5CDB2158DB3601219A49
:206B6000C03EAC223640C9AFEA58DB3E26C324400E04C579CD2440C10C79D60C38F421EECF
:206B8000DB36FFC9E8F3F8136E26002929297D4CF8002271F8146E26002929297D4CF802F5
:206BA0002271F8156E26002929294D44F8166E26002929297D5CF80B2273216ADB3601D199
:206BC000D579935F789AF8053273F80B2A5F56F8022A666F7B955F7A9CF8073273F80C3683
:206BE000013E08F80C96385F7EF80822AF324E0600F8042A5F56CD8C285950010800CDC7A6
:206C000026E1E509E57DF80C77E17CF80B77F8083A2B4F06002A5F56CD8C285950010800FF
:206C2000CDC726F8022A666F094D44F8172AC68066E533F533C5F80E2A5F56AFCD9E41CD10
:206C4000BD01F80C34189AAFEA6ADBFA1FC167FA1EC16FE51E11219D57CD3636E1E80DC924
:020000040000FA
:0838CB00FFFFFFFFFFFFFFFFFD
:020000040004F6
:206C60004FF8027E91300479961804F8027E914FF8037E9330047B961804F8037E934791B4
:206C8000300379180178E1C1E9FF0001FF01FF0001FFFFFF0000010101E8FA4FF804737E0E
:206CA000D65F3E0017F8002279D65F3E001777F8053600CDD52D7B0707E6035FF80279224E
:206CC000233A777BB7200A237EB728053A3D77182F7B3D200DF8007EB72807F8043A3C77A0
:206CE000181E7BD602200AB12807793DF80277180F7BD6032032F8017EB7282C23793C773C
:206D0000C5F8053A575ED51E02213858CD3636E1C1B72814F8082A4F46F8027E02F80A2AE9
:206D20004F46F8037E021817F805347ED6043883F8082A5F2A5779122A4F46F8047E02E818
:206D400006E1E804E9E8F1F80C327B227EF8119630067EF80C961806F80C7EF811964FF8DA
:206D60000B7EF8129630067EF80B961806F80B7EF81296579138014AF80C7EF80077F80BFF
:206D80007EF8012236FF3E01913815F8142A4F46F80C7E02F8162A4F46F80B7E02C3186F1F
:206DA000F80D36FFF80E36FFF80E7EB720062B7EB7CAD96EF8117EF80A77F80E7EF80522E9
:206DC000079F77F80A7EF80722AF322A5F56F8052A666F19E57DF80B77E17CF80A327EF83D
:206DE0000377F80A7EF80477F8127EF80A77F80D7EF80522079F77F80A7EF80722AF322ABA
:206E00005F56F8052A666F19E57DF80B77E17CF80A77F8037EF80777F8047EF80877CB7ECD
:206E2000C2D96E2B2AD6607EDE00D2D96E232A4F46CB78C2D96E79D66078DE00D2D96EF805
:206E4000037EF808222A22237EF8089630067EF80C961806F80C7EF80896F80922233A9672
:206E600030042A961804F80B3A964FF8099630014EF809717EB72861F8137EF809963859E9
:206E8000233A2BF5337EF5331E02213858CD3636E1B72845F80A3A2BF5337EF5331E022117
:206EA000AE56CD3636E1D602282FF80A3A2BF5337EF5331E0221EA44CD3636E13C201AF859
:206EC000097EF802963012F8097EF80277F8087EF80077F80A7EF80177F80E343E0196D2AB
:206EE000A86D2B343E0196D2A46DF8027E3C2814F8142A4F46F8007E02F8162A4F46F8016D
:206F00007E021814F8162A5F56D5F8162A5F56D5F80F2A5F7ECD996CE80FE1E807E9E8F9D0
:206F2000F8053273F8003EFF2236FFF8063600F8067E21F3C89630591156C1F8066E2600BE
:206F400019E57DF80477E17CF803322A5F561AB7283A1169C8F8066E2600194D440A4F11BF
:206F600052C8F8066E2600195D541AF80466E533F80666E53359CD606C4F3E0491380D79B9
:206F8000F80196300771F8067EF80077F80634189EF8007EE807C9E8F8CDD52D7BE607F8AA
:206FA0000277F80E7ED604D20A71F8073600F8027EF80786E6074FF80F5E21896C060009B5
:206FC0007E6F079F671600195D543333D5F8105E69260001916C097E6F079F671600194D2A
:206FE00044F803792270C1C5CB78C2C57079D66078DE00D2C5702B2A4F46CB78C2C57079DE
:20700000D66078DE00D2C570F8007EF805322B7EF80632575ED51E02213858CD3636E1B733
:20702000CAC570F8063A575ED51E0221AE56CD3636E1D602CAC570F8063A575ED51E022156
:20704000EA44CD3636E13C207C1142C1F80E6E260019E57DF80577E17CF804322A5F2A57DE
:207060007E121146C1F80E6E260019E57DF80677E17CF805322A5F2A577E12114EC1F80E92
:207080006E260019E57DF80877E17CF807322A666F36FF114AC1F80E6E260019E57DF80877
:2070A00077E17CF807322A666F3601113EC1F80E6E260019E57DF80877E17CF807322A66DB
:2070C0006F36011845F807347ED608DAAE6F1142C1F80E6E2600194D44F80F3A021146C174
:2070E0006E2600194D44F8103A2B02114EC16E26001936FF114AC1F80E6E260019360111CA
:207100003EC1F80E6E2600193601E808C9E8F3F8137ED604D2D872013EC16E2600094D4445
:207120000AB7CAD872014AC1F8136E2600094D440A3DC2D872F8143A4F1142C16E2600198C
:2071400033335D54D51A477990878787F80277F8153A2B4F1146C16E260019E57DF8057777
:20716000E17CF804322A5F2A571A47799087878777F8027EB72007F8057EB7CAD872F8135D
:207180007EC61FF806771152C1F8136E260019E57DF80977E17CF80877F8093600F8025EFE
:2071A000AF5796CB7B2807CB7A2008BF1805CB7A2801373026F8025E3E015796CB7B280781
:2071C000CB7A2008BF1805CB7A2801373006F8025E1D18021E00F802731815F802CB7E28D9
:2071E0000F7EEE80D67F30047E3C1801AFF80277F8055EAF5796CB7B2807CB7A2008BF1868
:2072000005CB7A2801373026F8055E3E015796CB7B2807CB7A2008BF1805CB7A2801373054
:2072200006F8055E1D18021E00F805731816F805CB7E28107EEE80D67F30044E0C18020E85
:2072400000F80571F8027EB72006F8057EB72804F8093601F80A3607D1D51A878787F80247
:207260004E81F80B77F8032A5F2A571A8787874E81F80C32FA3BDA4F7E9122FA3DDA4F7E9F
:2072800091327EC6084FFAAEC381227EC6104FFAAFC38177F8072A5F561AB7280423233624
:2072A00027F8064E0600CB21CB10CB21CB102101C0092336F62101C00923235D54F80A7E2B
:2072C000122100C0094D44F80C3A02037E02CDBD01F8097EB7C29971E80DC9E8F5F8117EAF
:2072E000D6043022013EC16E2600094D440AB72815014AC1F8116E2600094D440A3D200686
:20730000FA1BC13D2804AFC3A6761142C1F8116E260019E57DF80477E17CF803322A5F5698
:207320001A4F213BDA2A5F56CB3ACB1BCB3ACB1BCB3ACB1B792E00937D9A383A7BC61447AF
:20734000799030320146C1F8116E2600094D440A4FFA3DDA47213EDA5ECB3BCB18CB3BCB81
:2073600018CB3BCB18792E00907D9B380978C60D477990DA94740E00CDD52D7BE607F806BC
:2073800077060078D608D26F7479B7C26F74F8067E80E60757F8125E3E89826F3E6CCE00B8
:2073A000677EF80722079F227B22AF32D52A5F56F8092A666F19D15D7CF804732377F813F6
:2073C0005E3E91826F3E6CCE00677E6F079F671600195D7CF807732377F8047EF80977F8B8
:2073E000057EF80A77CB7EC26B742B2AD6607EDE003078F8072A23322A2377CB7E206C2BD6
:207400002AD6607EDE003063F8047EF809322B7EF80A77C53A577E5FD51E02213858CD3672
:2074200036E1C1B72845C5F80C3A577E5FD51E0221AE56CD3636E1C1D602282FC5F80C3AF2
:20744000577E5FD51E0221EA44CD3636E1C13C201AF8022A5F56F8097E121146C1F8116E6A
:207460002600195D54F80A7E120E0104C3837379B72016F8022A5F56F8123A121146C16EA3
:207480002600194D44F8137E02114EC1F8116E26001936FF1146C1F8116E260019E57DF85E
:2074A0000677E17CF805322A5F3A2B2B571A4F2A5F561AF81366E533F81366E53359CD6059
:2074C0006CFE06380B114EC1F8116E26001936FF114EC1F8116E2600194D440A5F3C283981
:2074E0007B21F3C896302F2156C11600197EB728252169C8160019563E52836F3EC8CE002A
:20750000677EC5F81566E533F81566E5335ACD606CC1FE0538033EFF020A3C200BC5F81537
:207520003A5F7ECD1E6FC1020AF80677F8022A5F561AF807322B2B2A5F561AF808322B7E4A
:207540003CCA0376F8067E21F3C896D203761156C1F8066E2600194D440AB7CA03761152A8
:20756000C8F8066E2600194D440AF809771169C8F8066E2600194D440AF80A32573A5FD504
:207580003A5F7ECD606CFE02304D212DDE7EB728067EF808771804F8083601F8067EF53343
:2075A000F80B3A575ED5F8142A23F5333A577E5FD51E1121FD69CD3636E806CD341DAFF5A1
:2075C00033F8093A2BF5337EF5331E1321F240CD3636E803C3A676F8042A5F3A2B2B571A37
:2075E0004F2A5F561A21010039E521020039E52603E533F80F66E533F80F66E53359CD450C
:207600006D181CF8014D4421000039C5E53E03F533F8183A575ED5F80F3A5F7ECD456DF869
:20762000022A5F561A4FF8007E91200DF8042A5F561A4FF8017E91286CF8013A577E5FD5B0
:207640001E0221AE56CD3636E1D602200FFA3ADEB72009F8117ECD8303AF184AF8022A5F64
:20766000561AF80877F8007EF8089628261152C1F8116E260019E57DF80B77E17CF80A3282
:207680002B7EF8009630043E011801AFF8095E23666B77F8022A5F56F8007E12F8042A5FC8
:0976A00056F8017E12AFE80BC997
:2080000000005B44070B39070B20070B13070B58070B6B070B00000B73070BD6060B580750
:208020001705070BF6060BB1060B440717C4060B72060B4E070B62070B9D060B41060B8833
:20804000060B0B060BED050BE6060B27060BAC050B82070B2D070B5A060BCD050B7B070B63
:2080600063050B11050BE4040B88050B3B050B83040B000017000022110517000044220236
:208080000BC6020B5803174E040B06010BDA030B16040B2C000B830417AC0517410617C950
:2080A000011758030B4E0417B5040B160417E404173B0517AC0522DA03179B0317C6021733
:2080C000CD05172202179B030B2C0017C9010B76020B76021711031706012D1604226305A6
:2080E00017000039110522B504176305225803B558035B8304220601170B0617ED0517C61A
:20810000022211030B06013900008811052D00002D2C00224E04220B062283042D6A0117B9
:208120002202220B062D22024400009388051727061758032DE40422E4042DB5042206014F
:20814000CC00010203030203040302030403020105060708060501020304020709070A07D6
:208160000102030102030B0C03070D070E0702030B02030B0C090C090F090C0B03020C011E
:208180000909020F03090B0C030F0B0C0B0C03020901090209030B030F02030C0B031002E5
:2081A00011031203060B02090B090C0B13030B090C0B1403020B110B050C030D0C0D090C7F
:2081C000100210031002090D09130D0C1309130C090F0B0F0C0F0B090C090B090209030941
:2081E0000B0903020C030C0B0C030C010C020C030C0201020B0103020B0302030C0B090CA6
:208200000F0B0903150B100C1409160B01090C03170B0C0F09090C090F090C0B03020118F4
:208220000B18031802090609050901090209030904090309030D0B0D180D0B1518150915E6
:20824000181009100D100919140D1415140D140519181509170F0910051A01090219010146
:2082600014020303090209030904031502030D040315020110050614081406140501020DFB
:20828000030D040902150905030102090301140203150B150C0D03100D0D010B02030D0BCC
:2082A0000216030B101810091416140D1409140B140C1409140C140B0C1009100C100310F0
:2082C00004100C100410030410150C1504150203150403020D03020918010501020102038F
:2082E000040318090D1503100D10150414031409180B03020102030B18090D1509150915FF
:208300001815090D18010901180509010209180B030211051102030B18090D0518110902FF
:208320000903091B08050508061B050806110608051B0803061808010306180808180B1CDE
:208340000B1808061C080B060B05061C0B050F120B120F1803180F1218050B010B1C0B0178
:20836000181C1803181C0903090B09030D0B0D180D0B0D1B131C1803100403091B1408032D
:20838000061308081B080608060511051C030B1805090B0918110D051D14191410130D092C
:2083A000180B1803181C0918090B09030D050D010D050B1803180B18031801181C180318F4
:2083C0001C1801181C18030B1C0B050B010B1C01051D01151C15011E15181409160D16158E
:2083E000161C031803180B09031C0105061F1B0D1F0D060D050D010D1C0D030B201C161C8B
:208400001601161C03150B1D150B15031D0B0C1F1D1B151D05141C0B1D1C1D051D08051405
:208420001C0B1D1C1D051D061D011D1C0B211C21012106011C0B1D1C0114081401190318E8
:20844000140314011406011903181403140114051402140318220322022205020318140373
:20846000140206190219040910041002051A021A0409190419020114021403091503150293
:20848000011A021A030914031902011403140C0F170C170301232402230323022303230401
:2084A000031A041A0C1A041A031A021A0905010203010203090B090C0D03100D1501160266
:2084C00003100B0220030B0D180D09150B14151D1C16031E0B03151C03150D0B0D030D01CD
:2084E0000D020D030D02010209030902090501020105180109050B0306030B09180B180987
:208500000D09181409160D151A0903150D1820090D1015150D150D15091518150B15030D49
:20852000090D090D0C0D0B0D030D0209050901090209030904090C0901141802180118050D
:2085400018020D09030902090109030D0D020D010D0501090209030904090C090C04030233
:20856000010203030203040302030403020105060806050102030402090501020301020393
:208580000B0C030D0102030B02030B0C090C090F090C0B03020C01090C020F03090B0C03DC
:2085A0000F0B0C0B0C030209010902030B030F02030C0B03100211031203060B02090B09BA
:2085C0000C0B13030B090C0B1403020B110B050C030D0C0D090C100210031002090D090D51
:2085E000130C1309130C090F0B0F0C0F0B090C090B09020903090B090302030C0B0C030C32
:20860000010C020C030C0201020B01020302030B0C0B030B0C1409160B01090C03170B0C54
:208620000F09090C090F090C0B030201180B18031802090609050901090209030904090320
:2086400009030D0B0D180D0B1518150915181009100D1009140D1415140D1405191815091F
:20866000170F0910051A010902190101140203030902090309040904030D031502030D04EA
:208680000315020110050614081406140501020D030D0409021509050301020903011402DA
:2086A00003150B150C0D03100D0D010B02030D0B0216030B101810091416140D1409140B25
:2086C000140C1409140C0B100C1009100C10031004100C1004031504150C15041502031505
:2086E0000B15030D09020D030D02091801050102010203040318090D1503100D1015041449
:20870000030B0903180D15090D18090D180D0516181018100B101815091501021C030B039B
:208720000201020105010D150209180B180B180318021802180118051805180118020201E2
:20874000050905090609080605010C0C0B02010203020B010B020B030B0903090B0C0D152D
:208760000B100C10090B030C15150C100B0B0903180D15090D18090D180D05161810181029
:20878000091501021C030B030201020105010D150209180B180B1803180218021801180587
:2087A000180518011802180201050905090609080605010C0C0B02010203020B010B020BBE
:2087C000030B0D0903090B0C0D150B100C10090B030C150C100B0D020D01090C140B100336
:2087E00015100B03030D0C0D150B0C100B051D11140514111D0514081406140501020903E5
:208800000F040F030F120F060F1F0F030F02030904091803090D02101503150415031509E9
:208820000D1810191514101415100D14150D1A021A190D190D151418090D18090D15090D03
:208840000402050301030203020C0902040C040D0415030F150D0F0D1D150D03151D181DB5
:208860000B031D0B150915180B0D180D090D180D09150D1815091418150B1D1409141814D8
:208880000B1418140D1409141814091415140D14090D090D1809180B0909180B150B1503DF
:2088A000151C1503151C011803030502030B02050605060B08030201090518090105050B94
:2088C00018020B180102010B0D0F0C0F0B0C030C1C0C010C0F0B0D031C030D040C04030449
:2088E00002040D031C09030B09140C1418090D090C0B010B020B1C030B030C020C01021829
:2089000001180518010D1502181C180318040B180B0903091C09031C011C0918031C030B9F
:20892000180B180318021802180118051805180118020201050905090609080605011614D3
:20894000051401021003100B180914010D021E021E011E02010D020D01090C140B100315AF
:20896000100B03030D0C0D150B0C100B051D11140514111D051408140614050109020F0369
:208980000904030F120F060F1F0F030F020F03041803090D0215031504150315090D18105B
:2089A0001915141014150D14150D1A021A190D190D151418090D18090D15090D04020503B9
:2089C00001030203020C0902040C04090415030F150D0F0D1D150D03151D181D0B031D0B10
:2089E000150915180B0D180D090D180D09150D1815091418150B1D14091418140B14181442
:208A00000D1409141814091415140D14090D090D1809180B0909180B150B1503151C15035F
:208A2000151C01180318030502030B020506050608030D020901090518090105050B18021E
:208A40000B180102010B0F0D0F0B0C030C1C0C010C0F0B0D031C030D040C04030402040DDA
:208A6000031C09030B090C1418090D090C0B010B020B1C030B030C020C0102180118051898
:208A8000010D1502181C180318040B180B0903091C09031C011C0918031C030B180B180316
:208AA000180218021801180518051801180202010509050906090806050116140514010274
:208AC0001003100B180914010D021E021E1A01090302010209030B18090D0B180918090D1A
:208AE000150D0918090D040D0918090D020D0918090D15100D151014101A09150C150B159B
:208B00000C02030B100C10090C090B0D0C1009140C0B15100212161F160614091501140CAA
:208B20001503140F150C16171016091E0D1E15182009200D0B0D1A0C1A090309170B170CFF
:208B4000020C1603160B011402030503100110020602140514010803060305010405040229
:208B600001030203090B03180218011802090D091403150B101810090D100B151815091569
:208B800018090904150215030D0914181804180D091018090D020D0D09191809100D10150D
:208BA0001A011E02051401020D030D040D080605010203020410031504150301140310099C
:208BC000100415021014031508141902190114021009150F1509090C0B140C1409140C14DB
:208BE00009140C0F0C0F0B030C0B0C0B0C0C09020903090B01090C030B0C0B03020B030253
:208C000009150C150B03150215010302010C0D0B0D03020D010D050201050B090309020153
:208C200009050906010506030C020612061F02100302010504090309020905110506031444
:208C40000B0302010C0D0B0D030D0D01020903090209020901090509010201090C020C0147
:208C60000C030C020C010C020C030C0B090313020309020914010902091703090216090BE6
:208C8000150C09170F091910190919040904020304031A091A031A011A0301081002100651
:208CA00005011A021A0302140116021A032002011E1A15200D09210C2104210320051E08C2
:208CC00020021E0520041E02210903150B15181509151810031505180409080605010502D9
:208CE0001403150D150915180B030B1C03011C0B030B1C0B0105061D081D1B1D08140114A4
:208D000008FF002526222728292A272B262C262D2725272E272B262F27302731272A0721D6
:208D20000722323334160717071A0721072207250730272A26352936271A2632292B272029
:208D40002730072F372C322D0738072F07220725072239283A3B250720072407230722072A
:208D60001A231A07233C231A231A231A231A07250722352C3D393607322207210725072BFF
:208D800007363E3F392507220730072A072107203340263326202721272226322637263627
:208DA0002725072007213A323E2C2B074126422736292E2725272B29432639262A074407A8
:208DC00045072E072B4647352C2B0736072A07420736072F3F393D373607252D32072D3291
:208DE000072D252D252D252D252B072C36074826252C3F2C420736072B0736072A07302FDA
:208E000030072F492F302F300716071E071A071E071640331E07200714193407193419149F
:208E2000191407324A262B27394B282641263E29382632263027422736272B2645272E2785
:208E400020244A07244A072420242024202420300725072E072B073607422C3F2C3E2B07A8
:208E6000392507380730072A072B2C413E30072507420738072507220730283A3B250720B7
:208E8000072107200738071A4A332832300725073807250730323E21222807224C22212299
:208EA000210725073807254D28380725073807300720242007244E24202420072B074907B6
:208EC000162721293E261E273A4B4F50072B072A0744072E2725263F263D26312739264129
:208EE000072C26420736072F072B0730072F072D2C32393242072207250722073007212287
:208F00002107224C22212221222122210742073043413F2C2A073E3007250730072F0736CB
:208F2000072F3F392507220725072D072F072D2C252D320730254230423907423036423051
:208F400042304230423042361A201A21202221250722264C4B41262B273626372651075244
:208F6000263F072F27392643262A072107220725071A3453543321072207250739262A2665
:208F800035292C261A2725293F26202730072F072D2C32374D2F072207250722073007215E
:208FA0003A3B3220072407230722071A231A262333231A231A231A231A07250722074407F7
:208FC00036072F392C322207210725072B073607423F39323A30072A07210720071A074064
:208FE0000733264A2628263A2625263726362725072007210722072507422C3F41263E26A6
:209000002C4B52263226554B4307392641440745072E072B07450756352C3F2C2A07420799
:2090200036072F072B0730072F373607252D32072D512D252D252D252D253F2C2C265758F4
:2090400021072A0728262A593A30074C1A201E1A16201E1A161E33200714253016172F30C6
:209060000753274A3A39375A25072F072B0747072C3F2A0744072A072B0736072A3F5B30C4
:209080002230282A0728262A074C3A394C1A201E1A16201E1A161E071A4A14253016172F57
:2090A0003007535A20072207305C2725072F072B0747072C072B4135412B0736072A072B07
:2090C00007430730223016395D0730075D0717072007531A1E203316071A071E073E262F56
:2090E0002207352C1A072D0725072E073207525E372C5122212520072107220719543340D3
:2091000020071A07513830252F07174A39323807210720071A071E0720283A393A21072A0C
:20912000073607420725072B49252230282A0728262A074C3A394C2538302507210725079B
:2091400038075F073A1A07360751242220241A201A2120222825071A1E201A241A20072BEA
:20916000072D07252230252F253016072407201A2120222021074127533321073B5A200795
:20918000223937263230074207360742073007253E300760211A21160730075326306154A0
:2091A0004A5D1A1E201A0716071A403E262F072207440736071A072D07255251072E075123
:2091C000072D073607322221254A282207190717071A071E0720071A513830252F071707EB
:2091E0002007300725073807214A33402007210722073007220721072A2C3E323F49252233
:209200003021072A0728072A074C072207300728072538302528324D5F2622071A0736071E
:209220003207242220241A201A212022210725071A1E201A241A203F2D07252230252F252D
:20924000300716072407201A2120222021415A16071A072107245A4A3A30073726250730BE
:2092600007422C0742392507420730076263250734140716535340401E0733331A071E07FE
:209280002007221A072C3D2D0736072D07250730072F2C33334A4A200728282107223A3A69
:2092A00028322F07220744074507560744472C3D3925072207210722072407203B643364AD
:2092C0001A0717071A07170716071707193465332007210720071A072507143453535340AC
:2092E000401E0733331A071E4A3A1A0736072F072D0736072D072552323F3E2B0766264281
:20930000072B2C52412C325A372732413F2C2D073607325A47272C3925072207560744079B
:209320003607362C3D3D3D3939300732322567076433262D07322624074A073D393930078C
:2093400037372D0732253247474736072F07300725072207213A323A36071A07200721079A
:2093600034140716535340401E0733331A071E07203A1A072C3D2D0736072D0725072E07A7
:2093800025072B3E3F662642072B0736072E32393E3E3E3E3E3E420736072B412C3007282B
:2093A0002828282128283A32392207200716071E071A071E071A4A33160724072007210719
:2093C0003807210738324D16072C4207300725072B072007210722393A2A072107220725BD
:2093E000074207250744072232372C2D072E07250730072F07300725473556073607331A2E
:20940000074A2007202828283A3A2207210725072F072235464735560736073007360725C9
:20942000072132682621072507220736071A0720073B073A690724072B0736072F07443F03
:209440003D67072507372622072A072B2C52412C323225073A2207222828284A4A200733ED
:20946000262D0732073B4A263D392622072821283B3B3B4A4A200737372D0725393E2C2A78
:2094800007360742072B074207303E39415A355A2A07360742300735463F5A46273F3E39D5
:2094A000322407250720071A071E0730324D323925072B2021202222212525141453535314
:2094C00040401E0733331A071E07203A1A0736072F072D0736072D0725393D3607331A077C
:2094E0004A4A20072821283A3A3A210725072F0722074407454735472C2F073007250722A5
:209500000721072207244A3B641A0723071A0717071A07175354653419071A072007210754
:2095200020071A3234345353160740401E071A071A33404A22071A0736072F072D073607C2
:149540002D250752322B0742072B0766073E072B072C6AFF14
:20C00000212DDE7ED6FF300134212EDE7ED6FF300134FA2BDE4F212CDE463EDDB93E0398E7
:20C02000380E210A00094D7C212BDE7123771808212BDE3EE7223603FA2BDEEA29DEFA2CA4
:20C04000DEEA2ADE3EFC211AC1963803343434212DC17ED6FFD034C93BF80036002114C1DF
:20C060004E23466F2600094D7C2114C1712377FA2DDE4F06000B6960290929092909012DAF
:20C0800000094D442114C12A917E9838262B7E91227E9877CD0040FA2DDEF5331E0521FC7E
:20C0A00059CD363633F80036011E1121B047CD363618BCF8007EB7280433C3561E33C9FA7F
:20C0C0002DDEF80696D0FA2DDEF806963005CD004018F3AF2114C12277FA2DDEF5331E057D
:20C0E00021FC59CD3636331E1121B047CD3636C3561EE8F8F80E7E160087CB125F2197C8EA
:20C1000019E57DF80677E17CF805322A5F2A571A22131A77F80F4E0600F806799623789E18
:20C12000306EF80F4E0600F8062A5E914F7B9847F8042A666F792270F8042A5F561A4F13E9
:20C140001A47F8107EB728202B2B1180C86E2600195D541AC5F81166E533F5331E052139E1
:20C1600056CD3636E80418241180C8F80E6E2600195D541A2145DE66E533C5F81266E53322
:20C18000F5331E0521A452CD3636E805AFC3B743F8107EB728232B2B0180C86E2600094D9A
:20C1A000440A110000D5F81166E533F5331E05213956CD3636E80418270180C8F80E6E2682
:20C1C00000094D440A2145DE66E533110000D5F81266E533F5331E0521A452CD3636E80503
:20C1E0001180C8F80E6E260019E57DF80477E17CF803322A5F561AF5331E02212944CD3602
:20C200003633F80477F5331E05212558CD3636330152C8F80E6E2600094D440AF80577011F
:20C2200069C8F80E6E2600094D440AF80677116ACFF80E6E26001933335D54D51AB7281226
:20C24000F8063A577E5FD51E0D21DD53CD3636E11801AFB7206AFA39C9D6173063F8063A4A
:20C26000577E5FD51E0221B857CD3636E1B720503EF42139C9864F3EC8CE0047F8057E0262
:20C280003E0B2139C9864F3EC9CE0047F8067E023E222139C9864F3EC9CE0047C51E022149
:20C2A000E645CD3636C102F8063A575ED5FA39C9F5331E02213F42CD3636E8032139C93434
:20C2C000F8063A577E5FD51E02219241CD3636E1F8022A5F561AFE072808FE082804D609B6
:20C2E0002012F8052A3C66E533F5331E02219241CD3636E10156C1F80E6E2600094D44AFDA
:20C3000002D1D51AB72834FA2FDE06004F0B696029094D44F80E7ECB3707E61F26006F0925
:20C320003EB7854F3EC18C470A5FF80E7EE607573E01141801871520FCB302F80E7EF533AC
:20C340001E11210A59CD363633F80E7EF5331E1121B546CD3636332184C17ED617300F4EFD
:20C360003479C66D4F3E00CEC147F80E7E02F8022A5F561AF80777D607280EF8077ED6081D
:20C380002807F8077ED609200CAFEA3ADE1E0221317FCD3636F8022A5F561AD6082010F812
:20C3A000063A577E5FD51E19215F42CD3636E1F8047ECD58403E01E808C9FA16C1B7282278
:20C3C000F0041E64CDE126792116C19630142145DE36013E7FF8069630033EFFC9F8067E47
:20C3E00087C9AFEA45DEF8067EC9E8ECF81B2A239630040601180DF81D3A2B96300406FF79
:20C4000018020600F81C2A239630040E01180DF81E3A2B9630040EFF18020E001180C8F8D2
:20C420001A6E2600195D541AD609204EFA23C1B728483EFFF53379F533C533F81F3A575E14
:20C44000D51E11213259CD3636E805CDF21C0E0059160021000039195D5421FC440600091A
:20C460007E12B728030C18E821000039E51E0521E750CD3636E1AFC3F944D5F81C2A23F590
:20C480003379F533C5333A575ED51E11213259CD3636E805FA2EDEF5331E1321BA43CD368B
:20C4A00036332600E533F533F81E7EF5331E1321F240CD3636E803D1F81277B72838016976
:20C4C000C8F81A6E2600094D440AF813770152C8F81A6E2600094D440A471AF81C66E53370
:20C4E000F81C66E533F8156668E5F5331E1921AF40CD3636E805F8127EE814C953504849D4
:20C500004E5820495320464C59494E472100E8FCF80036001E00214DC21600197ED60BC2FF
:20C52000D845216BC21600197EB7CAD845F802AF2277F8037E21F3C896D2DF45F8027ED6D4
:20C5400002D2DF45231156C16E2600194D440AB7CAD245F80A7EF8039628771152C8F803E2
:20C560006E2600194D440AF80177FA1EC1F8019630077E211EC1961806FA1EC1F801964F7B
:20C580001169C8F8036E2600195D541A47211FC17E90300478961804FA1FC190473E01B989
:20C5A000383090382DFA2EDEF5331E1321BA43CD3636332600E533F533F8057EF5331E13FB
:20C5C00021F240CD3636E803B72804F8003601F80234F80334C332451C7BD61EDA1645116A
:20C5E00056C1F80A6E2600194D440AF803777EB728693600114DC2F8036E260019E57DF84A
:20C600000377E17CF802322A5F561A777ED60D2042116BC2F8036E260019E57DF80377E149
:20C620007CF802322A5F561A777EB72826F0041E64CDE12679D619302211DCC8F80A6E2610
:20C640000019E57DF80477E17CF803322A666F36031808F803347ED61E3899F8007EE80436
:20C66000C9E8FBCDDB1EF8002236002124C17EB728713600FA29DEEA2AC1FA2ADEEA2BC140
:20C680002169C846FA52C82603E5332645E533F80E66E533F80E6668E5F5331E1121846B86
:20C6A000CD3636E806AFF5331E0221254ECD363633B720101E1121B647CD36361E0221E5C9
:20C6C00079CD3636CDBD01F80C3A477E4FC51E0221D27ECD3636E1212ADE3AB620053E02DD
:20C6E000C34E48FA52CFB7CA4E48FA29DEEA2AC1FA2ADEEA2BC1F8043600F8047E2152CF13
:20C7000096303F113BCFF8046E260019E57DF80477E17CF803322A5F561AF5331E0221256A
:20C720004ECD363633B72004F8013601F8022A5F561AF5331E1921DE44CD363633F8043403
:20C7400018B8CDBD01F80C3A477E4FC51E0221D27ECD3636E1FA52CFF533113BCFD5F80F82
:20C760003A477E4FC51E11211368CD3636E805F8017EB72815CDE81C1E1121B647CD3636F3
:20C780001E0221E579CD36361803CDF21CFA3CC1B7CA3648212ADE3AB6CA3648212DDE7ECA
:20C7A000B728034E18020E01F80436000600782152CF9630603E3B806F3ECFCE00675E21DF
:20C7C00056C11600197EB728492169C8160019563E52836F3EC8CE00677EC5D52607E5337C
:20C7E000267A6AE5F533F8143A477E4FC51E1121846BCD3636E806D1C1C50601C57BF533D7
:20C800001E1321F240CD3636E803C1B72804F8043601041899CDBD01F80C3A477E4FC51E24
:20C820000221D27ECD3636E1F8047EB728081E02212E7FCD3636F8005D54CDDE1E5F3E04D0
:11C84000CDE61E212ADE3AB63E0228023E01E805C99E
:020000040000FA
:0138D30000F4
:020000040005F5
:200000003B3B6F7B079F572600194D447DD6017C173F1FDE8030043E011827F8047EF800EC
:2000200022AF322A917E9856785FCB7B2807CB7A2008BF1805CB7A2801373005F8047E1895
:2000400001793333E133E900000000000000000000000000000000000000000000000000C3
:20006000000000000000000000000000000000040004000A0000000000000000000000016D
:2000800005000000000000020A000000000000030000020000000000000000000000000446
:2000A00000060000000000050A000000000000040005000000000006000200000000000614
:2000C0000004000000000006000600000000000600000005000000060000000A00000006EF
:2000E0000000000F00000006000300000000000600060000000000060009000000000006C7
:200100000000000005000006000000000A000006000000000F0000060000000000050006A4
:2001200000000000000A000600000000000F000605000000030000060A0000000600000676
:200140000F00000009000006040100000000000608020000000000060C0300000000000651
:20016000000000040000030600000008000006060000000C00000906000000000004030636
:20018000000000000008060600000000000C09060001000000000406000200000000080615
:2001A0000003000000000C000000000000000001000000000005000000000000000000002A
:2001C00000000000000000000000000000000000000000000000000000000000000000001F
:2001E0000000000000000000000000000000000000000000000000000000000000000000FF
:200200000000000000000000000000000000000000000000000000000000000000000000DE
:200220000000000000000000000000000000000000000000000000000000000000000000BE
:2002400000000000000000000000000000000000000000000000000000000000000000009E
:2002600000000000000000000000000000000000000000000000000000000000000000007E
:2002800000000000000000000000000000000000000000000000000000000000000000005E
:2002A000000000000000000000000000000000000000000000000000000000000000003B03
:2002C0003BF8087ED64FD28F45014740F8085EAF6B67292929094D44F8097ED61E300D115D
:2002E000A7C26E2600195D541A5F18021E00F80073F8087ED62D2066FA2BDE5F212CDE5631
:20030000F80A7EB72824219001195D543EE7BD3E039C300311E703212BDE7B227A327EEA16
:2003200029DEFA2CDEEA2ADE18343E90BB3E019A30097BC6705F7ACEFE18031E01AF212B4E
:20034000DE732377112BDE2129DE1A1396231A9E300CFA2BDEEA29DEFA2CDEEA2ADE6960E3
:20036000237EB7CAE543C526FFE533F8035ECD0040F80377C1F80A7EB72826F8015E1600A6
:20038000FA2BDE212CDE666F195D543EE7BD3E039A300511E703180154212BDE7B227218E5
:2003A00044F8015E1600212BDE7B96237A9E3012F8015E1600FA2BDE212CDE6E935F7D9AC2
:2003C00018031E01AF212BDE732377112BDE2129DE1A1396231A9E300CFA2BDEEA29DEFAF3
:2003E0002CDEEA2ADE696023237EB7282BC526FFE533F8035ECD00405FC1F80A7EB728087B
:20040000212EDE7E837718107B212EDE9630047E9318023E01EA2EDE69602323237EB728AE
:2004200045C526FFE533F8035ECD0040F80377C1F80A7EB7281DFA3DC1F8015E16006F2666
:2004400000195D3EFFBD3E009C30021EFF213DC1731813F8017E213DC19630067EF80196D7
:200460001801AFEA3DC1210400097EB72845C52664E533F8035ECD0040F80377C1F80A7E7C
:20048000B7281DFA16C1F8015E16006F2600195D3E64BD3E009C30021E642116C173181394
:2004A000F8017E2116C19630067EF801961801AFEA16C1210500097EB72845C52664E53333
:2004C000F8035ECD0040F80377C1F80A7EB7281DFA17C1F8015E16006F2600195D3E64BD5E
:2004E0003E009C30021E642117C1731813F8017E2117C19630067EF801961801AFEA17C104
:20050000210600097EB72845C52664E533F8035ECD0040F80377C1F80A7EB7281DFA18C1BA
:20052000F8015E16006F2600195D3E64BD3E009C30021E642118C1731813F8017E2118C14D
:200540009630067EF801961801AFEA18C1210700097EB7283A2664E533F8015ECD00404F1A
:20056000F80A7EB7281AFA19C10600606F094D443E64B93E009830022E647DEA19C1180F62
:20058000792119C19630047E911801AFEA19C13333C9F8067ED64F3802AFC9F8064EAF699C
:2005A00067292929114740197EC90E00214DC2060009463E6B816F3EC2CE00677EB728188B
:2005C00078D64F301368AF67292929114740195EF8067E93200278C90C79D61E38CE3EFF05
:2005E000C93BF80036000E00214DC20600095E216BC20600097EB7281B7BD64F3016AF6B49
:20060000672929291147401946F8077E902005F8007E180B0CF8007977D61E38CB3EFF33DB
:01062000C910
:20400000111C40D5210401E5CD7E27E804C961625004010303494A08020100000000D41983
:204020008012DC3AC521310019D5010700C5010E405D54CDFE28D1011540210700E5CDFE14
:1240400028E13607E5F8042A4F463E01023333E1F1E926
:20800000116140D5AF3CF5CD8327E804116140CD5C0C116940D5210201E5CD8327E80411A3
:208020007140D5210701E5CD8327E804117940D5210401E5CD7E27E804118140D521050173
:20804000E5CD7E27E804118940D5210601E5CD7E27E804119140D5210701E5CD7E27E804A0
:20806000C9EC161D376F6EFF7FEC16A5146B2D31461D37F41DBA2EBF530000C850867D162C
:208080007E0000D6285F085F5A00009248E41BDF7100003701FF0B7F07F8022A4F46AF02E9
:2080A000E1F1E94B5F8787878387878783477987878187879187878791A84FFA1DC15F8762
:2080C0008387879387878783A94FCB3707E61FA94F87878787814FCB370FE607A9C93000DA
:2080E00001132E0102142C0202142B02021429030214E8FAFA1DC12146DE962013FAAAD919
:208100002147DE96200AFAABD92148DE96CAFC42FA1DC1EA46DEFAAAD9EA47DEFAABD9EA1C
:2081200048DE01DE40FA1DC16F26002929094D44FAAAD9CB3FEAF1DBFAABD9CB3FEAF2DB25
:208140000AEAF3DB595013131AEAF4DB030AEAF5DBFAAAD9160021ABD96E26005F195D54FF
:20816000E5010300CDE826E179EA0BDC78EA0CDC5D54FA1DC1B7200501130018030114001D
:20818000CD8C286960AF291729172917577C210DDC2272F8043600F805AF324E0600696088
:2081A000290929010FDC093333E5F8043A2B3C77D1D5F8056E260019E57DF80577E17CF895
:2081C0000422345EF8027ECDA340E60FC6F9F8035E23666B77F8057ED60638D4F8022A239D
:2081E00077D60638B2233600F8057E21F4DB96D2B642F8057EC678211DC15ECDA340E6036F
:20820000C603F8027711F6DBF8056E2600194D44FAAAD90F0FE63FF80477FA1DC1C6075FD0
:20822000F8057EC664C5CDA340C121AAD95ECB3BC5CDE12679C1F80486230211F9DB6E2668
:2082400000194D44FAABD90F0FE63FF80477FA1DC1C6095FF8057EC66EC5CDA340C121AB89
:20826000D95ECB3BC5CDE12679C1F8048623023A2B4FAFCB218F7123322A5F5621FCDB19B3
:208280004D44F8025EAF6B672911FF42192A6602037C02F8032A5F562102DC194D44F80250
:2082A0006E2C2C26002911FF42192A6602037C02F80534C3E841F8053600F8057E21F5DB6F
:2082C0009630391108DCF8056E2600194D44FAAAD90F0FE63FF80477FA1DC1C6325FF80510
:2082E0007EC6C8C5CDA340C121AAD95ECB3BC5CDE12679C1F8048623023418BEE806C900F9
:2083000000010004000900100019002400310040005100640079009000A900C400E1000085
:20832000012101440169019001B901E401110240027102A402D902100349038403C1030048
:208340000441048404C90410055905A405F10540069106E40639079007E9074408A10800EA
:20836000096109C409290A900AF90A640BD10B400CB10C240D990D100E890E040F810F006A
:2083800010811004118911101299122413B1134014D1146415F91590162917C4176118E8E3
:2083A000F7F8073273FAAAD9F80577FAABD9F808327ED602381A2B7ED60238142B2A234F45
:2083C0000D0D7E91300A233A2B4F0D0D7E9138053E01C32246F8072ACB37E60F774E0600A8
:2083E0006960290929E57DF80677E17CF80577110FDC3A6E6719E57DF80477E17CF80377E9
:20840000F8062A23CB37E60F775E1600F8022A666F19E57DF80677E17CF805322A5F3A57A0
:208420001A22079F22233A4F878787914F3A5F8783878783A9E6035FFAF3DB4F06003A6E2D
:2084400067094D4416006B62093333E5FAF1DBF8079630077E21F1DB961806FAF1DBF8076E
:20846000964FFAF2DBF8069630077E21F2DB961806FAF2DBF80696F8087779D6503008F8C4
:2084800004792236001807F8043E4F22AF77F8044E0600CB21CB1021FF42092A4F46F808D6
:2084A0007ED65030045EAF18031E4FAF6B672911FF42195D541AF80222131A77F8022A6625
:2084C0006F09E57DF80677E17CF80577C1C579D60678173F1FDE803007F8003E0622AF779B
:2084E000F8007EFE5030056F26001803214F002911FF42192A4F46F8042A917E9838053EC8
:2085000001C32246F8083600F8087E21F4DB96D2B44511F6DBF8086E2600194D440AF80503
:20852000772A239630063A2B96771808F8052A23962B2B7711F9DBF8086E2600194D440A3F
:20854000F804772A239630063A2B96771808F8042A23962B2B77F8043A22237ED6503006FC
:208560003A2236001807F8043E4F22AF77F8044E0600CB21CB1021FF42092A4F46F8037EBF
:20858000D65030045EAF18031E4FAF6B672911FF42192A666F094D44F8085EAF6B67291125
:2085A000FCDB192A66917C9838043E011874F80834C30845F8063A2B0F0FE63F77F80836F8
:2085C00000F8087E21F5DB963057F8087EC61E5FF8047ECDA340E607F803771108DCF808D0
:2085E0006E260019E57DF80377E17CF802322A5F561AF805773A2B86232377C6FD772A23D5
:208600009630063A2B96771808F8052A23962B2B773E01F8059638043E011806F808341898
:20862000A0AFE809C9CDF240F8073A5F7EC39F43E8FDCDF240CDC80E0E007921ABD99630FE
:208640006C06007821AAD9963060F8017922AF322A5F566B622919292929292958160019AF
:208660005D7CF800732377C55978CD9F43C1B7280CC5F8022A5F56CD9C0EC1182AD1D5CBA2
:208680003ACB1BCB3ACB1BCB3ACB1B2186CF195D541AF802322B7EE6076F3E012C1801874E
:2086A0002D20FCF802B6120418990C188DE803C9E8F7F8073273FAAAD9F80577FAABD9F8AB
:2086C00008327ED604381A2B7ED60438142B2A23C6FC4F7E91300A233A2BC6FC4F7E913835
:2086E000053E01C33D49F8072ACB37E60F774E06006960290929E57DF80677E17CF8057736
:20870000110FDC3A6E6719E57DF80477E17CF80377F8062A23CB37E60F775E1600F8022A40
:20872000666F19E57DF80677E17CF805322A5F3A571A22079F22233A4F878787914F3A5F10
:208740008783878783A9E6035FFAF3DB4F06003A6E67094D4416006B62093333E5FAF1DBCA
:20876000F8079630077E21F1DB961806FAF1DBF807964FFAF2DBF8069630077E21F2DB96D0
:208780001806FAF2DBF80696F8087779D6503008F804792236001807F8043E4F22AF77F85D
:2087A000044E0600CB21CB1021FF42092A4F46F8087ED65030045EAF18031E4FAF6B672959
:2087C00011FF42195D541AF80222131A77F8022A666F09E57DF80677E17CF80577C1C579FA
:2087E000D60678173F1FDE803007F8003E0622AF77C1C50B0B60CB7C280301000079FE5061
:2088000030056F26001803214F002911FF42192A4F46F8042A917E9838053E01C33D49F826
:20882000083600F8087E21F4DB96D2CF4811F6DBF8086E2600194D440AF805772A2396305C
:20884000063A2B96771808F8052A23962B2B7711F9DBF8086E2600194D440AF804772A23E6
:208860009630063A2B96771808F8042A23962B2B77F8043A22237ED65030063A22360018EF
:2088800007F8043E4F22AF77F8044E0600CB21CB1021FF42092A4F46F8037ED65030045E8E
:2088A000AF18031E4FAF6B672911FF42192A666F094D44F8085EAF6B67291102DC192A6633
:2088C000917C9838043E011874F80834C32348F8063A2B0F0FE63F77F8083600F8087E2198
:2088E000F5DB963057F8087EC61E5FF8047ECDA340E607F803771108DCF8086E260019E5BA
:208900007DF80377E17CF802322A5F561AF805773A2B86232377C6FD772A239630063A2B12
:2089200096771808F8052A23962B2B773E03F8059638043E011806F8083418A0AFE809C99B
:20894000E8F8F807327B227EF800223600F8067EF80222AF322A5F56E1E519E57DF806778D
:20896000E17CF80522233A4F878787914F3A2B5F8783878783A9E6034E23466F2600094DC7
:2089800044210DDC799623789E3003AF1810F8062A5F7ECDB046B72803AF18023E01E80895
:2089A000C9E8F8F807327B227EF800223600F8067EF80222AF322A5F56E1E519E57DF806DB
:2089C00077E17CF80522233A4F87818787914F7E5F878783A9E603210BDC4E23466F2600AE
:2089E000094D44F804799623789E3003AF1810F8062A5F7ECDB046B72803AF18023E01E8F5
:208A000008C9CDF240F8073A5F7EC34049CDF240F8073A5F7EC3A149E8F5F80A32734E0D83
:208A200006006960290929292929294D44F80A7EF80522AF322A666F095D54CD700EF8005B
:208A400077F8093A3C773A22AF322A4F46696029092929292929E57DF80977E17CF8083284
:208A60002A5F56F8052A666F195D54CD700EF80177F8094E0600696029092929292929E594
:208A80007DF80477E17CF80377F80A3A2B3C77F80522AF322A5F56F8022A666F19E57DF8B2
:208AA0000977E17CF808322A5F56CD700EF80477F80A3A2B3D77F80522AF322A5F56F80216
:208AC0002A666F19E57DF80977E17CF808322A5F56CD700EF80877F8007EB7280BF8047E9A
:208AE000B728053EEAC3784BF8007EB7280BF8087EB728053EEDC3784BF8017EB7280AF819
:208B0000047EB728043EE5186FF8017EB7280AF8087EB728043EE1185FF8007EB72810E5A5
:208B2000F80CCB46E128043EEF184D3EEE1849F8017EB72817E5F80CCB46E12806F8083648
:208B4000E41804F80836E2F8087E182CF8047EB72810E5F80BCB46E128043EE5181A3EEA4F
:208B60001816F8087EB7280FE523CB46E128043EE118053EED1801AFE80BC9CDF240F8074C
:208B80003A5F7EC3184AE8FAF805327B223A0E005E16006F6119E57DF80477E17CF80377A2
:208BA000FA0BDC210CDC46C6054F300104F802799623789EDA984CF8042A5F1D7ECDA1495F
:208BC000F80077F8042A5F1C7ECDA149F80177F8053A3C5ECDA149F80277F8053A3D5ECD48
:208BE000A149F80377F8082A4F46AF02F8007EB7280B23237EB728053EEAC38B4DF8007E68
:208C0000B7280BF8037EB728053EEDC38B4DF8017EB7280A237EB728053EE5C38B4DF801AB
:208C20007EB7280B23237EB728053EE1C38B4DF8007EB72812E5F807CB46E128053EEFC310
:208C40008B4D3EEEC38B4DF8017EB72818E5F807CB46E12806F80336E41804F80336E2F8C7
:208C6000037EC38B4DF8027EB72812E52323CB46E128053EE5C38B4D3EEAC38B4DF8037E2B
:208C8000B72811E523CB46E128053EE1C38B4D3EEDC38B4DAFC38B4DF8022A5F56210500F4
:208CA000194D44210DDC799623789EDA8A4DF8042A5F1D7ECD4049F80177F8042A5F1C7E02
:208CC000CD4049F80277F8053A3C5ECD40494FF8053A3DC55ECD404957C1F803AF322B1E2D
:208CE000007EB7280D79B72809232336CE1E20C37E4DF8017EB7280A7AB72806232336CE8A
:208D0000187CF8027EB7280B79B728072336CE1E60186BF8027EB7280B7AB728072336CEED
:208D20001E40185AF8017EB72811E5F807CB46E10EDF20020ECFF803711843F8027EB7281C
:208D400013E5F807CB46E10EDF20020ECFF803711E40182A79B72813F80336CEE523CB46AF
:208D6000E128041E6018171E2018137AB7280FF80336CEE523CB46E13E402001AF5FF808C2
:208D80002A4F467B02F8037E1801AFE806E1C1E9E8FC0E007921ACC39630526926002929E9
:208DA0005D5421FCC2193333E52323465816006B622929197DC62F5F7CCE0CF802732332A4
:208DC000D1D51A5E23666B23235E835FF80A7E932018E1E5235EF8022A666F2323237E8306
:208DE0005FF80B7E9320037818050C18A73EFFE804C93BF800010000717821ACC3963031E7
:208E000068AF6729297DC6FC5F7CCEC2576B6223237ED60220181AF80796200E131A5FF87F
:208E2000087E932005F8007E18090CF800710418C83EFF33C9E8FDF8003600FA310CF80188
:208E400077F80236000E007921ACC396303C69AF6729297DC6FC5F7CCEC2576B6223237EEF
:208E6000B720241AF8018647F8097E902013131A47FA320C805FF80A7E932005F8007E1884
:208E80000BF802343A2B770C18BD3EFFE803C9E8F80E007921ACC396307411FCC269AF676C
:208EA0002929195D541A47F80E7E90205E6B622346F80F7E9020546B6223237EFE04201120
:208EC0001313131AF5331E16214952CD363633183DD60520364F21114F06000946591600A1
:208EE000210000391978B72804700C18E93600FA2BDEEA29DEFA2CDEEA2ADE21000039E5C8
:208F00001E0521E750CD3636E118030C1885E808C952455354454400E8FAF80532730E00E6
:208F20007921ACC396305E69260029295D5421FCC21933335D54D513131A5F16006B6229E3
:208F400029197DC62F477CCE0CF80270232223D1D51A477E90382B2B2B2B2A5F2A23571AAE
:208F600080477E90301CE1E5235EF8047E9338122B3A6E67237E835FF8047E9330043E01F5
:208F800018040C189BAFE806C9E8F4F802AF2277F8073600F8124ECB792803AF18023E026D
:208FA000F80877CBB9F80B36001E007B21ACC39630676B260029297D54D55F21FCC219D176
:208FC000E57DF80B77E17CF80A322A666F232346F8087E902040F80B7E912037F8092A5F38
:208FE0003A2B571A4F5E16006B622929197DC62F5F7CCE0C576B6223237E81F80277F8099E
:209000002A666F234E1313131A81F80377F80736011806F80B341C1892F8077EB7CA0E52EB
:20902000F8093601F8097EF80477AF96F80A77F80A5EF8047E57F80A96CB7B2807CB7A20A5
:2090400008BF1805CB7A280137DA0552AFF80496F80B77F80B5EF8047E57F80B96CB7B2862
:2090600007CB7A2008BF1805CB7A280137DAFF51F8047E4F079F47AF914F9F9047F80B7E95
:20908000F80522079F77F80A7EF80022079F77F805799623789E7857CB7E2807CB7A2008E4
:2090A000BF1805CB7A2801373054F8045EF80B7E57F80496CB7B2807CB7A2008BF1805CB5E
:2090C0007A2801373038F800799623789E7857CB7E2807CB7A2008BF1805CB7A28013730A9
:2090E0001DF8045EF80A7E57F80496CB7B2807CB7A2008BF1805CB7A280137DAF951F8020F
:209100007EF80722AF322A5F56F8052A666F194D7CF805712377F8037EF80722AF322A5F06
:2091200056E1E5194D7CF800712377F8052A4F4679D60178173F1FDE80DAF951C1C579D6DE
:209140000178173F1FDE80DAF95123FAAAD922AF322A4F460BF8052A917E985678CB7F2824
:2091600007CB7A2008BF1805CB7A280137D2F951FAABD9F80722AF322A4F460BF8002A91E1
:209180007E985678CB7F2807CB7A2008BF1805CB7A2801373063F8007EF807774E06006948
:2091A00060290929292929294D44F8057EF808776E260009CB3CCB1DCB3CCB1DCB3CCB1D63
:2091C0001186CF194EF8072A5F8783878787878786E60747041802CB390520FBCB41281944
:2091E000F8072A5F7ECD184FB7200EF8087EEAACD9F8077EEAADD91815F80B34C35350F8B4
:209200000A34C32F50F809343E0496D22450E80CC90E007921ACC396302C11FCC269AF6767
:209220002929195D5423237ED60420171A47F8067E90200F6B622346F8077E902005131313
:20924000131AC90C18CD3EFFC9E8D8F82E4E79E6F0F8202279E60F327EB72068F8273600B2
:2092600011F554F8276E260019E57DF82777E17CF826322A5F3A2B571A77E5210200395DAF
:2092800054E1F8276E260019E57DF82777E17CF8262234F8247EB7280A232A5F3A2B577E9B
:2092A0001218BDF8217EC631F8255E23666B77E5210200395D54E1F8276E2600194D44AF74
:2092C00002C36354F8207ED61020643E03F821963002360001FB54F8215E16006B622919CE
:2092E000094D440AF80022030A77F8273600111355F8276E2600194D440AF82477F8275EE7
:209300001C1C16002100003919E57DF82777E17CF826322B7EB7280D232A5F3A2B577E125A
:20932000F8273418C9F8252A666F3600C36354F8207ED6202067F8003E44223E4E22364753
:20934000F8217EC631F803223E20223E4C223656F8217ED60638043E06180DF8217ED60322
:2093600038043E0418023E02C630F807770E08F821463E011E0004180387CB130520FA2113
:2093800011C1A623477BA6B028060E09F808362A59160021000039193600C36354F8207E4D
:2093A000D6402071011D55F8217EE6036F260029095D541AF82222131A77F8273600F82232
:2093C0002A5F56F8276E260019E57DF82777E17CF826322A5F3A2B571A77E5210200395DC9
:2093E00054E1F8276E260019E57DF82777E17CF826322B7EB72815F8277ED60F300E2B2B14
:209400002A5F3A2B577E12F8273418B2F8252A666F3600184EF8207ED650202C016455F8E8
:20942000217EE6076F260029092A4F461E006B26000956D516002102003919D17AB728047E
:20944000721C18EA3600181B0E0021A55506000946591600210000391978B72804700C18C4
:20946000E9360021000039E51E0521E750CD3636E1F8207EB7280C7ED6202807F8207ED669
:2094800040206FF8207EB7201AF8104D443E10F533C5F8247EF5331E0E219055CD3636E88D
:2094A000041841F8207ED620201AF8104D443E10F533C5F8247EF5331E0E21E755CD363631
:2094C000E8041820F8104D44212FDE7EC6D22610E533C5F82466E533F5331E0E218C56CDBA
:2094E0003636E80521100039E51E0521E750CD3636E1E828C9544F574E20004E45004E57B6
:20950000005345005357004E45004E570053450053570020574159504F494E540025553347
:20952000554455565557454C434F4D452C204845524F0052455354204154205448452057A1
:20954000454C4C005341464520494E534944452057414C4C530046494E45204441592C2024
:209560004E4F3F00745578557E5585558C55925598559F55494E4E00534D49544800544520
:209580004D504C45004D41524B455400484F555345004755494C440054415645524E0053BD
:2095A000544F52450046494E414C2044554E47454F4E00FE0420053ECDC35A56FE0220050D
:2095C0003EC6C35A56FE01201FF8027EB7200DB320053EE6C35A563EE7C35A567BB720041D
:2095E0003ED918763EDA1872D603201DF8027EB7200BB320043EC018613ED0185D7BB72091
:20960000043EF018553EEC18517BB72809F8037E3D930E0020020E01FA310C93200E2132E2
:209620000C46F8027E9020043E86182EF8027EB7280D23233A2B47057E902803AF18023E07
:20964000010C0D2807B728043EC2180EB728043EC4180779B73EC32001AFE1E803E9E8F323
:20966000FA1CC1D607C20C59F8187EF80777F8197EF80877F8182A666F3600F8157EB7CAB4
:209680007D572B7EF80B774E06006960290929292929294D44F8136E2600094D445950CB79
:2096A0003ACB1BCB3ACB1BCB3ACB1BC5CDE00E5FC179E6076F260001CC5B097EA3CA7D5729
:2096C000FA13D9FEFF2005010000180D4F87878791C6864F3E00CED84778B1282A0A5FF845
:2096E00013963023696023237E835F1DF8137E9330156960235E7BF80B96300B0303030AD5
:20970000834F0D7E913876F80C36002112D94EF80C7EB9304B2B2B4F87878791775E1600AD
:209720002186D819E57DF80B77E17CF80A322A5F561A4FF8139630236B6223237E814F0D7A
:20974000F8137E9130156B62234E79F80B96300B1313131A814F0D7E913805F80C3418ABA8
:20976000F8162A4F46E5F80ECB46E128083E01023EB5C3C95B3E07023EA5C3C95BF80C36A9
:2097800000F80C7E21ACC396D2395801FCC2F80C5E16006B622929094D44595013131AF8ED
:2097A00009775E16006B622929193E2F855F3E0C8CF80A7323770A5FF8137E932075030A20
:2097C0005FF8147E93386CF80A2A666F237E835FF8147E93305DF8097ED606201AF8162A6E
:2097E0005F563E06120A4FF8147E9120053EC1C3C95B3ED4C3C95BF8097ED607200DF8164F
:209800002A4F463E01023E95C3C95BF8097ED605200DF8162A4F463E01023EA6C3C95BF836
:20982000097ED604200DF8162A4F463E01023ECDC3C95BF80C34C381570E002112D979BE76
:20984000304187878791C6865F3E00CED8572104001946F8137E9020272105001946F81416
:209860007E90201C210600197EF8164E2346B728083E03023E96C3C95BAF023E86C3C95BDA
:209880000C18B8F8157EB72059232A4F46F8137EB7281B237EB7281621AAD95E1DF8137E8E
:2098A00093280B21ABD95E1DF8147E9320293E0602F8147EB7280B21ABD94E0DF8147E9187
:2098C00020053EC1C3C95BF8147E0F30053ED4C3C95B3EC1C3C95B3E0302FAA7D9C680C30A
:2098E000C95BF8144E06006960290929292929294D44F8137E26006F095D54CDF20EB72807
:2099000007F8072A666F3601AFC3C95BFA1CC1D608C2A359F8182A5F56FAF7C212F80C3614
:2099200000F80C7E21ACC396304A01FCC2F80C5EAF6B672929094D440A5FF8137E93202FA3
:209940006960235EF8147E93202503030AFE07200DF8162A4F463E01023E95C3C95BD60873
:20996000200DF8162A4F463E01023E85C3C95BF80C3418ADF8157EB72025232A4F46FAF7AB
:20998000C23D20083E07023ED3C3C95B3E0602F8147E0F30053ED4C3C95B3EC1C3C95BAFBF
:2099A000C3C95BCDF240F8143A5F7ECDA149B72806F80036021815F8143A5F7ECD4049B775
:2099C0002806F80036011804F8003600F8187EF80177F8197EF80277F8182A5F56F8007E7D
:2099E00012F803AF2277F80BAF2277F80C7E21ACC396D20A5BF80C4E0600CB21CB10CB21DD
:209A0000CB1021FCC209E57DF80977E17CF808322A5F561AF80577F8072A5F566B6223E5FA
:209A20007DF80B77E17CF80A322A5F561AF806222A5F5621020019E57DF80B77E17CF80A2F
:209A4000322A5F561AF80777D6023E012801AFF808324E06006960292909E57DF80B77E10F
:209A60007CF80A77112F0C3A6E67195D54F8137EF80596DAF35A1A47864FF8137E91307396
:209A8000237EF80696386C131A57864FF8147EB93061F806964FF8137EF8059658D561E54E
:209AA000335FF80A7ECDB3554FF8087EB7281DF803463E011E0004180387CB130520FA2194
:209AC00011C1A623477BA6B028020EC279B7283AF8162A5F56F80446AF68672929D511FC66
:209AE000C2192323D17ED6043E0728023E021279C3C95BF8087EB72807F80B347EF8037770
:209B0000F80C347EF80477C3EB59F8157EB720572B4E06006960290929292929294D44F88C
:209B2000135E6B260009D55D54CD700ED1F8164E2346B728083E01023ED6C3C95BF8007E1A
:209B4000D602200F3E0302CB4328043EF2187A3EC51876F8007E3D20073E07023ED318697B
:209B60003E06023ED51862F8157E3D205BF8143A5F7ECD184A4FB7280BF8162A5F563E0118
:209B800012791845F8147EF80C774E06006960290929292929294D44F8137E26006F095DA7
:209BA00054CDF20EB72809F8012A666F36011818F8007EB72012F8162A5F56D5F80E5EF8C0
:209BC000157ECD864BB72001AFE80DC90102040810204080E8F4F80B3273AFEA63DC0100B3
:209BE000007821ACC396D21C5D68260029295D5421FCC219E57DF80A77E17CF809322A5FFF
:209C0000562102001933335D54D51A5F16006B622929197DC62F5F7CCE0CF802732377F8D9
:209C2000082A5F561AF80477F8082A5F56131AF80577F80E7EF80496DA105D2B2B7EF80601
:209C400077F8037EF807322A5F561AF804865FF80B7E93D2105DF80F7EF80596DA105D2B2C
:209C60002B2B2A5F566B6223E57DF80A77E17CF809322A5F561AF805865FF80A7E93D21084
:209C80005D2163DC7ED608D2105D3E33865F3EDCCE0057F8047E123E3B2163DC865F3EDC73
:209CA000CE0057F8057E121143DC2163DC6E260019E57DF80677E17CF805222A5F561AF871
:209CC000045E23666B77114BDC2163DC6E260019E57DF80877E17CF807222A5F561AF80624
:209CE0005E23666B771153DC2163DC6E260019E57DF80A77E17CF80932D1D51A5E23666BD1
:209D0000773E5B2163DC865F3EDCCE0057791234D1D51AD60220010C04C3E15BE80CE1F162
:209D2000E9E8F6F8093273F805AF22233600F8077E2163DC96D2FB5D0133DCF8076E26004F
:209D4000094D440A4FF8097E91DAF25D2B2B1143DC6E2600195D541AF806778147F8097E1D
:209D600090D2F25D2B2B113BDC6E2600195D541A47F8087E90387B2B114BDC6E2600195DC7
:209D8000541A57805FF8087E9330673A9022237E915F0153DCF8056E2600094D440AC5D5FB
:209DA00033F80966E533F80B66E533CDB3555FC10A57D6022028015BDCF8056E2600094DDB
:209DC000440A6F0101002C1804CB21CB102D20F9792111C1A6234F78A6B128021EC27BB7E0
:209DE00028197AD6043E0728023E02EA64DC7BC37C61F807343A2B77C32E5DF80C7EB72024
:209E000050237E0F300A2164DC36013ED6C37C61F8082A5F7ECDA149B728172164DC36036E
:209E2000E5F80BCB46E128053EF2C37C613EC5C37C61F8082A5F7ECD4049B7280A2164DC01
:209E400036073ED3C37C612164DC36063ED5C37C61F80C7ED602200A2164DC36043E97C30D
:209E60007C61F8033600F80D7EF807777EE6025F7EE604F80477F8073A2BE60822233AE684
:209E800010777BB7280C2B7EB728072B2B36EAC3305F7BB7280DF8067EB72807F80336ED97
:209EA000C3305FF8047EB7280B237EB728062B2B36E5187CF8047EB7280C23237EB7280653
:209EC000F80336E1186A7BB72811E5F80BCB46E13EEF20023EEEF803771855F8047EB728F6
:209EE00011E5F80BCB46E13EE420023EE2F80377183EF8057EB7281AE5F80ACB46E12806D0
:209F0000F80636E51804F80636EAF8067EF80377181EF8067EB72818E52323CB46E128060C
:209F2000F80636E11804F80636EDF8067EF80377F8037EB7280B2164DC3601F8037EC37C2E
:209F400061F800AF2277F8077EE620F80422AF32B62806F80136011820F8082A5F7ECDA11D
:209F600049B72806F8003601180FF8082A5F7ECD4049B72804F8013601F8007EB720152368
:209F80007EB720101164DCD5F80A2A5F7ECD864BB7C27C61F806AF2277F8077E21B1D99635
:209FA000D22B6011B2D9F8076E2600194D440A4FF8097E91206D11C6D9F8076E2600194DCC
:209FC000440A4FF8087E91205A11DAD9F8066E2600194D440AF80577F004CB3707E61FF8E3
:209FE000094E2B06005E1600626F09197DE601F80622AF322B7EB7201023AFB6280523366F
:20A00000321813F8073622180DAFF806B63E1220023E02F80777F8077E2164DC3604C6807E
:20A02000C37C61F807343A77C3995F01C5C21E006B2600097E3C282421CDC216001956F86E
:20A04000097E92201721D5C216001956F8087E92200A2164DC36043EB8C37C611C7BD60893
:20A0600038CEAFF804B6280A2164DC36073E80C37C61F8097EF80222AF322A4F466960291E
:20A0800029092909290929292909290929290929094D44F8087EF80422AF322A5F566B622D
:20A0A00029192929291929291929292919291979AD4F78AC477921AFD9AE234F78AE4759A1
:20A0C00050CB3ACB1BCB3ACB1BCB3ACB1BCB3ACB1BCB3ACB1B79ABE6074F060079B7B02033
:20A0E0001CF8007EB728040E03180AF8017EB70E0720020E002164DC71AFC37C61FA2FDE1D
:20A100004F060069602929292929290929097D4C2130DEAEF80677792131DEAEF80777F810
:20A12000022A4F4669602909290929292929092909290929094D44F8042A5F566B62292963
:20A140001929192929291929291979AD4F78AC47F8062AA95F7EA8577BAA4FF8007EB7284F
:20A16000043E03180AF8017EB73E0720023E02EA64DCCB413E3420023E24C680E80AE1C19D
:20A18000E9E8F5F8117EB728047E3D1801AFF80077F8117EFE5F30033C18023E5FF8013268
:20A1A0002A23CB3707E61F322A23CB3707E61F77F8117ECB3707E61FF80477CDF240F8122F
:20A1C0003AC60E3DF5332AF5333A5F7ECDD45BF8127E3DF80577F8022A963E012801AFF8A5
:20A1E0000677F8022A23963E012801AFF80722233600F8097ED610D2A962F8127EB72006CD
:20A20000F8097EB72806F8057EF80986FE6038023E5F4F0600696029092929018004094D26
:20A2200044F8026E2600095D54C5CDE00EF80A77C1F806CB46200EF8036E2600095D54CD85
:20A24000E00E4F1803F8084EF80A3600F8007EE6076F260011CC5B1946F8087EA028042324
:20A26000233601F8077EB728042346180141F8117EE6076F260011CC5B197EA02804F80ABB
:20A28000CBCEF8017EE6076F260011CC5B197EA12804F80ACBD61165DCF8096E2600194DA0
:20A2A00044F80A3A0234C3F2610E0079D60E304BF8127E81471175DC69260019E57DF80B2D
:20A2C00077E17CF80A776826005D54291929295D7CC60957F8046E2600195D54C5CDE00E85
:20A2E0005FC1F8117EE607C6CC6F3E00CE5B677EA3F8095E23666B770C18B00E0079D60ED1
:20A30000D2F963F8127E81F808772A22AF322A5F566B6229192929292929E57DF80B77E1EA
:20A320007CF80A77F8115E1600F8092A666F19457CF8097023322A5F56CB3ACB1BCB3ACB71
:20A340001BCB3ACB1B2186CF1946F8097EE607773C1802CB383D20FBF80A707EE601281877
:20A360002106D4195EF8097E3C1802CB3B3D20FBCB433E0220023E01F80922793C771165C4
:20A38000DC6E2600195D541A5F0600CB4B280206013E65816F3EDCCE0067CB4E2802CBC805
:20A3A000793C3CC6656F3E00CEDC67CB4E2802CBD0CB532802CBD8CB432802CBE03E7581E3
:20A3C0006F3EDCCE00677EB72802CBE83E3F815F3EDACE0057C5D5C533F80E3AF5335EF8C3
:20A3E000177ECD215DD1C1126926001154DA19FA64DC77F80A4EC3FD62E80BC9E8F5F8122C
:20A400007EB728045E1D18021E00F8127EC61547483E5F9130020E5F7BCB3707E61FF800E8
:20A420007779CB3707E61F96233C77C5CDF240C105F8117EF533C5332A5F7ECDD45BF81175
:20A440007E3DF80277F8093600F8117EB72006F8097EB72806F8027EF80986FE6038023EFC
:20A460005F4F0600696029092929018004094D44F8007EF80322AF322A666F094D7CF8057A
:20A48000712377F80A3600F80A7EF801963043F8093A2B2236003E02F807CB2623CB163DC8
:20A4A00020F61183DC3A6E67194D44F80A6E2600094D44F80A7EF807223600F8052A5F2AA6
:20A4C000572A666F195D54C5CDE00EC102F80A3418B5F809347ED603DA4964F8114E0600A6
:20A4E0006960290929294D7CC60947F8032A666F094D44F80A3600F80A7EF80196302C11E8
:20A500008FDCF80A6E260019E57DF80A77E17CF809225E16006960195D54C5CDE00EC1F886
:20A52000085E23666B77F80A3418CCF8093600F8097ED615D29C66F8127EF80986F8047739
:20A54000B728033D1801AFF805327EFE5F30033C1803F8047EF806322B7ECB3707E61FF827
:20A560000096F80777F8114E06006960290929292929294D44F8046E2600095D544B42CB77
:20A5800038CB19CB38CB19CB38CB192186CF096E7BE6075F3C1802CB3D3D20FB7DF80A7771
:20A5A000E60128152106D4094E1C1802CB391D20FBCB413E0220023E01F80877F8047EE62F
:20A5C000076F260011CC5B194EF80A36001187DCF8076E2600195D541AA12804F80A360117
:20A5E0001183DCF8076E2600195D541AA12804F80ACBCE118BDCF8076E2600195D541AA17C
:20A600002804F80ACBD6F8067ECB3707E61FF80096C6875F3E00CEDC57F8067EE607C6CC6D
:20A620006F3E00CE5B671AA62804F80ACBDEF8057ECB3707E61FF80096C6875F3E00CEDC9B
:20A6400057F8057EE607C6CC6F3E00CE5B671AA62804F80ACBE6F8075E1600218FDC195D58
:20A66000541AA12804F80ACBEE113FDAF8096E260019E5F80C3A2BF5337EF533F8155EF88D
:20A68000087ECD215DC1021154DAF8096E2600194D44FA64DC02F80934C32F65E80BC93EE6
:20A6A00020F807965F3A4F2A23477B96382F113FDAD53A571E01D53A575ED5CD3F37E80678
:20A6C000F808563E01E04F2154DAE51E01D579F533C533CD3F37E806AFE04F186AF8087EE6
:20A6E0009357D5213FDAE5632E01E5F80D3A575ED5CD3F37E806D13E01E04FD52154DAE5C3
:20A70000632E01E579F533C533CD3F37E806D1AFE04F3E3F836F3EDACE0067D5E5D533AF1C
:20A720003CF5C533CD3F37E806D13E54836F3EDACE00673E01E04FE5D533AF3CF5C533CD1D
:20A740003F37E806AFE04FAFE04FC93E20F807962B5F2A472A4F7B963833113FDAD53E01EF
:20A76000F5333A2BF5332A575ED5CD3F37E806F808563E01E04F2154DAE53E01F53358D5B3
:20A7800079F533CD3F37E806AFE04F1868F8087E9357D5213FDAE51601D5F80C2A575ED589
:20A7A000CD3F37E806D13E01E04FD52154DAE51601D5C5CD3F37E806D1AFE04F3E3F836F20
:20A7C0003EDACE0067D5E53E01F53358D5AFF533CD3F37E806D13E54836F3EDACE00673EF6
:20A7E00001E04FE53E01F53358D5AFF533CD3F37E806AFE04FAFE04FC9F004EAA3DCAF21F6
:20A80000A4DC2277AFEAA6DCC9E8EBF0045F21A3DC9621A4DC4E23466F2600097DEAA4DC02
:20A820007CEAA5DC21A3DC73FAA4DC4F21A5DC4679D64C78DE04DAB66879C6B44F78CEFBFD
:20A8400021A4DC71237721A6DC7E3CE607777EF810773E08962377F8004D44F8143600113C
:20A8600093DCF8146E2600195D541A5FF8146E260009E57DF81477E17CF81377F8107EB7DC
:20A88000281A7EF553F13C1802CB223D20FB237E3C1802CB3B3D20FB7AB318017BF8125EA6
:19A8A00023666B77F814347ED61038B3C521D601E5CD6C30E804E815C9E8
:020000040000FA
:0338D400FF0000F2
:020000040005F5
:20A8B900E8D0F8183EEC223E16223EA5223E14223E6B223E2D223E31223E46223E1D223E32
:20A8D90037223EF4223E1D223EBA223E2E223EBF223E53223E78223E7F223E6F223E6E2267
:20A8F9003E14223E7B223EFF22367FFAF7C23D2033F8003E1D223E37223E08223E21223E66
:20A9190010223E42223EFF223E7F223E1D223E37223EF4223E1D223EBA223E2E223EBF2260
:20A939003653186BFAF7C2D6022033F8003EBB223E7F223E08223E21223E10223E42223EE9
:20A95900FF223E7F223E78223E7F223E44223E19223E28223E2A223E3022364B1831F800A6
:20A979003EEC223E16223E08223E21223E10223E42223EFF223E7F223EEC223E16223E467D
:20A99900223E12223EEA223E08223E4C22361BC1C5F810792278223EC9223E0C223EB222F1
:20A9B9003E19223EBB223632210000395D54D5D5AF3CF5CD8327E804D1CD5C0C2118003912
:20A9D900E5210201E5CD8327E80421200039E5210701E5CD8327E80421280039E5210301B1
:20A9F900E5CD8327E80421080039E5210601E5CD8327E80421100039E5210101E5CD832771
:20AA1900E834C9000008211042FF7F0000A5146B2D3146000080024003E003000006311F79
:20AA39000A5F230000C8505069167E0000D6285E415F5A000092481A61DF710000120059A6
:20AA590008FF7F000037013E027F07E8D4FAA8D94FFAA9D9F82877FA1CC1D6043E012801A7
:20AA7900AFF82977B72808233EC1223608180A111C6A1AF82A22131A7779D62838020E0093
:20AA9900F8287ED62838023600FA49DE912012FA4ADEF82896200AFA1CC1214BDE96CAA486
:20AAB9006C2149DE71F8287EEA4ADEFA1CC1EA4BDEF8297EB72876F8103EEC223E16223EC2
:20AAD90046223E12223EEA223E08223E4C223E1B223EEC223E16223E04223E41223E09227A
:20AAF9003E6A223EE2223E40223E78223E7F223E6F223E6E223E14223E7B223EFF22367FDA
:20AB190021100039E5210601E5CD8327E80421180039E5210101E5CD8327E8042120003921
:20AB3900E5210301E5CD8327E804C3A46CFA1CC1D608200B1E1621B968CD3636C3A46C690C
:20AB590026002929294D44FA1CC1D607C2FF6BF8183EEC223E16223E46223E12223EEA2296
:20AB79003E08223E4C223E1B223EEC223E16223E29223E2D223E31223E4E223E7B2236778E
:20AB9900F8003EEC223616215725094D4423232A666FE57DF80477E17CF8037721040009BE
:20ABB9002A666FE57DF80677E17CF80577210600092A4F46F80679227021180039E521065F
:20ABD90001E5CD8327E80421000039E5210301E5CD8327E80421200039E5210101E5CD83B0
:20ABF90027E804C3A46CF82A7EF80077F82B7EF80177215725094D4423232A666FE57DF860
:20AC19000477E17CF80377210400092A666FE57DF80677E17CF80577210600092A4F46F815
:20AC390006792270F82A7EF80877F82B7EF80977F8284EAF69672929297DC6574F7CCE25FA
:20AC590047696023232A666FE57DF80C77E17CF80B77210400092A666FE57DF80E77E17C69
:20AC7900F80D77210600092A4F46F80E79227021000039E5210301E5CD8327E8042108006A
:20AC990039E5210101E5CD8327E804E82CC9E8F0FA1CC1D608200B1E1621B968CD3636C30B
:20ACB900396DFA1CC1FE042804D6072054F8004D443EEC223616F8023E1D223E37223E6FA3
:20ACD900223E6E223EFF223E7F223EEC223E16223EA5223E14223E6B223E2D223E312236D3
:20ACF90046C5C5AF3CF5CD8327E804C121080039C5E5210201E5CD8327E804D1CD5C0C18D1
:20AD19001F111C6AD5AF3CF5CD8327E80411246AD5210201E5CD8327E804111C6ACD5C0CA0
:20AD3900214BDE36FF214ADE36FF2149DE36FFE810C9111C6AD5AF3CF5CD8327E804111CE3
:20AD59006ACD5C0C115725D5210101E5CD8327E80411246AD5210201E5CD8327E804115726
:20AD790025D5210301E5CD8327E80411346AD5210401E5CD8327E80411546AD5210501E5B1
:20AD9900CD8327E804115C6AD5210601E5CD8327E804111C6AD5AF3CF5CD7E27E804112C34
:20ADB9006AD5210101E5CD7E27E8041E03210870CD363611346AD5210301E5CD7E27E804F6
:20ADD900113C6AD5210401E5CD7E27E80411446AD5210501E5CD7E27E804114C6AD52106A4
:1FADF90001E5CD7E27E804115C6AD5210701E5CD7E27E804214ADE36FF2149DE36FFC91B
:020000040000FA
:0338D700FFFFFFF1
:020000040005F5
:20C00000E8F8F8067B2272F80479227021F6C27ED60830134E0600696029092901074109EA
:20C02000010500097E1801AFF80377013741F8062A5F56210700E5CDFE28013E41F8062A3B
:20C040005F56210700195D54210700E5CDFE28014541F8062A5F56210E00195D54210700B4
:20C06000E5CDFE28014C41F8062A5F56211500195D54210700E5CDFE28015341F8062A5F61
:20C0800056212300195D54210700E5CDFE28015A41F8062A5F56212A00195D54210700E5A1
:20C0A000CDFE28F8037E3D200BF80036652336410E02181BF8037ED602200BF8003E672201
:20C0C00036410E041809F80036612336410E04060078913026F8042A5F5668260019E57D32
:20C0E000F80477E17CF80377D1D5682600195D541AF8025E23666B770418D6F80A2A5F5650
:20C100007912E808E1F1E91C04030104002008010009002405040106011802060102002C0B
:20C120000B020105021E0602010701320703000C021A0302010301494A0803010000595AFB
:20C1400004030100006F6F0403050200191A0403070303393908040600006D6E0C04000035
:20C1600000020300010605020006051E1621B968C336363BF800734F0600036960292909DA
:20C1800029290929292909292909290929097D442130DEAE234F78AE47F8005E16002107F0
:20C1A00000195D542919291929291929192929291929197DA94F7CA8475950CB3ACB1BCB6F
:20C1C0003ACB1BCB3ACB1BCB3ACB1BCB3ACB1BCB3ACB1BCB3ACB1B79AB4F78AA475950CB58
:20C1E0003ACB1BCB3ACB1BCB3ACB1B79AB33C9FAA7DC4F21A8DC46696029092929292909CA
:20C2000029292909292909292909292909011936095D5421A7DC7B2272FAA8DCC9E8F6F8AF
:20C2200008327B22233600F8097E21ACC396D2C442F8094EAF696729297DC6FC4F7CCEC297
:20C2400047696023235E16006B622929197DC62F5F7CCE0CF8007323770AF80677030AF82C
:20C260000277F8083A2B4FAF47035E16007993789A384BD1D51A8623239638422B4E060068
:20C2800003F803792278322B7EF805223600F8035D54F8051A1396231A9E3822D1D56B6249
:20C2A00023E57DF80777E17CF806322A5F561A77F80286F806772A9638043E011807F80936
:20C2C00034C32742AFE80AC93BF800770E0079F80396301E2152C806000946F8007E9020CE
:20C2E0000E2169C80600097E9320043E0118040C18DCAF33E133E9E8F30E0011BE44D5216E
:20C300000101E5CD7430E804FAF4C26FAF67235D54292929192919291929192929292919B9
:20C32000291929291929192919447D2130DEAEEAA7DC782131DEAE21A8DC773AB620053604
:20C34000E12336ACF809360011BB44F8096E2600195D541AF80077F80A7922AF2277F80CDF
:20C360007ED6C8D2A8442B7EF80096D2A844F80A7ED60DD2A844CDEF414FFAAAD9C6FC5FE3
:20C3800079CDE12679C602F80177CDEF414FFAABD9C6FC5F79CDE12679C602F802774E0661
:20C3A00000696029092929292929E57DF80577E17CF80477F8017EF80877F80522AF322AF7
:20C3C0005F56F8032A666F19E57DF80977E17CF808322A4F46CB38CB19CB38CB19CB38CBD1
:20C3E000192186CF094EF8077EE60747041802CB390520FBCB41CAA244F8072A5F56CDF20B
:20C400000EB7C2A244F8023A5F7ECD1D42B7C2A244F80A7EF533F8033A5F7ECDC842B7C209
:20C42000A244F8023A477E4FC51E16210D4ACD3636E1B728040E021817F8023A477E4FC514
:20C440001E1621024ACD3636E1B70E0120020E00F8097E91204C1152C8F80A6E2600194D88
:20C4600044F8017E021169C8F80A6E2600194D44F8027E021180C8F80A6E260019E5CDEF5A
:20C4800041C1E60757FAF4C2F80A86C5D51E03CD7341D1C1E6033E802801AFB202F80A34E7
:20C4A0002334F80C34C35E43F80A3A4F347ED603DA4843237EEAF5C2E80DC90304063C3C89
:20C4C0007E6637060F0C1E180C0018180C000E00597B21F5C29630202152C816001946F85A
:20C4E000067E90200F2169C816001946F8077E90200279C91C4B18D93EFFC9E8F60E0079FE
:20C5000021F5C296D234462180C80600097E07D23046CDD52D7BE603C230461152C86926F7
:20C520000019E57DF80477E17CF803322A5F561AF809771169C869260019E57DF80677E170
:20C540007CF805322A5F561A47CDD52D7BE6035FB720083E029030030518347B3D200DFA4C
:20C56000ABD9C6FD57789230030418237BD602200A3E02F8099630033518147BD603C23073
:20C5800046FAAAD9C6FD5FF8097E93D2304634F8107EF809962007F8117E90CA30466826FF
:20C5A000005D54291929292929293333E5F8095E1600E1E519E57DF80877E17CF807322A8B
:20C5C0005F56CB3ACB1BCB3ACB1BCB3ACB1B2186CF197EF80877785F87838787878787F8E5
:20C5E00009862BE607575E141802CB3B1520FBCB43283DF8062A5F56C5CDF20EC1B72030D1
:20C60000C558F80B7ECD1D42C1B72024C5C533F80C7EF5331E1721CE44CD3636E1C13C208E
:20C620000FF8022A5F56F8097E12F8042A666F700CC3FF44E80AC9F8067E21F5C296D0117E
:20C6400052C8F8066E2600194D440AEAF8C21169C8F8066E2600194D440AEAF9C21180C850
:20C66000F8066E2600194D440AE67F21F6C277D60838023600FAF9C267FAF8C26FE51E1619
:20C68000210D4ACD3636E1B728043E021818FAF9C267FAF8C26FE51E1621024ACD3636E1D6
:20C6A000B73E012001AFEAF7C2C921F6C27ED608300F4E0600696029092901074109237E69
:20C6C000C93E04C9E8F2F80C327B22233600CDEF4121AAD95E1D1DCDE126793CF80277CD80
:20C6E000EF4121ABD95E1D1DCDE126793CF803774E0600696029092929292929E57DF80755
:20C7000077E17CF80677F8027EF80A77F80722AF322A5F56F8052A666F19E57DF80B77E12C
:20C720007CF80A327EF80077F80A7EF80177FAACD9F8029630077E21ACD9961806FAACD9CF
:20C74000F80296F80477FAADD9F8039630077E21ADD9961806FAADD9F80396F8052236004F
:20C76000C1C5CB38CB19CB38CB19CB38CB192186CF09E57DF80977E17CF808322A5F2A578C
:20C780001A77F8007EF80A77E60732F54EF13C1802CB393D20FBCB41CA0849F8047ED6039A
:20C7A0003007237ED603DA0849F8107EF80077F8117EF80177F8053600D1D51A4FF8057EF4
:20C7C00091302A46AF686729297DC6FC5F7CCEC2571A47F8027E90200F131A47F8037E9042
:20C7E0002006F80636011805F8053418CCF8067EB7C2084979D62CD21149F80A463E010434
:20C800001801870520FC2B2F4F3A2BA15E23666B77D1D51AF80922AF323A2B2236003E021E
:20C82000F807CB2623CB163D20F62B2A5F5621FCC219E57DF80B77E17CF80A322A5F56F86B
:20C84000027E12D1D51AF8092236003E02F809CB2623CB163D20F62B2A5F5621FCC219E5BD
:20C860007DF80977E17CF808322A5F566B6223E57DF80B77E17CF80A322A5F56F8037E128E
:20C88000D1D51AF8092236003E02F809CB2623CB163D20F62B2A5F5621FCC219E57DF80991
:20C8A00077E17CF808322A5F5621020019E57DF80B77E17CF80A322A5F2A23572A12D1D5DB
:20C8C0001A77F8092236003E02F809CB2623CB163D20F62B2A5F5621FCC219E57DF8097709
:20C8E000E17CF808322A5F5621030019E57DF80B77E17CF80A322A5F2A572A2312D1D51AF7
:20C900007734D1D57E121809F80D347ED63CDACE46E80EE1F1E9E8EF01074121F6C27ED660
:20C920000830056E260018032100005D54291929094D7CF8037123322A5F561AF81077F8CB
:20C94000023600FAF4C206004F03696029092929290929092929292929092909290929295A
:20C96000097D442130DEAE234F78AE47FAF6C26FAF67235D542929291929192919291929A3
:20C98000292929192919292919291929197DA9EAA7DC7CA821A8DC773AB6200536E123367A
:20C9A000ACF8107EEAAAD9F8107EEAABD9F80E3600F80E2A239630732B2B7E4F87818787E3
:20C9C000878787F80B77F80F3600F80F2A9630562B2B3A2B22AF322A4F46696029092929F4
:20C9E000292929E57DF80E77E17CF80D22234E0600F80C2A666F094D44CB38CB19CB38CB90
:20CA000019CB38CB192186CF094D440A5FF80F7EF80B86E607573E01141801871520FCB374
:20CA200002F80F3418A4F80E341886CD4A0FCD580EF8107ECB3FEAACD9EAADD9F8107EC611
:20CA4000FEF80577F8107E3DF806322B2B2A5F5621040019E57DF80977E17CF808770E0042
:20CA6000F8072A5F561A5F87838787477990D2124DC5CDEF41F8075ECDE12679C13CF8095C
:20CA800077C5CDEF41F8075ECDE12679C13CF81077FAACD9F8099630077E21ACD996180612
:20CAA000FAACD9F8099647FAADD9F8109630077E21ADD9961806FAADD9F81096F80F7778D7
:20CAC000D6043E001747B728067ED604DA0E4DF8097EB7CA0E4DF8107EB7CA0E4DF8097E32
:20CAE000F80696D20E4DF8107EF80696D20E4DFAF7C23DCA454CF8103AE6FE77B7CA0E4D6A
:20CB0000233C77F80696D20E4D78B7282121ADD94604040478F80F9638145E160021040013
:20CB200019FAADD9471E007D907C9BD20E4DF80F3A2B22AF322A5F566B62291929292929A5
:20CB400029E57DF80F77E17CF80E77F8097EF800223600D1D5F80D2A666F195D54CB3ACBDF
:20CB60001BCB3ACB1BCB3ACB1B2186CF19E57DF80C77E17CF80B322A5F2A571A77F80F7EA6
:20CB80005F8783878787878747F80986E60757F80C5E141802CB3B1520FBCB43CA0E4DF886
:20CBA000103A2B22AF322A5F566B6229192929292929E57DF81077E17CF80F322A5F56E10B
:20CBC000E5195D54CB3ACB1BCB3ACB1BCB3ACB1B2186CF19E57DF80F77E17CF80E322A5F58
:20CBE0002A571A227E5F8783878787878777F80986E60757F80F5E141802CB3B1520FBCB18
:20CC000043CA0E4D78F8094680E6075F3E011C1801871D20FC2F5FF80C3A2BA35E23666B01
:20CC200077F80D2A5F2A571A227E80E607473E01041801870520FC2B2F473A2BA05E23666F
:20CC40006B77C30E4DF8103A2B22AF322A5F566B6229192929292929E57DF80C77E17CF877
:20CC60000B322B7EF80C22AF322A5F56F80A2A666F195D54CB3ACB1BCB3ACB1BCB3ACB1B5C
:20CC80002186CF19E57DF81077E17CF80F322A5F2A571A477E5F8783878787878777F80921
:20CCA0007EF81086E6075F3E011C1801871D20FC2B2B2FA05E23666B77C5CDEF41C10F3038
:20CCC0004DF80C5E160013F8067EF80E22AF327B96237A9E3038F8092A47045816002A66CF
:20CCE0006F195D54CB3ACB1BCB3ACB1BCB3ACB1B2186CF195D541AF80F227886E607473E47
:20CD000001041801870520FC2B2F477EA0120CC3604AF8032A4F4603031E000A577B923087
:20CD200013C5D521060039E51EFF3E07CDC446D1C11C18E7F8032A4F460303030AB7280A65
:20CD4000F802E51E003E08CDC446F8027EEAACC3E811C9E8FC0E007921ACC396D2254E69E7
:20CD6000260029295D5421FCC21933335D54D513131AD608C2214ED1D51A47F80A7E90C27E
:20CD8000214EE1E52346F80B7E90C2214EF80B4E06006960290929292929294D44F80A6E93
:20CDA000260009CB3CCB1DCB3CCB1DCB3CCB1D3E86854F3ECF8C470AF80277F80B7EF80308
:20CDC000775F87838787878787F80A5E83E6076F1E012C1802CB232D20FBF8027EB30221A8
:20CDE000ACC3356E2600292911FCC2194D44D1D5210400E5CDFE28F8037EF533F80B7EF576
:20CE0000331E0D21B154CD3636E1F8037EF533F80B7EF5331E1121BF61CD3636E13E011849
:09CE2000050CC3574DAFE804C92D
:020000040006F4
:20000000FF7FB5564A2900003C001C605E201E600A75001F000F101F06000D020600000039
:20002000000000C100FF00FF70008C0002000100010001F802FC00FC37006F33D36CA857F7
:20004000D52A6A15552A6B143800FC38067C03FE11FE3DC20AF0F00081084218083CA57EF3
:200060005A3C283E4228810000000000030007000808000000000000000040008000C000FF
:20008000E00060007E00EB140000200018003C006202C000C000C00000000000000000008B
:2000A00000000000000000008080407040405D5D42425151082E041402020404080890F145
:2000C0000404CCCC14143232000007074A4A6474041404CC08880868000000000000000092
:2000E000000000000000000000000000000000000000000000000000000000000000000000
:200100000000000000000000203F043B0817020D04030007000E001C00FF20DF20C3418039
:200120004180E3006700EE0000FC00F800F000F08038801C001C003C867CAE54D628837E43
:20014000976A6B16732C4F32FFFF01FE0F7035C56A8A9D6241BEFE00000000000000000097
:20016000000000000000000011003D006F00410090803D006F0042018A75A5DE4AB5957AF2
:20018000FF00D56A22DD806BC200FE00BB0081010400BE00FB006181818154540202525249
:2001A0000808424254548181252512121115121A1212022A2222004C03430848084888A84B
:2001C000A5BD14154A4A44441030E0E0101090901010009800A80868000000000000000068
:2001E0000000000000000000000000000000000000000000000000000000000000000000FF
:2002000000000000000000003C001C605E201E600A75001F000F101F06000D020600000033
:20022000000100C300FF00FF70008C000200010001F801FC02FC00FC0002010803080740B0
:200240003F40FD00ED00ED000E40FF00FF00E1007E006F006500BE0000808020C01AF80118
:20026000FC01BF00DF00D300828101000B0006000C0008000800040421BD009C806BD52A73
:20028000AB0081004200000020C04080E000340018000800080010100000000000000000F4
:2002A00000000000000000000525585B808180812022101C0808CECEAAAA041C002600C0EB
:2002C000072720380020004000280028C0C8343C0C0C0202030301010000000000000000CC
:2002E0000000000000000000000000000000000000000000000000000000000000000000FE
:200300000000000000000000203F003F041B0906000700030000000040BF409F806000E069
:2003200000C000000000000000F800F010EC20DC00F8007000000000C32CF10AE11C473C4B
:20034000761824182A1C3C00DF00EE00FF007F003F00008400300000FB04F60CE618E31E13
:20036000390E174C2C10300000000000000000000000000000000000000000000000000067
:2003800000000000000000000000000000000000000000000000000000000000000000005D
:2003A00000000000000000000000000000000000000000000000000000000000000000003D
:2003C00000000000000000000000000000000000000000000000000000000000000000001D
:2003E0000000000000000000000000000000000000000000000000000000000000000000FD
:200400000000000000000000070F393F7E7FE7FFB8FFCEFFA1FFBEFFFFFF8DFE63FEBEF8EA
:20042000D4F878F0B0E0E000000000000000000000000000000000000000010006011907F0
:20044000271E4F385F309C637E00C33CBD3CBD567EEB3CFF817E43BC00008000608098E03F
:20046000CC70E638F31C31CE0000000000000000000000000000000000002400220093003B
:20048000DF005B067C03572848004900FF00FB16ABD4AA55FF007E85880088001300F200E8
:2004A00076C03CD0EE10F70C0000240022009300DF0059066D124F3048004900FF00FB1643
:2004C000ABD42AD5BAC5FF00880088001300F20076C07C904AB4FF000000000000000000CC
:2004E0000000000000000000000000000000000000000000000000000000000000000000FC
:20050000000000000000000091FFC7FEBAFCECF0F0C0C08080800000000000000000000004
:20052000000000000000000007001807631CAF10380048009000900018E76C93A01F1F01DA
:200540000300000005000E053CC300FF08F736C9C07FE13F21DEFF0031CE649B07F878C0F2
:20056000F080C00068803CC8E00018E0E618F5081C001200090009007F06BF7E7F3F2F1F7E
:200580005F072E01110002007E81BD42C33CFF81FFFFFFFFDB3C7E00FF70FDFEFEF8ECF069
:2005A000BAC0E400900040007906857E7F3FBF078F304D020D0008007E85BD42C33CFF8163
:2005C000FFFE7E81DB3C7E00837C7DFEFEF8FCC0D2287280C800600000000000000000004A
:2005E0000000000000000000000000000000000000000000000000000000000000000000FB
:20060000000000000000000000000000000000001F1F303F767FCFFF00000000000000006A
:20062000000080C0E0E010F000000000000000000000000000000000301F310E17081E08E7
:200640007E50FE80FE08EE08FE017E81DD0000000000000000000000C63C46B8CC307808FB
:200660007C047E027F1177100000000000000000000000000000000000002400220093008A
:20068000DF005B077F045D2A48004900FF00FB16FFA0BC4B7E917E85880088001300F200A1
:2006A000F6C0FC10AE50D76C00000000000000000000000000000000000000000000000037
:2006C00000000000000000000000000000000000000000000000000000000000000000001A
:2006E0000000000000000000000000000000000000000000000000000000000000000000FA
:200700000000000000000000B9FFFAFFCFFF9EF9F9F0F0808080000048F8E4FCB6FF59FF3D
:20072000B6CE800000000000000000000000000000000000000000000000000000000000B5
:20074000000000000000000000000000000000000000000000000000000000000000000099
:200760000000000000000000000000000000000000000000000000007B16B76E631F685F7A
:200780005E471E11434210107E81BD42C33CFE8100FFFFFFDB3C7E00EB74F5FEC6F92CF3A2
:2007A000B9D3F21782071012000000000000000000000000000000000000000000000000F9
:2007C000000000000000000000000000000000000000000000000000000000000000000019
:2007E0000000000000000000000000000000000000000000000000000000000000000000F9
:2008000000000000000000000C00370051000A0104010C03320143000C001200E0004480ED
:20082000388024C07480C80000000000000000000000000000000000000000000000000060
:200840000100010003000201C400EE44EE44EE44FC004EF807FC4BFE0000000000000000A8
:20086000000000000000000000000000000000000000000000000000000000000000000078
:2008800000000000000000000000000000000000000020007000F0200000000000000000B8
:2008A000000000000000000000000000000000000000000000000000000000000000000038
:2008C000000000000000000000000000000000000000000000000000000000000000000018
:2008E0000000000000000000000000000000000000000000000000000000000000000000F8
:20090000000000000000000017316F77DFCFDBC29F828F81180F3F1F9030C8B8ECDCB626C4
:20092000F323E10150E0ACC0000000000000000000000000010007000D031807350F691F20
:20094000433EAE79FA6175C355FFA8FF40FF4BFC27FE5BF7FDB3DB317880BCF00EF8A6FC5C
:20096000738E9F00C7014180000007000F023F0E7B1C733CE738CF700F00FB0EE07F8FF649
:20098000FFC19FE19FE1D621FC40FC58FCA070A0E0C0608060804080000000000000000044
:2009A000000000000000000000000000000000000000000000000000000000000000000037
:2009C000000000000000000000000000000000000000000000000000000000000000000017
:2009E0000000000000000000000000000000000000000000000000000000000000000000F7
:200A00000000000000000000311F7E3FE37EDD7EA77FDD3F67183F005E8CBD1E65363D066A
:200A2000DB2E73FCD628FC000D030B06170E1E003C10380030002000CD83CB06160C160CA7
:200A40002E183C087C207000DA314B30593059287800381038001000E0C070C050E0F86010
:200A6000BC705C302E141F02FF4C7B1C7738E779CF737E0705020200FE49FACDB7C87798FE
:200A8000E638CC30D8707000C0008000000000000000000000000000000000000000000044
:200AA000000000000000000000000000000000000000000000000000DF0015FF8A77A05F43
:200AC000752A5F550A0A01010000DF00157F4A37201F150A0F051A0F7F00742EF24C698EC8
:200AE00073FE857E3B5615EA000000000000000000000000000000000000000000000000F2
:200B0000000000000000000000000310001F0308400E600330C00C6000008000400020C0EB
:200B2000986045B83BC0007D0000000003003C01431C9C41608E00FB0000FC001EE0608405
:200B4000803C1FE0E01F07F0000000000000000000000000000000000000000000000000E4
:200B6000000000000000000000000000000000000000000000000000000000000000000075
:200B800000000000000000000000000000000000000000000000000007030F071F0F1F0FD9
:200BA0001F0F1F1F1F191909E0C0F0E0F8F0CCF8BEFCFEECEECCCE8CAAAB5669BF40710017
:200BC0000100020106030D06201F3806000001000100020106030D068A749468AC509CE0E5
:200BE0005AA0A24070807C800000000000000000000000000000000000000000000000002D
:200C000000000000000000000238E30C19E64E31A21C180608C30661030C23011A612E99AA
:200C2000118F19C60FF8079A9006D806E29C04FB14E0FE14FEF0FC012F00E01F03F07C808E
:200C4000C00000000000008000000000000000000000000000000000000000000000000054
:200C600000000000000000000080406020701038081C040E02070103000000000000000039
:200C80000000000000000000000000000000000000000000000000003F08391F2F1E3A1F0F
:200CA000011F023C0758003FF8C8CE7C7A7C42FDB0FE817E033CC03E00000000000000000F
:200CC00000000000000000001A0D150E2A1D311E6A1D513E6A3D513EC4004080E000B000D4
:200CE00090008000E000B00000000000000000000000000000000000000000000000000054
:200D00000000000000000000E210130C18040402007A03CC0218042027984B34926DB84FD5
:200D2000F21DF718A65BC07FFE0433FE1EE0778CFF00F70E9B6417E8600010E00C30641817
:200D4000310E19C20C60C43000000000000000000000000000000000000000000000000019
:200D600000000000000000000000000000000000000000000000000080C040E02272103A35
:200D8000081C040822300100000001010207080A1414282C68685058C8F7D4CB096A0B1BC8
:200DA00005250B01020201014BB7976B1055D0DA3020C080404080800000000080C020A0D4
:200DC000505028682C2C1434443B7916722FE956916FE956906FA85780008000F0008000A8
:200DE000C000FC807080B86006001B06350F301F6F105D2050207000E000C08060C03CC0DD
:200E000054E0B0609870AF700C43114631864208C41808101060600355AEDA2D7A0D721DD9
:200E20002718148B09C607C03FC87F80CE30BC6038C0F001E003C00026D8926C4AB024D8A0
:200E400016C802EC060004200000000000000000000000000000000000000000000000009C
:200E6000000000000000000000000000000000000000000000000000000000000000000072
:200E80000000000000000000000000000000000000000000000000000C0C03070607050618
:200EA0000E0C0A0C0A0C0A0CB0B0C0E060E0206030301030103010300000000000000000F6
:200EC0000000000000000000906FA25D857A423D201F4D378A77916E3BD08E7053BC04FFB8
:200EE00009F7D47BAA75907F30000000B000C20066807CC0AEF857FCD5384C38562C6A1427
:200F0000251E2B16653AD37C0000000000000000000000000000000000000000000000005F
:200F20000000000000000000000000000000000000000000000000000000000000000000B1
:200F4000000000000000000000000000000000000000000000000000000000000000000091
:200F6000000000000000000000000000000000000000000000000000000000000000000071
:200F80000000000000000000000000000000000000000000000000001516151615161516A5
:200FA000151615164A4C363428682868286828682868286812322C2C0000000000000000DF
:200FC0000000000000000000512E512E4B342B14120C201C423CD62828FF55AAAA55FD025B
:200FE000EF00000000000100AA7F45BEA45BCD32CF306810CC30A850B5EA4BB4A6585CA0D4
:20100000F000000000000000000102030405060708090A0B0C0D0E0F1011121314151617CC
:2010200018191A1B1C1D1E1F202122232425262728292A2B2C2D2E2F3031323334353637C0
:2010400038393A3B3C3D3E3F404142434445464748494A4B4C4D4E4F5051525354555657A0
:2010600058595A5B5C5D5E5F606162636465666768696A6B6C6D6E6F707172737475767780
:2010800078797A7B7C7D7E7F808182838485868788898A8B8C8D8E8F909192939495969760
:2010A00098999A9B9C9D9E9FA0A1A2A3A4A5A6A7A8A9AAABACADAEAFB0B1B2B3B4B5B6B740
:2010C000B8B9BABBBCBDBEBFC0C1C2C3C4C5C6C7C8C9CACBCCCDCECFD0D1D2D3D4D5D6D720
:2010E000D8D9DADBDCDDDEDFE0E1E2E3E4E5E6E7E8E9EAEBECEDEEEFF0F1F2F3F4F5F6F700
:08110000F8F9FAFBFCFDFEFF0B
:20110800112A51D5210401E5CD7E27E804113251D5210501E5CD7E27E804C9616164050432
:2011280003030000141E1C3BDF5B00005A73AD41FF7FC5012351213F00195D54210700E534
:20114800CDFE28E13609E5F8042A4F463E01023333E1F1E93BCB3707E6E0F800770E0021CA
:20116800A5510600095E1600F8006E26001929292929110840195D54219B510600097ED513
:201188002601E533F533CD7430E8040C79D60638CE33C9E1E2E4E5E6E7EDEEEFEA00010210
:2011A800101112404150513BCB3707E6E0F800770E0021AB510600095E1600F8006E26001F
:2011C8001929292929110840195D5421A1510600097ED52601E533F533CD7430E8040C7969
:2011E800D60438CE33C9F004EAA9DCAF21AADC2277AF21ACDC2277AFEAAEDC21AFDC3601C2
:20120800AFEA23C1EA24C1AFEAB0DCCD5C513E01C3AF5121B0DC347ED605380E3600FA2306
:20122800C1B73E012801AFEA23C1FA23C13D2802AFC9F8062A239630053A2B961805F80660
:201248002A239647F8072A239630053A2B961805F8072A23964F90300378180179FE0630FB
:20126800052124C136013E01C93BF0044F21A9DC96F8007721A9DC71FA23C1B7201E21AE3A
:20128800DC7EB728063600AFCD5C51FAAFDC3D285321AFDC36013E0133C3AF51FAAEDC3D92
:2012A800280A21AEDC36013E01CD5C51F8004EFAACDC6FFAADDC670600094D7C21ACDC7146
:2012C80023322A4F4679D68A78DE0238172B79C6764F78CEFD71237721AFDC7EEE01777EE7
:0612E80033C3AF5133C90E
:204000003B3BF8087ED60A300E0156405EAF6B6729092A4F46180301AD40F8013600F80BEC
:204020007EB7282FF8016E2600095D541AF80077F8092A5F56F8016E2600195D54F8007E77
:20404000B7280E23347EF80B963006F8007E1218D3AF123333C96A40704076407A407E40E4
:2040600088408C4095409C40A640534E414B4500534C494D450052415400424154004249E0
:204080004720534B454C4C00494D5000534B454C45544F4E00474F52474F4E004249472035
:2040A000534C494D4500535048494E58003F00E8FBF80B7E3DC24642CDD52D7B0FD24642CF
:2040C000F80436000E0079D604D23342F8047ED603D233422149420600097EF80C86F800B1
:2040E00077214D420600097EF80D86F801327ED660D22F42237ED660D22F42F80E7EF800C9
:20410000962009F80F7EF80196CA2F42F8012A22AF322A5F566B6229192929292929E57D4E
:20412000F80477E17CF80377F8002A235F16002A666F19457CF8027023322A5F56CB3ACB3C
:204140001BCB3ACB1BCB3ACB1B2186CF1946F8027EE6076F3C1802CB383D20FBCB40CA2F10
:20416000427BC63A5F7ACEC9571A472C1802CB382D20FBCB40C22F422184C17EB7280E3585
:204180003E6D865F3EC1CE00571A5F181C06003E56806F3EC1CE00677EB728060478D61735
:2041A00038ED785FD617D233422152C8160019E5F8027EE1772169C8160019E5F8037EE1F0
:2041C000772180C816001936016BAF6729D51197C819D1E5C5D53E01F5331E0221D343CDB6
:2041E00036363379D15778C147E17A227021C5C816001936002153CF16001936002156C11F
:204200001600193601216ACF1600193600C5D5F8053AF53356D51E0221C543CD3636E803E8
:20422000D1C17B21F3C89638037B3C77F804340CC3C640F8047EB7280D115142D51E05216E
:20424000E750CD3636E1E805C90000FF01FF010000534C494D452053504C4954532100E8D5
:20426000E4F8103600F81936013E03F81996DA6C44F8107ED60AD26C44AFF81996234F7141
:20428000F81171F8192A5E5796CB7B2807CB7A2008BF1805CB7A280137DA6644F8107ED6DB
:2042A0000AD26644232A77F81B327EF812963E012801AFF81377F8104EF8192A23475E5708
:2042C00096CB7B2807CB7A2008BF1805CB7A280137DA604479D60AD26044F8127EF81B9667
:2042E0002813F81B7E90280DF813CB462007F81A7E90C25A44F8227EF81B86F81477F8239B
:204300007EF81A86F815327ED660D25A44237ED660D25A44FA1EC1F814962009FA1FC1F867
:204320001596CA5A44F8152A2322AF322A5F566B6229192929292929E57DF81977E17CF813
:204340001877F8145E1600F8172A666F19457CF8167023322A5F56CB3ACB1BCB3ACB1BCB13
:204360003ACB1B2186CF197EF81877F8162A23E60747F56EF13C1802CB3D3D20FBCB45CA16
:204380005A44213AC9195E041802CB3B0520FBCB43C25A442184C17EB7280E353E6D865F9C
:2043A0003EC1CE00571A4718191E002156C11600197EB728061C7BD61738F07B47D617D232
:2043C000DB443E52805F3EC8CE0057F8142A123E69805F3EC8CE00577E123E80805F3EC8F8
:2043E000CE0057FA10C11268AF67297DC6975F7CCEC857C5D5FA10C1F5331E0221D343CDC1
:204400003636336960D1C17D12137C123EC5806F3EC8CE006736003E53806F3ECFCE00674D
:2044200036003E56806F3EC1CE006736013E6A806F3ECFCE00673600C5F8173A575ED5C5EC
:20444000331E0221C543CD3636E803C17821F3C8963803783C770CF81071F81B34C3B94221
:20446000F81A34C38342F81934C36942F8107EB72869F8004D445950C53E09F533D5FA10A8
:20448000C1F5331E19210040CD3636E804C12E0079855F78CE00571A2CB720F43E20127D8F
:2044A0005D1C6F26000936536B1C26000936576B1C26000936416B1C26000936526B1C2601
:2044C0000009364D6B1C26000936216B2600093600C51E0521E750CD3636E1E81CC9E8F96B
:2044E0001156C1F80D6E2600194D440AB7CAF9461180C8F80D6E2600194D440AD607C2F949
:2045000046F805AF2277F8067E21F3C896303B1156C1F8066E260019E57DF80577E17CF8B9
:2045200004322A5F561AB7281C23231180C86E260019E57DF80577E17CF804322A5F561AAB
:20454000B720022334F8063418BCF8057ED605D2F9463E05F805964F3E029130020E02F88E
:20456000063600060078D604D2E646F8067E91D2E6461152C8F80D6E2600195D541A5F3E59
:2045800049806F3E42CE00677E83F802771169C8F80D6E2600195D541A5F3E4D806F3E42A4
:2045A000CE00677E83F803327ED660D2E246237ED660D2E2462A22AF322A5F566B622919FE
:2045C0002929292929E57DF80677E17CF80577F8022A235F16002A666F195D7CF80073232B
:2045E00077D1D5CB3ACB1BCB3ACB1BCB3ACB1B2186CF197EF80477F8007EE607F80532F5D6
:204600006EF13C1802CB3D3D20FBCB45CAE246213AC9195EF8057E3C1802CB3B3D20FBCBEE
:2046200043C2E2462184C17EB7280E353E6D865F3EC1CE00571A5F181C16003E56826F3E0D
:20464000C1CE00677EB72806147AD61738ED5A7AD617D2E6462152C8160019E5F8047EE1F8
:20466000772169C8160019E5F8057EE1772180C816001936006BAF6729D51197C819D1E5FE
:20468000C5D5AFF5331E0221D343CD363633F80A792270D1C1F8067EE122E5F8077EE1770E
:2046A00021C5C816001936002153CF16001936002156C11600193601216ACF1600193600E2
:2046C000C5D5F8073AF53356D51E0221C543CD3636E803D1C17B21F3C89638037B3C77F867
:2046E000063404C36545F8067EB7280D01FC46C51E0521E750CD3636E1E807C9474F524723
:0C4700004F4E2053554D4D4F4E5321009D
:20C00000E8FCF8027922700E00F8067EB728397AB32828692600197EF80077B7281D2379EB
:20C020003C77F806963014D5F8042A5F5669260019D14D44F8002A024E18D8F8022A5F5680
:20C04000692600194D44AF02E804E133E9FB03010300008D419E41FA0301030601B341B9A9
:20C0600041FB0301030701CA41D641FB0401030801E641EF41FB0501030F02FE410542FB5A
:20C08000040103080114421F420000000000000000000000000000000000000000F60401DD
:20C0A0000300002D423642F6030103080148424F42F203010306015F426942FA0401030423
:20C0C000017B428742F60401030A019742A042FA0301030C01AE42BA42000000000000001B
:20C0E00000000000000000000000000000FA0301030000C642D142F20401030A02E442EF09
:20C1000042F60401030A0104431043F2040103080121432D43F6030103050140434943FA57
:20C120000301030C02574362430000000000000000000000000000000000000000F70301B0
:20C140000306016F437943FA03010307018C439343F70401030801A443B043F70301030ACF
:20C1600001BE43C943F70301030501D443DE43F70501030F02EE43F84300000000000000F8
:20C1800000000000000000000000000000486F6C79204669726520536869656C640052652D
:20C1A000666C65637420646D67207768696C6520757000536D6974650052616E6765642068
:20C1C0007374756E20626F6C7400536869656C6420546F737300426F756E636520616C6CED
:20C1E00020666F65730053616E637469667900426C65737365642067726F756E64005072FE
:20C200006179657200526573746F7265206865616C746800486F6C7920426C617A650053F6
:20C22000636F726368206E65617262790043616C6C20466F780053756D6D6F6E20612066FF
:20C240006F7820616C6C7900537072696E74004461736820737065656420627566660042EF
:20C26000656172205472617000536E6170202B20726F6F74206120666F6500506F69736F29
:20C280006E20446172740052616E676564202B20706F69736F6E004772617665726F6200F9
:20C2A0004C6F6F7420746865206465616400536E69706572204D6F64650052616E6765646A
:20C2C000206275666600466574696420426F6C7400426F6C74206E65617265737420656E68
:20C2E000656D79005377616D7020526F6F7400526F6F742076697369626C6520656E656DB0
:20C3000069657300546F616420506C616775650053756D6D6F6E20746F61642070657473B3
:20C3200000506F69736F6E2057616C6C00506F69736F6E20636C6F756420627572737400D6
:20C3400043617420466F726D00537769706520757020746F203300496369636C65204F7284
:20C360006200536C6F7720696365206F726200576869726C77696E64005370696E3A203125
:20C380002D332074696C652068697400436861726765005374756E206E65617265737420E4
:20C3A000666F65005468756E6465725761766500446D67202B207374756E20723300536809
:20C3C0006F7574204665617200466F657320636F776572005468726F77204178650032789E
:20C3E0002072616E676564202861786529005A65726B204D6F6465005261676520627566E0
:20C4000066003B3BF8087ED620301C4E0600696029290929014D4009010600095D541AF875
:20C420000022131A771805AFF8002277F80B3A2BF5332A4F46F8012A5F56CD0040E1C93BC0
:20C440003BF8087ED620301C4E0600696029290929014D4009010800095D541AF80022139F
:20C460001A771805AFF8002277F80B3A2BF5332A4F46F8012A5F56CD0040E1C9F8067ED69E
:20C480002030184E0600696029290929014D40094D44210600092A6EB5200AF8072A666FC6
:20C4A00036053E8AC96960237EF8075E23666B770AC9F8067ED62030114E06006960292989
:20C4C0000929014D400923237EC93EFFC9F8067ED62030124E0600696029290929014D401D
:20C4E000092323237EC9AFC9F8067ED6203005237EB72002AFC9F8064E06006960292909FC
:20C5000029014D40094D442104000956210500097EF8075E1DD5CDAB28D179923802AFC91C
:20C520007A91C9F8067ED62030164E0600696029290929014D4009010600092A4EB12002DC
:20C54000AFC93E01C9AFEA2DC1012EC11E006B26000936002134C116001936001C7BD60608
:20C5600038EC013AC11E006B26000936FF1C7BD60238F4C9012EC11100006A2600097EB77B
:20C5800028011C147AD60638F17BC90134C11E006B26000936001C7BD60638F4AFEA2CC176
:20C5A000C90E002134C10600097EB728023D770C79D60638EE212CC17EB7C835C9F8072AB3
:20C5C0005F3A2B57D5FA1FC157FA1EC15FD51E007ECD0002C9E8E9015246F81436000A5FE4
:20C5E000F8145614D5E5210400395D54E1F8166E260019D1E57DF81777E17CF816777BB793
:20C60000280D2B2B7A227B035E23666B7718CF4A3E09F81D9630043E091803F81D7EC6306A
:20C62000F8155E23666B77115F461A47D55916002102003919D178B728050C137018EB365F
:20C640000021000039E51E0521E750CD3636E1E817C952656368617267696E673A200020CA
:06C660007475726E730098
:020000040007F3
:20000000E8F7F8067B2272F804792270F8003600F80C7E87874FF8087977C604F80177F8BE
:20002000087EF80196D2DD40F8083A2B874F2A5F56692600195D541AF802770C591600F84B
:20004000062A666F194D440AF80377F80B7EB7280FF8027EE60F6F260011FC40194E180F29
:20006000F8027ECB37E60F6F260011FC40194EF80B7EB7280FF8037EE60F6F260011FC4009
:20008000197E180FF8037ECB37E60F6F260011FC40197EF80377F8005E46041600F8042A6B
:2000A000666F195D54791258041600F8042A666F195D54F8032A12580416002A666F195DC1
:2000C000547912785F3CF800771600F8042A666F194D44F8037E02F80834C31F40E809E161
:2000E000F1E900494A01A9AA02F9F903191A05393906999AC2C3C4C6E1E2E4E500030C0FAC
:2001000030333C3FC0C3CCCFF0F3FCFFE8DD4FF8207B22723E01F53379210100395D54CD11
:20012000B021F8223600F82256CB3A7EE601211000394D44C5D533F533210400395D54CDF8
:200140000040C1F8202A5F2A576E2600195D541AC52601E533F533CD7430E804F822347EAF
:20016000D60438C2E823C9E8FBF8043600F8044E06006960290933335D54D521E24019E54A
:200180007DF80477E17CF803322A5F561A2110C196201DF8022A4F46030A11F440CD0C4102
:2001A000F8022A4F4603030A11F840CD0C411818F804347ED60638B511F4403EA9CD0C4126
:0B01C00011F8403EAACD0C41E805C933
:20400000F8022A4F46AF02E1F1E9113740D5AF3CF5CD8327E804113740CD5C0C113F40D5B9
:20402000210201E5CD8327E804114740D5210701E5CD8327E804C9EC1608211042FF7FEC86
:2040400016A5146B2D31461D37F41DBA2EBF533B3B4B6F2600235D542919292919291929E1
:2040600019291929192929291929197D442130DEAEF80077782131DEAEF80177060069602B
:20408000292929092929092929095D54F8002AAB4F7EAA475950CB3ACB1BCB3ACB1BCB3A26
:2040A000CB1BCB3ACB1BCB3ACB1BCB3ACB1BCB3ACB1B79AB4F78AA475950CB3ACB1BCB3AF9
:2040C000CB1BCB3ACB1B79AB3333C9FAB1DC4F21B2DC4669602909292929290929292909C5
:2040E000292909292909292909011936095D5421B1DC7B2272FAB2DCC9E8F6F807327B22EB
:204100007EF80C86F805227EF80D86F80977F8062A2377F8082A96305F2B7E4F87818787D8
:20412000878787F80277F8074E79F805963044F8087EF80322AF322A5F566B6229192929F0
:20414000292929591600195D54CB3ACB1BCB3ACB1BCB3ACB1B2186CF195D541A4779F802D6
:2041600086E6076F3E012C1801872D20FC2FA0120C18B6F80834189BF8062A233C327E3CF4
:20418000F80077F8057E3DF80177F8097E3DF80277F8087EF8029630782B2B7EF809327E20
:2041A0004F87818787878787F80377F8097EF801963058F8087EF80422AF322A4F466960F8
:2041C00029092929292929E57DF80677E17CF80577F8094E0600F8042A666F094D44CB384B
:2041E000CB19CB38CB19CB38CB192186CF094D440A5FF8097EF80386E607573E01141801E4
:20420000871520FCB302F8093418A0F80834C39141E80AE1F1E9E8FCF80332737EF8078647
:20422000C602F80077F8037EF80686C602F801770E002112D979BE304187878791C6865F7F
:204240003E00CED8571A47F80196302B6B6223237E80C60247F8037E90301C6B62234678B5
:20426000F80096301223231313131A805F1C1C7E9330043E0118040C18B8AFE804E1C1E91C
:20428000F8067EB7281D237EB7281821AAD94E0DF8067E91280D21ABD94E0DF8077E912897
:2042A00002AFC9F8074E06006960290929292929294D44F8066E2600095D54C3F20E0100C8
:2042C000002114D97996304F1125D9692600195EF8067E93203D112DD9692600195EF807A5
:2042E0007E93202FFA4CDE902826214CDE7078B72011FA4DDEB7200B21EAC2702128DE36A0
:204300000A180DCBF0C5331E16214952CD3636333E01C90C4118AA214CDE36FFAFC9E8F474
:20432000F80B36002114D94EF80B7E91D244461125D96E260019E57DF80A77E17CF8093253
:204340002A5F561AF80077112DD9F80B6E260019E57DF80477E17CF803322A5F3A2B571A70
:2043600077CDD52D7BE603C2B144CDD52D7BE6034FD60220043EFF180879D6033E01280147
:20438000AFF80A7779B720043EFF18060D3E012801AFF80477F8087EF80577F8097EF80640
:2043A00077F8082A5F2A571A5F7E4F079F476B2600094D7CF807712377F8027EF80977F8F4
:2043C000037EF80A77F8022A5F2A571A5F7E4F079F476B2600094D7CF803712377F8072A1A
:2043E0004F4679D60178173F1FDE80DAB144F8032A4F4679D60178173F1FDE80DAB144FAA0
:20440000AAD94FAF470BF8072A917E985678CB7F2807CB7A2008BF1805CB7A280137D2B141
:2044200044FAABD906004F0BF8032A917E985678CB7F2807CB7A2008BF1805CB7A28013759
:20444000306FF8074EF80346F8073600F8127E91200AF8137E902004F8073601FA14D9F865
:2044600008771E00F8077EB72026237B963021F80B7E9328182125D91600197E91200E21A0
:204480002DD91600197E902004F80736011C18D4F8077EB7201BC5C51E02213858CD363674
:2044A000E1C1B7280CF8052A666F71F8092A666F701125D9F80B6E260019E57DF80477E11D
:2044C0007CF803771115D9F80B6E2600194D44F8022A5F561AF80A770AF80477F80A9630FD
:2044E000097EF80496F80A771807F8047EF80A9677F80A7EF80577112DD9F80B6E260019C7
:20450000E57DF80877E17CF80777111DD9F80B6E260019E57DF80A77E17CF809322B2B2A4D
:204520005F2A571A4F2A5F2A571A7791300479961804F80A7E91F80A77F8059630034E18F1
:2045400003F80A4E3E0A913015F8022A5F2A577E12F8082A5F561AF8065E23666B77F8009E
:204560007EF809223600F8022A5F3A571A223600F8092A5F56F8022A666F7B955F7A9CF888
:20458000053273F8017EF809223600F8062A5F561A4F0600F8092A5F3A2B577B915F7A9892
:2045A000327B322B3AB62007F8083AB6CA3E46F8042AD6FF7EDEFF563EFFCB7F2807CB7AF5
:2045C0002008BF1805CB7A2801373872F8042A4F465816003E01B93E0098CB7B2807CB7AD7
:2045E0002008BF1805CB7A2801373852F8072AD6FF7EDEFF563EFFCB7F2807CB7A2008BFF7
:204600001805CB7A2801373835F8072A4F465816003E01B93E0098CB7B2807CB7A2008BFD0
:204620001805CB7A2801373815F8013A575ED5F80D7EF5331E11217E61CD3636E803F80BAD
:2046400034C32443E80CC9E8FBF80036000E007921ACC396D27D4769260029295D5421FC3C
:20466000C219E57DF80377E17CF802322A5F5613131AD607C276472B2A5F561A47F80B7E9B
:2046800090C27647F8012A666F2346F80C7E90C27647F80C4E0600696029092929292929F9
:2046A0004D44F80B6E260009CB3CCB1DCB3CCB1DCB3CCB1D3E86854F3ECF8C470AF8037708
:2046C000F80C7EF804775F87838787878787F80B5E83E6076F1E012C1802CB232D20FBF806
:2046E000033A2BB3022A4F2A470303030A77FA0EC1D6052032F8037ED618302BFA2FDEC6A4
:20470000D24F8781F8034ECB39CB39CB3981C6EB4F3E00CEC2470A5F7EE607573E011418EF
:2047200001871520FCB30221ACC3357E26006F292911FCC2194D44F8005EAF6B672929112E
:20474000FCC2195D54210400E5CDFE28F8047EF533F80C7EF5331E0D219955CD3636E1F83C
:20476000047EF533F80C7EF5331E1121BF61CD3636E13E0118080CF80071C34F46AFE80593
:20478000C9E8FC06FFF80036000E002112D979BE305787878791C6865F3E00CED8F8017340
:2047A00023322A5F2A571A77F80A963036F8012A5F2A5713131A865F1DF80A7E933024F867
:2047C000012A666F235E7BF80B963017F8012A666F2323237E835F1DF80B7E933005F800DE
:2047E0004618060CF8007118A22113D97E902003AF1803703E01E804C9E8DA1E00F82C7E38
:20480000CD4F40E60FC605F819774F8781C62C4F3E609130020E6021AAD97121ABD971F86A
:20482000067922792241CB38782278327EF81A77F8087E3CF81B2278223C77F82C5EAF6BD5
:2048400067235D54292929192919291929192929292919291929291929192919447D2130C3
:20486000DEAEEAB1DC782131DEAEEAB2DC79C6FEF81F772A77F8243602F8247EF82096302F
:2048800075F8247E4F87818787878787F82177F8253602F8257EF81F963056F8243A2B22B9
:2048A000AF322A4F46696029092929292929E57DF82477E17CF82322234E0600F8222A66E0
:2048C0006F094D44CB38CB19CB38CB19CB38CB192186CF094D440A5FF8257EF82186E6077A
:2048E000573E01141801871520FCB302F8253418A2F824341883CD4A0F0E0079F80796D27E
:20490000CE496926005D5429192929292929E57DF82177E17CF82077F81A5E1600F81F2A8C
:20492000666F19E57DF82377E17CF822322A5F56CB3ACB1BCB3ACB1BCB3ACB1B2186CF19BD
:20494000E57DF82577E17CF824322A5F2A571A77798781878787878747F81A7E80E607575C
:204960001E01141802CB231520FBF8253A2BB35E23666B77F8212A5F56C5CD1E0FC1F81B43
:204980005E1600F81F2A666F19E57DF82677E17CF825322A5F56CB3ACB1BCB3ACB1BCB3A17
:2049A000CB1B2186CF195D541AF82377F81B7E80E6076F06012C1802CB202D20FBF8232AF3
:2049C000B0122A5F56C5CD1E0FC10CC3FB48F81C2A234F87818787878787322A234F878173
:2049E000878787878777F8253600F8257EF80696D2B34AF81C7EF82322AF322A4F46696014
:204A000029092929292929E57DF81977E17CF81877F8253A77F82022AF322A5F56F8172AC8
:204A2000666F19E57DF82477E17CF823322A4F46CB38CB19CB38CB19CB38CB192186CF09F6
:204A40004D440A5FF8253A77F81E7EF82486E607573E01141801871520FC2B2BB3022A5F5C
:204A600056CD1E0FF81D4E06006960290929292929294D44F8202A666F095D544B42CB38C3
:204A8000CB19CB38CB19CB38CB192186CF094D440AF82377F81F7EF82486E6076F3E012CBA
:204AA0001801872D20FCF823B602CD1E0FF82534C3EA49F81A7EEAACD9F8077E3DF80A77C7
:204AC000EAADD9CD580E2113D936FF2112D9AF22233600F8067EC6FAF80B77F8077EC6FAC8
:204AE000F80C77AFF8242277F8242A4F4679D6FA78DE00D2F44BFA12D9F81996D2F44BCDE2
:204B0000CB401E03CDE12679C605F81E77CDCB401E03CDE12679C605F81F77CDCB404FF806
:204B20000B7EF81E965F79CDE12679C603F82077CDCB404FF80C7EF81F965F79CDE1267948
:204B4000C603F8213246053A2B864FF8212A3D323A2B86F82377F81B7E9038062B7996D222
:204B6000E94BF81D7EF822963807237EF81C963078F81F3A575ED5F8233A5F7ECD1642B7A3
:204B80002067F81F3A575ED5F8233A5F7ECDF940FA12D94F87878791C6864F3E00CED8475B
:204BA000F8202A02FA12D94F87878791C6864F3E00CED847037E02FA12D94F87878791C6EE
:204BC000864F3E00CED8470303F81E2A02FA12D94F87878791C6864F3E00CED84703030364
:204BE0007E02FA12D93CEA12D9F82434C2E84A2334C3E84A11FCC2F81A7E1201FDC2232338
:204C00007E0221FEC2360521FFC23600F8233601F8067E3DF80D77F82C7E4F8781F80E77E3
:204C2000F824AF22772112D94EF8257EB9D2C2514F87878791C6864F3E00CED8F80F7123EE
:204C4000322A5F2A571A322B2A5F5621020019E57DF81477E17CF813322A5F2A571A77CBA1
:204C60003FF82277F81186F81577F80F2A5F566B6223E57DF81877E17CF817322A5F2A57EA
:204C80001A77F80F2A5F5621030019E57DF81B77E17CF81A322A5F2A571A77CB3FF8188698
:204CA000F81C77F8157EF808963E0017F81D77B72808F8087EF815961806F8157EF8089620
:204CC000F81E322B7EF809963E0017F81F77B72808F8097EF81C961806F81C7EF809964FC3
:204CE000F8257ED6083E0017EE01F82022AF227779F81E96382A2B2B7EF81F322B7EB72849
:204D000013F8117EF81486F821773DF81E77F82136011830F8117EF81E77F82136FF1824D7
:204D2000F8157EF81E227EB72810F8187EF81B863DF81F77F8223601180AF8187EF81F77C2
:204D4000F82236FFF80F2A5F56210400194D44F81E7E02F80F2A5F56210500194D44F81FEC
:204D60007E02F80F2A5F56210600194D44F8207E027EB720652B7EF80422AF322A4F4669DA
:204D800060290929292929293333E5F81E3A77F80222AF322A5F56E1E519E57DF80677E12F
:204DA0007CF805322A4F46CB38CB19CB38CB19CB38CB192186CF094D440AF81D22233A5FC7
:204DC000878387878787875E83E607571E01141802CB231520FB2B7EB302F8167EF8047739
:204DE000F8177EF80577F8162A5F561A4F0CF8127EF81777F8137EF818227EF81377F81A75
:204E00007EF81477F8042A5F561A47F8132A5F561A8047057990306CF80F7EF80277F810E2
:204E20007EF803322A5F561A3CF81D77F8022A5F561A47F8172A5F561A80F81B772A234726
:204E4000057E90303BF81A7922AF322A5F566B6229192929292929E57DF81377E17CF81240
:204E600077F81D7EF81A223600F8112A5F56F81A2A666F195D54C5CD2C0EC1F81D3418AC61
:204E80000CC3044EF8207EB720712B2B7EF821862B2B4F7EF822864779B7285F78B7285B2D
:204EA00079F80D96305578F80A96304F6826005D5429192929292929591600195D54CB3C3C
:204EC000CB1DCB3CCB1DCB3CCB1DD51186CF19D16E7BE60767241802CB3D2520FBCB4528EC
:204EE0001AC5D5CDF20ED1C1B72010C5CD1E0FC179F82186234F788647189DF8237ED62C19
:204F0000D2B04FF81E3A77F82186F81B77F8227EB73E012001AFF81B86232322237EF822B6
:204F200086327EB7280436011804F8213600F8212A862B774E06006960290929292929292F
:204F40004D44F81D6E260009CB3CCB1DCB3CCB1DCB3CCB1D1186CF194EF8217E5F878387ED
:204F600087878787F81D86E60747041802CB390520FBCB412009F81B2A2377F8223A77F835
:204F8000234EAF696729297DC6FC4F7CCEC247F81D7E02595013F8217E12696023233604AB
:204FA000030303C5CDCB40C1E607F65002F82334F8207EB720431115D9F8256E2600194D40
:204FC00044F8157E02111DD9F8256E2600194D44F81C7E021125D9F8256E2600194D44F8A8
:204FE000157E02112DD9F8256E2600194D44F81C7E02FA14D93CEA14D9F8237ED62CD2BCF3
:2050000051CDCB400FD2BC51CDCB40E603F82077F80F7EF82177F8107EF822322B7ED602C1
:20502000303E232A5F561A4F0CC5CDCB40C147F8172A5F561A3D3DC55F78CDE12679C18139
:20504000F82277F8042A5F561A4FF8207EB720030D1808F8132A5F561A814FF81D71183C30
:20506000F8042A5F561A3CF81D77CDCB404FF8132A5F561A3D3D5F79CDE12679F81D867797
:20508000F8212A5F3A2B571A4F7ED60220030D1808F8172A5F561A814FF82271F81D4E06D7
:2050A000006960290929292929294D44F8226E2600094D445950CB3ACB1BCB3ACB1BCB3ACB
:2050C000CB1B2186CF19E57DF81D77E17CF81C322A5F561AF82177F81D7E5F8783878787B0
:2050E0008787F822862BE607575E141802CB3B1520FBCB43CABC515950CDF20EB7C2BC51F0
:20510000F8227EF81E962008F81F3A2B96CABC5101000078F82396302368260029297DC69A
:20512000FC5F7CCEC2571AF82296200D131A5FF81D7E9320040E0118030418D779B7207CFB
:20514000F8244E3479FE183020CB3707E61FF80E866F260011EBC2194679E6075F3E011C66
:205160001801871D20FCA02053F81B2A5F2A571A477E5F87838787878787F8225E83E60753
:205180005F3E011C1801871D20FC2FA0F81B5E23666B77F82346AF6867292911FCC219E5D3
:2051A000F8247EE1775D5413E5F81F7EE1125D5423232313133E071271F82334F82534C361
:2051C000254CF8242A77F8067EC6F6F82477F8077EC6F6F821223600F8227ED608D244544C
:2051E000237ED62CD24454CDCB40E601C603F81B77CDCB40F8245ECDE12679C605F8207797
:20520000CDCB40F8215ECDE12679C6054FF8207EC6FEF81C2279C6FE22AF2277F81F7ED636
:205220000CD23E542B7EF81B96D23E54F8237ED62CD23E54CDCB401E05CDE12679F81C8667
:20524000F80F77CDCB401E05CDE12679F81D86F810774E06006960290929292929294D44C1
:20526000F80F7EF81922AF322A666F094D7CF809712377F8102A3C774E060069602909295B
:20528000292929294D44F8192A666F094D7CF819712377F8123600F8092A4F46CB38CB19F4
:2052A000CB38CB19CB38CB192186CF09E57DF81577E17CF814322A5F561A4FF8097EE6076C
:2052C000F815773C1802CB393D20FBCB41CA3854F8192A4F46CB38CB19CB38CB19CB38CBCA
:2052E000192186CF09E57DF81877E17CF817322A5F2A23571A4F3AE607773C1802CB393DC4
:2053000020FBCB41CA3854F8092A5F56CDF20EB7C23854F8192A5F56CDF20EB7C23854F8A4
:205320002036002112D94EF8207EB930424F87878791C6865F3E00CED8571A4F4105F80FEB
:205340007E9038266B6223237E81F80F96381B6B62234E4105F8117E90380F2B1313131A7F
:2053600081963806232336011805F8203418B4F8127EB7C23854F8203600F8207EF8239604
:205380003051F8207EF8192236003E02F819CB2623CB163D20F611FCC23A6E67195D542329
:2053A0004E1A47F80F7E902025F8117E91381F13131A5F16006B62292919112F0C19237E82
:2053C000814FF8107E913006232336011805F8203418A7F8127EB7205F232A5F2A571A4FB7
:2053E000463E01041801870520FC2B2B2FA15E23666B77F8162A5F2A571A4F463E01041852
:2054000001870520FC2B2B2FA15E23666B77F8234EAF696729297DC6FC4F7CCEC247F80FD2
:205420002A025950137E12696023233606030303AF02F82334F81E34F81F34C31C52F822C0
:2054400034C3D851F80E7EF82477F80B7EF82277F80C7EF821322B3600F81F7ED603D2B2E3
:2054600055F8237ED62CD2B255CDCB40F8225ECDE12679C603F81777CDCB40F8215ECDE17A
:205480002679C603F818774E06006960290929292929294D44F8176E2600094D7CF81D7175
:2054A0002377F8193600CDCB40D620D2AC55F81D2A4F46CB38CB19CB38CB19CB38CB1921C0
:2054C00086CF09E57DF81C77E17CF81B322A5F2A23571A4F3AE607773C1802CB393D20FBF9
:2054E000CB41CAAC55F81D2A5F56CDF20EB7C2AC55F8203600F8207EF823963039F8207E06
:20550000F81D2236003E02F81DCB2623CB163D20F611FCC23A6E67194D440A5FF8177E9370
:20552000200F030A4FF8187E912006F81936011805F8203418BFF8197EB72070F8254E349E
:2055400079FE18301F2BCB3707E61F866F260011EBC2194679E6075F3E011C1801871D20FF
:20556000FCA02048F81A2A5F2A571A461E01041802CB230520FB2B2BF57B2F47F1A05E2312
:20558000666B77F82346AF6867292911FCC219E5F8197EE1775D5413E5F81A7EE1125D5401
:1B55A00023232313133E071271F82334F81F34C35954F8237EEAACC3E826C9C6
:020000040000FA
:0138DA00FFEE
:020000040007F3
:20800000F33E03E0702100D0018004AF220B78B120F93E01E070FBC97BE607473E010405FE
:2080200028030718FA4FCB3ACB1BCB3ACB1BCB3ACB1B2100D019F33E03E0707E5FB1773E1B
:2080400001E070FB7BA1C97A0707E6034F7AE63F577BE6038747790E030405280587CB21D4
:2080600018F847792F4FCB3ACB1BCB3ACB1B2180D419F33E03E0707EA1B0773E01E070FBFA
:20808000C97BE6038747CB3ACB1BCB3ACB1B2180D419F33E03E0707E5F3E01E070FB7B0417
:2080A000052804CB3F18F9E603C9E8EC0E006926001946D55916002102003919D178B72811
:2080C0000979D6133004700C18E4360021000039E51E0521E750CD3636E1E814C9010204B3
:2080E000081020408002010408FF0100000000FF01FFFF0100A0FF6000CDAA40CDBD01FA3F
:208100001FC167FA1EC16FE51E0221D27ECD3636E1C9FA29DE4F212ADE466960290929296B
:2081200029094D44FA2BDE6FFA2CDE675D54291929297D917C983E0017EE01C957FAB5DD48
:20814000D680D0FAB4DD26006F2901B3DC09420E00CB38CB1979B3227021B4DD7E3CE67F51
:208160007721B5DD34C957E603FE01280AFE02280CD60328101814CB23CB23180E7BCB3777
:20818000E6F05F18067B0F0FE6C05F01CDDD6ACB3DCB3D2600097EB377C94711CDDD68CBF4
:2081A0003DCB3D2600194E78E603FE01280AFE02280CD60328121816CB39CB391810CB39B2
:2081C000CB39CB39CB391806790707E6034F79E603C9E8F9F806327B227E21AAD9963009EC
:2081E000F8057E21ABD9963804AFC3FE42F8054E06006960290929292929294D44F8066EC5
:208200002600094D441186CF3333C5F801CB3E2BCB1E23CB3E2BCB1E23CB3E2BCB1EE1E5B1
:20822000195D541AF8027711DD4079E6076F260019E57DF80577E17CF804322A5F3A2B5701
:208240001AA62004AFC3FE42C55950CD1840C1B72804AFC3FE42F8097E0F0FE6C059B0C58E
:2082600057CD4740C1214EDE7E912010237E90200B21C9DD7922703E01C3FE421106D4E1CA
:20828000E5195D541AF8035E2356F51A6FF1A52803AF186AC5F8072A5F7ECD9111C1B72001
:2082A00024FAC6DDB7200A21C9DD7922703E01184DFACBDD5F21CCDD567BA23C20042B7964
:2082C0002270AF18391E007B21C6DD96302721B6DD16001956F8067E92201721BEDD160072
:2082E0001956F8057E92200A21C9DD7922703E01180C1C18D2F8052A5F7ECD3C41AFE807B1
:20830000E133E9E8FDCD0040AFEAB4DDEAB3DDAFEAB5DD21CBDD3EFF2236FFFA1FC14F0613
:2083200000696029092929292929FA1EC10600854F788C21C7DD7123322A5F56CD18400E21
:208340000021ED40060009FA1FC1865F21E94006000946FA1EC180C561E533CDD241C1B773
:2083600028053E01C303440C79D60438D4FAB5DDB72874FAB3DD26006F2911B3DC192A4FC3
:20838000465950CB3ACB1BCB3ACB1BCB3ACB1BCB3ACB1BCB3ACB1BCB3ACB1BCB3ACB1B7B06
:2083A000E67FF8002279E67F7721B3DD7E3CE67F7721B5DD350E0021ED400600097EF801D8
:2083C000462380775E21E9400600097EF8004680C561E533CDD241C1B728043E0118240C01
:2083E00079D60438D21886FACBDD4F21CCDD79A63C280F2B7EEAC9DDFACCDDEACADD3E0189
:208400001801AFE803C94F211EC17E91300479961804FA1EC1914F211FC17E9330047B9613
:208420001804FA1FC193473E0A9138053E06903002AFC93E01C9E8FAFAC9DDF80077FACA1B
:20844000DDF80177AFF8042277AFF8022277FAC7DDF800962008FAC8DDF80196283AD1D5BF
:20846000CD81406FAF672911F140192A4F46D1D57B915F7A98F801327B22233420022334EB
:20848000F8022A23322A2377F8022A4F46AFB93E049830BAAFC32C45F8043A2B77F8053AC8
:2084A0002B323EC096233E009E30043EC01803F8047EEAFDDD01CDDD1E006B2600093600A8
:2084C0001C7BD63038F4FAC9DDF80277FACADDF80377FAC7DDF802962008FAC8DDF8039629
:2084E0002844F8022A5F56CD8140F801774E060069602911F140192A4F46F8022A5F567B85
:20850000915F7A983273F8042A5F3A571B7B227A322A4F4679D6C078DE0030B62B7EF8018E
:208520005ECD664118ACAFEAFEDD3E01E806C9E8FC210EC17EB728057ED605380911EC4529
:20854000CDF940C3E945CD1241B72809110046CDF940C3E945214DDE3602AFEA03DEEAFFE7
:20856000DD2106DE36002105DEAF32770E007921F3C896306A2156C10600097EB7285D11E2
:2085800069C86926001933335D54D51A471152C869260019E57DF80477E17CF803322A5FFA
:2085A000561AC558CD0644C1B72831D1D51A47F8022A5F561AC558CD9111C1B7281E79CBBE
:2085C0003707E61FC6045F3E00CEDE571A4779E607C6DD6F3E00CE40677EB0120C188FAFC0
:2085E000EA52CF111546CDF940E804C943616E2774206578706C6F726520686572652E008B
:20860000546F6F206875727420746F206578706C6F72652E004578706C6F72696E672E2EE1
:208620002E00E8FAFA4DDED603200DF80C7EB72003EA4DDEAFC3FF48FA4DDED6022011F8AF
:208640000C7EB72804AFC3FF48214DDE36011815F80C7EB7280F214DDE3603110249CDF92D
:2086600040AFC3FF48CD1241B7280EAFEA4DDE110B49CDF940AFC3FF48FA52CFB7280EAF55
:20868000EA4DDE111C49CDF940AFC3FF480E007921F3C896D218472156C10600097EB728C2
:2086A0007379CB3707E61F6F26001104DE194679E6076F260011DD40197EA020571169C8C0
:2086C00069260019E57DF80477E17CF803322A5F561A471152C869260019E57DF80677E1C8
:2086E0007CF805322A5F561AC558CD0644C1B72823F8022A5F2A571A472A5F561AC558CD97
:208700009111C1B7280EAFEA4DDE112A49CDF940AFC3FF480CC38F46FA03DEB72820FA1E6C
:20872000C12101DE962017FA1FC12102DE96200EAFEA4DDE110249CDF940AFC3FF48AFEA94
:20874000C6DDF805360011C5C2F8056E2600194D440A3C285011D5C2F8056E260019E57DFE
:20876000F80477E17CF803322A5F2A571A2211CDC26E2600194D440AC5F8065ECD9111C17D
:20878000B728223EB621C6DD865F3EDDCE00570A123EBE864F3EDDCE0047F8022A5F561AEB
:2087A0000221C6DD34F805347ED6083899FAFFDDB72816FAFEDD21FDDD963009FAC6DD2139
:2087C00000DE962804AFEAFFDDFAFFDDB7C27648CD03434FB7207CFA3ADEB72076F8005D0E
:2087E00054C521030039E5D51E02213C57CD3636E804C1B7285DF8014E06006960290929E2
:20880000292929294D44F8006E2600094D44FA1FC16F26005D5429192929292929FA1EC1F5
:208820005F1600195D547B91200B7A902007AFEA4DDEC3FF48214EDE792270CD03434F21E8
:208840004EDE3EFF2236FF79B72808C5113949CDF940C179B72806CD3644B7200EAFEA4D69
:20886000DE114749CDF940AFC3FF4821FFDD3601FAC6DDEA00DEFAFEDDCD9A41F80577111F
:20888000E940F8056E2600194D440A4FFA1EC1814F11ED40F8056E2600195D541A47FA1F5F
:2088A000C1806F26005D54291929292929290600094DCB3CCB1DCB3CCB1DCB3CCB1D113AAE
:2088C000C9195E79E6076F260001DD40097EA3280DAFEA4DDE112A49CDF940AF182121FE8B
:2088E000DD34FA1EC1EA01DEFA1FC1EA02DE2103DE360111E540F8056E2600194D440AE885
:2089000006C953746F707065642E0048757274202D2073746F7070696E672E00556E64653D
:20892000722061747461636B2100456E656D7920736967687465642E0048656164696E6728
:2089400020646F776E2E00466C6F6F72206578706C6F7265642E00E8DAFAE5C2F824772147
:20896000E5C236FFF8247ED608D22F4A01C5C26E2600094D440AF825777E3CCA2F4A11DD19
:20898000C2F8246E2600195D541AC5D5F533F82A7EF5331E0D21BD4CCD3636E1D1C1B7201F
:2089A00011EA4DDEF8247EEAE5C22128DE3607C32F4A211400391A570A473E10F533E558E3
:2089C000D51E0D21FC4ACD3636E805F8003E47223E6F223E742236200104005816002114CA
:2089E0000039195ED55916002102003919D17BB7280A79D61330050C047318DF3600210071
:208A00000039E51E0521E750CD3636E1F8247EF5331E0221F257CD363633CDBD01FA1FC186
:128A200067FA1EC16FE51E0221D27ECD3636E1E826C92E
:020000040000FA
:0338DB0000FFFFEC
:020000040007F3
:208A3200F8087EB7203BFA0EC1D6053815F8073A575ED51E1D214746CD3636E1B728033EBD
:208A520002C9FA0EC1D6062015F8073A575ED51E1721534DCD3636E1B728033E02C93E0162
:208A7200C9FA0EC1D6052013F8073A575ED51E1D21BE42CD3636E1B73E01C0AFC9F8092AB2
:208A92004F3A2B47AF027ED6022013FA3ADEB7200DFA0EC1D60420033E02C93E01C9FA0EBA
:208AB200C1D6062024F8067EB7281B237EB7281621AAD95E1DF8067E93280B21ABD95E1D36
:208AD200F8077E9320033E03C9F8067E21ACD9962009F8077E21ADD996281BFA0EC1D605C5
:208AF2002023C5F8093A575ED51E1D218042CD3636E1C1B7280FFA2FDEB72809FA3ADEB7F8
:208B120020033E03C9FA0EC1B72019C5F8093A575ED51E1721CE44CD3636E1C1FEFF280467
:208B3200023E07C9FA1CC1D604206EC5F8093A575ED51E1621904DCD3636E1C1FE02203DE0
:208B5200C5F8093A575ED51E1621F24DCD3636E15FC17BFE093042F5210100F13C18012931
:208B72003D20FC7DE52111C1A6E16F7CE52112C1A6E1B528033E05C97B023E04C9B72019FF
:208B9200C5F8093A575ED51E1621354ECD3636E1C1FE033004023E06C9AFC94F213AC10659
:208BB20000094E79D606300A212EC10600097EB720033EFFC979C94FD602300D79CDAD4B5C
:208BD2003C3E012801AFEE01C9793D3DC64D4F3E00CEC2470A3C3E012801AFEE01C9E8FB16
:208BF200F8043600FA27C1F80377F800223600D1D56B6223E57DF80477E17CF80332010691
:208C1200002A5F56CDF1262127C1717ECDC94BB72008F804347ED60638CAE805C9E8EBFAB8
:208C320027C1FE023032CDAD4B5F3CCA644DF8004D44211BC17E878787B3C52614E533C5D5
:208C5200F5331E1B210244CD3636E8041E0521E750CD3636E1C3644D2127C15E1D1D214DFD
:208C7200C216001946783CCA644D21A7C216001956C53E14F53321030039E558D51E0D2173
:208C9200FC4ACD3636E8061E0D210040CD363633B7C2564D0189C2FA27C13D3D6F260009FB
:208CB2004E060058160021000039195D541A04B720F1F814703E20125014D5581600210220
:208CD200003919D1367879D66438235A14D516002102003919D1E5C5D51E6479CDDC267942
:208CF200D1C1E1C63077D51E6479CDE126D179D60A38235A14D516002102003919D1E5C510
:208D1200D51E0A79CDDC2679D1C1E1C63077D51E0A79CDE126D15A4204160021000039195F
:208D320079C6307758160021000039193600F8147EF53321010039E51E0521FC50CD363669
:158D5200E803180E21000039E51E0521E750CD3636E1E815C961
:020000040000FA
:122DB100C5F8042A575EF8083A473A666FCDDF30C1C97A
:202697004F0600C301274F0600CD01274B42C916004F079F47C3052716004F079F47CD05DE
:2026B700274B42C94FCDFD26C94FCDFD264B42C97B594F7A5047C305277B594F7A5047CDC5
:2026D70005274B42C94FCD3B27C94FCD3B274B42C97B594F7A5047C33E277B594F7A5047B6
:2026F700CD3E274B42C979079F477B079F5778F5AAF5CB7A280697935F9F9257CB7828065C
:2027170097914F9F9047CD3E273816F1E680280697914F9F9047F1E680C897935F9F925793
:20273700C9F1F1C90600507BB22007010000505937C96960010000B73E10F5CB15CB14CB6C
:2027570011CB10C5799B4F789A473F3808C1F13DB720E71808F1F13D3720DF18005059CBC8
:07277700154DCB1444B7C956
:122DC300F8022A5F2A572A666FD52A1213B720FAD1C96C
:202DD500FA07DE6F5FFA08DE57CB2517CB2517CB2517CB2517677B856F7C8A677DC693EADB
:162DF50007DE577CCE5CEA08DE5FC9F8022AEA07DE7EEA08DEC9E4
:0300F800C33630DC
:0238DE000000E8
:202E0B00218432CD122EC9CD6A2DE5210EDE06067E23B6FE00280B23230520F4E1210000AF
:202E2B001824D1722B73FA0CDE2B77E5CD902EFAA2C0E602C45A2E210ADE2A666F23FA0CB3
:202E4B00DE86EA0CDEE1F040F681E6E7E040C9210ADE2A666F2A5F2A577B0E80E603FE01EE
:202E6B002807FE02280924180679856F8C9567E54BFA09DE5FD5CB512005CD6C301803CDD9
:202E8B005337E804C92AEA09DE2AEA0ADE2AEA0BDEC9FE0A200EF5FAA2C0E6082005CDC5FF
:202EAB002FF1C9F1CDC32EC3DA2FCDC32EC3DA2FCDAE2F3E00C3C32EF5FA0BDEB7200ACDF7
:202ECB00402FAFEA0CDECD0B2EF1C5D5E55F210ADE2A666F2AE603FE022805231600195E28
:202EEB00FA09DE835FFA51DE6F26002929292929FA50DE4F06000901009809F041E6022018
:202F0B00FA73E1D1C1C9C5F8047ECD9D2EC1C9C5F8047ECDC32EC1C9C5F8047E23666FCD11
:202F2B00122EE5D1C1C9C5F8047E23666FCD902EC1110000C9C5CD3630AFEA0CDE210DDE22
:202F4B000612220520FC3E03EA52DEAFEA53DECD662FC1C9AFEA50DEEA51DED5E5210098A7
:202F6B001E201620F041E60220FA3600231520F41D20EFE1D1C9F8022AEA50DE7EEA51DEA3
:202F8B00C9FAA2C0E6022005C5CD3630C1FA50DE5FC9FAA2C0E6022005C5CD3630C1FA517E
:202FAB00DE5FC9E52150DEAFBE280335180A36132151DEAFBE280135E1C9E5AFEA50DE2102
:202FCB0051DE3E11BE2803341803CD0830E1C9E52150DE3E13BE280334182036002151DE21
:202FEB003E11BE2803341813FAA2C0E6042809AFEA51DEEA50DE1803CD0830E1C9C5D5E58F
:20300B002100980120981E1F1620F041E60220FA0A22031520F41D20EF1620F041E602209A
:20302B00FA3E00221520F4E1D1C1C9F3F040E6802809CD6A2D116732CDD930CD5330F040A8
:11304B00F681E6E7E040FBC9CD662F3E02EAA2C0C995
:20277E00C50E6A1803C50E68F8042A878787F680E20C2A878787472A666FF041E60220FA51
:20279E002AE20520F5C1C9C50E6A1803C50E68F8042A8787472A8087F680E20C2A666FF0D9
:0B27BE0041E60220FA7DE27CE2C1C986
:0B305C00F8022AEA52DE7EEA53DEC9C9
:2027C900E8F8F8027B22725950F80A2A4F4678B12008F8022A4F46C37328F8027EF8067748
:2027E900F8037EF807773333D5F8005D54F8061A1396231A9E3043F8062A666F09E57DF88E
:202809000677E17CF80577E1E509E57DF80877E17CF80777F8042A5F3A571B7B227A222A52
:202829005F3A571B7B227A322A5F561AF8045E23666B770B78B120DC182BF8007EF8047721
:20284900F8017EF80577F8042A5F3A571A3420022334F8065E23666B77F806342002233435
:202869000B78B120E1F8022A4F46E808E1F1E94F18024B5F7B179F57AF182A4F179F477B63
:20288900179F5778BA38067B594F7A5047B7CAAE282E00061029CB11173001190520F64D15
:1428A90044C94FAF576F06087929173001190520F84D44C9C2
:20306700F80656180A1690F040E61028021680C5F8042A5F2A4F2A666FCB337BE60F82573E
:1D3087007BE6F05FCB5A2802CBA20610F041E60220FA2A12130520F40D20E9C1C96F
:2028BD002141FFCB4E20FC12C957F040E6402809180B57F040E608200406981802069C2E68
:2028DD001F7AA5577BA548CB37075FE60381473EE0A3824FF802F041E60220FA7E02E13372
:0128FD00E9F1
:03004800C3A4301E
:2030A400F5E5C5D5211FDEE52A666FB42815E72121DE2A666FB4280BE72123DE2A666FB4FC
:1B30C400C42000E1D1C1E1F041E60220FAF1D9211FDEC3F001211FDEC3D00138
:2030DF00E5F040E6402809180CE5F040E6082005210098180321009CC5CB33CB037BE60393
:2030FF0084473EE0A3824FE1D1D5C5F041E60220FA7C0279E6E05F793CE61FB34F1520EBDD
:20311F00C1D11DC8D578E6FC5F3E20814F8891E603B347C518D5E8FEC5F8027B22720100FA
:20313F0000F8097E073836F806CB2623CB1623CB1623CB16F8005D54F8061A1396231A13C7
:20315F009E231A139E231A9E300FF809CB3E2BCB1E2BCB1E2BCB1E1804044818C4F8005DCB
:20317F0054F8061A1396231A139E231A139E231A9E3821D1D57BF80696235F7A9EF5F803CC
:20319F003273F8042A5F56F80AF17B9E235F7A9EF8033273F809CB3E2BCB1E2BCB1E2BCB22
:2031BF001E790DB720B7C1C5F8025E2356E804E1E804E9F5D5167FCDE231B720F81520F78B
:2031DF00D1F1C93E20E000F000F000E60F5F3E10E000F000F000F000F000F000F000E60F10
:2031FF00CB37B32F5F3E30E0007BC957CDE231A228FAC9C5F8042A575EF8083A473A666FE7
:06321F00CDE830C1C9E951
:2028FE00D5F8053A6E60477D69CB381F4F30032A1213CB38CB19040C300E18062A12132AF4
:12291E0012132A12132A12130D20F10520EEC1E1F1E937
:0338E000030000E2
:20322500F8022AEA52DE2AEA53DE7EEA54DEC9F8073A573A5FB228242B3AF53A6E67F1CB57
:203245003ACB1B300122CB3ACB1B30022222141C1804222222221D20F91520F6F8022A5FDD
:2032650056C92140FFF045FE482807CBE63E48E045C9F041E60220FACBA63E90E045C90596
:203285006600000000000000000000000000006061000000000000000000000000626364D9
:2032A50065000102030405060708090A0B0C0D0E0F101112131415161718191A1B1C1D1ED3
:2032C5001F202122232425262728292A2B2C2D2E2F303132333435363738393A3B3C3D3E19
:2032E5003F404142434445464748494A4B4C4D4E4F505152535455565758595A5B5C5D5EF9
:203305005F00000000000000001818181818001800666644000000000000247E24247E241D
:2033250000143E553C1E553E1462660C183066460078CC61CECCCC78001818100000000055
:203345000004081818181808042010181818181020005438FE385400000018187E1818003C
:203365000000000000003030200000003C00000000000000000018180003060C183060C0DF
:20338500003C666E7666663C0018381818181818003C660E1C38707E007E0C183C06463C7A
:2033A500000C1C2C4C7E0C0C007E607C0606463C001C20607C66663C007E060E1C181818D4
:2033C500003C66663C66663C003C66663E060C38000018180000181800001818001818103C
:2033E50000060C1830180C060000003C00003C00006030180C183060003C46060C181800AC
:20340500183C666E6A6E603C003C66667E666666007C66667C66667C003C62606060623CEB
:20342500007C66666666667C007E60607C60607E007E60607C606060003C62606E66663E49
:20344500006666667E6666660018181818181818000606060606463C00666C7870786C6639
:20346500006060606060607C00FCD6D6D6D6C6C60062727A5E4E4642003C66666666663CB3
:20348500007C66667C606060003C66666666663C067C66667C666666003C62703C0E463CF7
:2034A500007E181818181818006666666666663C006666666666647800C6C6C6D6D6D6FCAF
:2034C500006666663C666666006666663C181818007E0E1C3870607E001E18181818181EAF
:2034E50000406030180C060200781818181818780010386C00000000000000000000007E31
:203505000000C0C06000000000003C463E66663E00607C666666667C00003C626060623C10
:2035250000063E666666663E00003C667E60623C001E307C3030303000003E6666663E46D0
:203545003C607C6666666666001800181818181800000818181818583060646870786C66EA
:20356500001818181818180C0000FCD6D6D6D6C600007C666666666600003C666666663C06
:2035850000007C6666667C6060003E666666663E06006C706060606000003C72381C4E3C3A
:2035A50000183C181818180C000066666666663E00006666666664780000C6C6D6D6D6FC8C
:2035C500000066663C6666660000666666261E463C007E0E1C38707E000E18183018180E3A
:2035E5000018181818181818187018180C181870000060F29E0C0000001010282844448244
:20360500FE000000FFFFFF00001C1C1C1C1C1C1C1C0000001F1F1F1C1C000000FCFCFC1C25
:203625001C1C1C1C1F1F1F00001C1C1CFCFCFC0000F090F57BE090EA0020E7E16F7CE090E3
:05364500EA00207DC930
:2029300069604B421A13B720FB1B2A1213B720FAC92104003901112FE5110000D5F8062A9C
:202950005F56CDC829C9F04DE680C8F0FFF5AFE0FFE00F3E30E0003E01E04D1000F1E0FFC5
:08297000C9F04DE680C018E338
:20364A00F8022A666F1100002AB7C81318FAE8F8F804792278227B227A327EF80277F80740
:20366A007EF80377F80A2A4F46F8022A5F56CD8C28E1C5F8007EF80677F8017EF80777F8BF
:20368A000C7EF80277F80D7EF803222A4F46F8022A5F56CD8C28E1E5094D44F806792278FB
:2036AA00322B3A2B77F80B7EC55FF8057ECDAB286960C1094D44F806792270F80A7EF8055D
:2036CA005ECDAB28F802792278227EF80B5ECDAB28F80B792278322A4F46F8022A666F092B
:2036EA004D44F80B792270F802799623789E3E0017F80D77F8047EF80A5ECDAB28F804791F
:20370A002270F80A3600F8042A5F567BF80A86235F7A8EF5F8033273F8082A5F56F80EF102
:15372A007B8E235F7A8EF8033273C1C55E2356E808E1E804E954
:19297800218929E5210001E5CD7E27CD8327E804C9FF7FB5564A290000ED
:20373F00C5F8042A575EF8093A473A4F3A666FCDBC37C1C91690F040E61028021680C5F81D
:20375F00042A5F2A4F2A666FCB337BE60F82577BE6F05FD5545DE1CB5C2802CBA40608C554
:20377F001A13D5E52152DE4E2366691E081F380354180155CB3ACB19CB3ACB181D20EEE193
:14379F00F041E60220FA712C7023D1C10520D00D20C5C1C9B0
:20299100D5D1D51AB7281AC5F8065E2356D5F5336960CD2432E803C1F8003420E4233418CA
:2029B100E03333E1F1E93031323334353637383941424344454600E8E0F81E7B2272F81C62
:2029D100792270F81E2A5F561AF81B77B7CA042DD625C2E42CF81E3420022334F81E2A5F61
:2029F100561AD63020062B3420022334F81E2A5F561AC6CFD60930062B3420022334F81EAB
:202A11002A5F561AF810772A77F8227EF81277F8237EF81377F8242A5F5621020019E57DBF
:202A3100F81677E17CF815322A5F562102007B955F7A9CF81732732A23322A2377F8117E5F
:202A5100D658CA322CF8242A4F460359501BF81A7B2272F8117ED663CA122CF8117ED664C3
:202A7100CAA82BF8117ED668281BF8117ED673CAE42BF8117ED675CA6C2BF8117ED678CA25
:202A9100322CC3CD2CF81E3420022334F81E2A5F561AFE58280EFE64CA362BFE752851D65E
:202AB10078C2F92CF824792270F81A2A5F561A4FCB37E60F6F260011B729197EC5F8145EE2
:202AD1002356D5F533F8212A666FCD2432E803C179E60F6F260011B729197EF8125E23561C
:202AF100D5F533F81F2A666FCD2432E803C3F92CF824792270F81A2A5F561A4F1E003E0AD5
:202B1100F53321010039E543C5CD0F38E805F8222A5F56D5F81E2A4F46210200395D54CDB6
:202B31009129C3F92CF824792270F81A2A5F561A4F079F5F3E0AF53321010039E543C5CDD7
:202B51001E38E805F8222A5F56D5F81E2A4F46210200395D54CD9129C3F92CF8147EF8245C
:202B710077F8157EF82577F8182A5F561A4F131A473E0AF53321010039E5C5CD0F38E8056C
:202B9100F8222A5F56D5F81E2A4F46210200395D54CD9129C3F92CF8147EF82477F8157E5D
:202BB100F82577F8182A5F561A4F131A473E0AF53321010039E5C5CD1E38E805F8222A5F7C
:202BD10056D5F81E2A4F46210200395D54CD9129C3F92CF8147EF82477F8157EF82577F834
:202BF100162A5F561AF81A22131A77F8222A5F56D5F81E2A4F46F81C2A5F56CD9129C3F904
:202C11002CF824792270F81A2A5F561AF8225E2356D5F533F81F2A666FCD2432E803C3F977
:202C31002CF8147EF82477F8157EF82577F8182A5F2A23571A4F131A47707ECB37E60F6FAD
:202C5100260011B729197EC5F8145E2356D5F533F8212A666FCD2432E803C1F81B7EE60FA3
:202C71006F260011B729197EC5F8145E2356D5F533F8212A666FCD2432E803C179CB37E639
:202C91000F6F260011B729197EC5F8145E2356D5F533F8212A666FCD2432E803C179E60FFD
:202CB1006F260011B729197EF8125E2356D5F533F81F2A666FCD2432E803182CF8222A5FFD
:202CD10056D5F8127EF533F81F2A666FCD2432E8031815F8222A5F56D5F81D7EF533F81F17
:202CF1002A666FCD2432E803F81E34C2D4292334C3D429E820E1E804E9F8032A4F46696055
:202D11002A6E5F55F8027E1269602A666F237D02037C02C9F8024D44C521080039E5C501BB
:132D31000A2DF80A2A5F56CDC829AFF533CD0A2DE803C92A
:0138E30000E4
:2037B300E5F040E6402809180CE5F040E6082005210098180321009CC5CB33CB037BE603B8
:2037D30084473EE0A3824FE1D1D5C5FA55DE865FF041E60220FA7B022379E6E05F793CE60F
:2037F3001FB34F1520E5C1D11DC8D578E6FC5F3E20814F8891E603B347C518CFC5F8042AB5
:203813005F2A572A4F46CD4138C1C9C5F8042A5F2A572A4F46CD2D38C1C97A8730101F2F51
:20383300577B2F5F133E2D0203CD41381BC9E8FDF802AF323277C50608CB23CB127E8F272D
:20385300227E8F27227E8F27322BCB23CB127E8F27227E8F27227E8F27322B0520DBC1C5BE
:20387300113000F8043AE60FB7280583160102037ECB37E60F8228069283160102033AE6D0
:203893000F8228069283160102037ECB37E60F822804928302037EE60F830203AF02D1E883
:0238B30003C947
:00000001FF
